<?xml version="1.0" encoding="utf-8"?>
<prefix name="shoppro" label="Shop Pro" language_tag="en" language_label="English"><key name="auth_action_label_classifieds"><value>Can add Classifieds</value></key><key name="auth_action_label_shop"><value>Can add products</value></key><key name="auth_group_label"><value>Shop Pro</value></key><key name="bay_change_order_status"><value>Changed order status...</value></key><key name="bay_error_donothavecredits"><value>You do not have Credits for the purchase of the product</value></key><key name="bay_error_item_wassaled"><value>Sold out</value></key><key name="bay_error_notbayselproducts"><value>You can not buy your own products</value></key><key name="bay_error_whilesavingtostore"><value>Unknow error while saving...</value></key><key name="bay_result_canceled"><value>The order was canceled.</value></key><key name="bay_result_ipn_corect"><value>An instant payment notification was successfully recieved. Thank you for your order.</value></key><key name="bay_result_succesfull"><value>Thank you for your order.</value></key><key name="bay_result_succes_noinform"><value>Please contact to Seller, because we could not tell him about the transaction</value></key><key name="bay_succes"><value>The transaction was successful</value></key><key name="bay_succes_bycredits"><value>Purchase completed successfully.&lt;br/&gt;The payment deducted from your account Credit.</value></key><key name="cant_sel_product_acount_type"><value>Currently, Your Account Type is not possible to sell in the store ...</value></key><key name="cat_active"><value>Active</value></key><key name="cat_cat"><value>CatID</value></key><key name="cat_cid"><value>CID</value></key><key name="cat_delete"><value>Delete</value></key><key name="cat_fsubcat"><value>Sub.Cat</value></key><key name="cat_group"><value>ID Group</value></key><key name="cat_id"><value>ID</value></key><key name="cat_order"><value>Order</value></key><key name="cat_title"><value>Category Name</value></key><key name="change_status_error"><value>Unknow ERROR while changing status!</value></key><key name="change_status_succesfull"><value>Change status succesfull</value></key><key name="change_status_to"><value>Change status to</value></key><key name="close_popup"><value>[CLOSE]</value></key><key name="config_add_account_types"><value>Add New Accout Type</value></key><key name="config_global_setting"><value>Global setting</value></key><key name="config_items"><value>How many pieces have listed?</value></key><key name="config_max_cat_title_chars"><value>Max length of the categories</value></key><key name="config_max_inwidget"><value>Max items in Widget</value></key><key name="config_max_product_desc_chars"><value>Desctiption length on the list</value></key><key name="config_max_product_title_chars"><value>Max chars in title (on the list)</value></key><key name="config_max_showperpage"><value>Maximum items on page</value></key><key name="config_mem_cam_all_sale"><value>All members can sale</value></key><key name="config_mode"><value>Mode working</value></key><key name="config_mode_ads_approval"><value>Ads must be approved</value></key><key name="config_mode_inform_seler_for_baing"><value>Notify when purchase</value></key><key name="config_mode_inform_seler_for_baingbyemil"><value>Notify when purchase (by email)</value></key><key name="config_mode_inwidget"><value>Select display mode (in Widget)</value></key><key name="config_mode_membercanpromotion_bypoints"><value>Members can promote using points&lt;br/&gt;(require plugin: "user credits")</value></key><key name="config_mode_membercanseling_bypoints"><value>Members can sale and buy by Credits?&lt;br/&gt;(requier plugin: "user credits")</value></key><key name="config_mode_membercanshell"><value>Members can selling?</value></key><key name="config_mode_membergepointsfrombaing"><value>Add to Members Credit for purchase in the store&lt;br/&gt;(ENTER 0 for DISABLE, requier plugin: "user credits")</value></key><key name="config_mode_membermastpaybyseling"><value>The fee for Issuing in Credits (ENTER 0 for DISABLE) &lt;br/&gt;&#13;
(requier plugin: "user credits")</value></key><key name="config_mode_member_accounttype_cansale"><value>Members with account type can selling</value></key><key name="config_mode_member_role_cansale"><value>What roles can sell</value></key><key name="config_mode_no_memberscanselling"><value>NO</value></key><key name="config_mode_sellingfiles"><value>Allow the sale files</value></key><key name="config_mode_userscansellfiles"><value>YES</value></key><key name="config_mode_userscantsellfiles"><value>NO</value></key><key name="config_mode_woutsidebar"><value>Theme without sidebar</value></key><key name="config_mode_wsidebar"><value>Theme with sidebar</value></key><key name="config_mode_yes_memberscanselling"><value>YES</value></key><key name="config_no"><value>NO</value></key><key name="config_page_on_top_shop"><value>Content info page (empty = disable)</value></key><key name="config_page_on_top_shop_title"><value>Title info page</value></key><key name="config_pay24_account"><value>No. account platnosci24.pl</value></key><key name="config_pay24_account_crc"><value>No. CRC (from panel)</value></key><key name="config_pay24_currency"><value>Curency</value></key><key name="config_paypal_account"><value>PayPal account (e-mail)</value></key><key name="config_paypal_currency"><value>Curency</value></key><key name="config_przelewy24_account"><value>Enter Your Client from prezlewy24.pl</value></key><key name="config_publish_newproduct_onwall"><value>Publish new product on the Wall?</value></key><key name="config_publish_newproduct_onwall_infotect"><value>Added new product in the shop</value></key><key name="config_publish_updateproduct_onwall"><value>Publish update product on the Wall?</value></key><key name="config_publish_updateproduct_onwall_infotect"><value>Update product in the shop</value></key><key name="config_replace_btobr"><value>Convert N to BR</value></key><key name="config_save"><value>Save</value></key><key name="config_select_payments"><value>Select payment method</value></key><key name="config_setuprole_permision"><value>SetUp Role Permission</value></key><key name="config_shopmode_all"><value>Shop + Classifieds</value></key><key name="config_shopmode_classifieds"><value>Classifieds only</value></key><key name="config_shopmode_shop"><value>Shop only</value></key><key name="config_shop_mode"><value>Shop Mode Working</value></key><key name="config_shop_modetheme"><value>What is Your Theme?</value></key><key name="config_show_grid"><value>GRID</value></key><key name="config_show_list"><value>LIST</value></key><key name="config_webtopay_account"><value>Enter Your "sign password" for WebToPay.com</value></key><key name="config_webtopay_account_crc"><value>Payments may be made only by means of WebToPay.com</value></key><key name="config_yes"><value>YES</value></key><key name="confirm_buyaction"><value>Confirm the purchase</value></key><key name="credits_restore_to_mmber"><value>Restore or give</value></key><key name="custom_html_widget_menu"><value>Menu</value></key><key name="edit_categorys_groups"><value>Category/Groups</value></key><key name="error"><value>Unknow Error...</value></key><key name="error_forbaingyoumastpaypoints"><value>The cost of selling is</value></key><key name="error_form_enetertitle"><value>Field Title is required - enter a Title</value></key><key name="error_form_enterdescription"><value>Field Description is required - enter a Description</value></key><key name="error_form_enter_email_seler"><value>Enter Seller email</value></key><key name="error_form_requirepayforsale"><value>Exposure in stock requires payment points - check that you approve this request</value></key><key name="error_form_selectcategory"><value>Field Category is required - select a Category</value></key><key name="error_form_select_classifieds_type"><value>Select Classifieds type</value></key><key name="error_notenought_credits"><value>You have enough credits to Restore/Give specified amount of credits</value></key><key name="error_payment"><value>Unknow Error payment</value></key><key name="error_payment_detect"><value>Error: No payment detect</value></key><key name="error_youhavetosmmalcredits"><value>Do you have not enough credit to sell!</value></key><key name="goback"><value>Back</value></key><key name="group_active"><value>Active</value></key><key name="group_delete"><value>Delete</value></key><key name="group_gid"><value>GID</value></key><key name="group_id"><value>GroupID</value></key><key name="group_order"><value>Order</value></key><key name="group_title"><value>Group Title</value></key><key name="im_readed_and_agree_termofuse"><value>I have read and agree to the rules</value></key><key name="index_page_heading"><value>Shop</value></key><key name="index_page_title"><value>Shop</value></key><key name="info_editcategory"><value>&lt;b&gt;NOTE:&lt;/b&gt;&lt;br/&gt;&#13;
&lt;ul&gt;&#13;
&lt;li&gt;*To add a sub category to category: &lt;b&gt;CID&lt;/b&gt; first read &lt;b&gt;CID&lt;/b&gt; number category you want to add a sub-category and then in the &lt;b&gt;"Sub.Cat"&lt;/b&gt; type this number &lt;/li&gt;&#13;
&lt;li&gt;*Category Name can not be empty &lt;/li&gt;&#13;
&lt;li&gt;*Group Name can not be empty &lt;/li&gt; &lt;li&gt;*Always after making changes, click "Save" to save your changes &lt;/li&gt;&#13;
&lt;li&gt;*To move a category to another group, first read &lt;b&gt;GID&lt;/b&gt; Groups to which you want to move a category and then in the Categories column "Group ID", enter this GID number&lt;/li&gt;&#13;
&lt;/ul&gt;</value></key><key name="last_cost_incredits"><value>Last Price (in Credits)</value></key><key name="main_menu_item"><value>Shop</value></key><key name="map"><value>Map</value></key><key name="map_lan"><value>Longitude</value></key><key name="map_lat"><value>Latitude</value></key><key name="max_product_desc_chars"><value>Max desc length (on the list)</value></key><key name="member_was_buy_item"><value>&lt;a href="{$producturl}"&gt;Has bought the product&lt;/a&gt;</value></key><key name="member_was_buy_item_url"><value>&lt;a href="{$producturl}"&gt;Has bought the product&lt;/a&gt;</value></key><key name="menu_addnew_cat"><value>Add new cat</value></key><key name="menu_colbut_color_from_to"><value>Menu "Group button" gradient from/to</value></key><key name="menu_colbut_color_hover"><value>Menu background color when "Hover"</value></key><key name="menu_colbut_color_open"><value>Menu background color when "Open"</value></key><key name="menu_colbut_color_shadow"><value>Menu Color text shadow</value></key><key name="menu_colbut_color_text"><value>Menu Color button text</value></key><key name="menu_delete_cat"><value>Delete cat</value></key><key name="menu_edit_cat"><value>Edit cat</value></key><key name="notfoundseleraccount"><value>Not found the Seller account...</value></key><key name="notification_string"><value>&lt;a href="{$actorUrl}"&gt;{$actor}&lt;/a&gt; bought the product: &lt;a href="{$url}"&gt;"{$title}"&lt;/a&gt;</value></key><key name="notification_string_update"><value>&lt;a href="{$actorUrl}"&gt;{$actor}&lt;/a&gt; updated product: &lt;a href="{$url}"&gt;"{$title}"&lt;/a&gt;</value></key><key name="notyfy_sel_message"><value>Welcome {$username},&#13;
&#13;
Then someone made ​​a purchase from you in the store {$sitename}. Go to: {$siteurl} and learn more ...&#13;
&#13;
Do not reply to this email had.</value></key><key name="notyfy_sel_subject"><value>Then someone made ​​a purchase from you...</value></key><key name="op_currency"><value></value></key><key name="op_currencyx"><value>Cur</value></key><key name="op_info_options"><value>The product can add up to 10 options. Options include color, size, quantity per package, etc. Each option has its price, currency, quantity in stock (or unlimited - check the last column)</value></key><key name="op_inlimited"><value>infin</value></key><key name="op_inlimitedx"><value>∞</value></key><key name="op_items"><value>Qty</value></key><key name="op_lp"><value>No.</value></key><key name="op_name"><value>Name</value></key><key name="op_price"><value>Price</value></key><key name="payment_accepted"><value>Payment accepted</value></key><key name="payment_accepted_additional_payment_information"><value>Payment not accepted ...additional payment information...</value></key><key name="payment_accepted_but_not_committed"><value>Payment accepted but not committed</value></key><key name="payment_accepted_not_committed"><value>Payment accepted not committed</value></key><key name="payment_accepted_was_successful"><value>Payment accepted was successful</value></key><key name="payment_canceled"><value>Payment Canceled</value></key><key name="price_one"><value>One price</value></key><key name="price_options"><value>Price of the option</value></key><key name="product_accepted"><value>Accept payment for this product</value></key><key name="product_agree_for_dec_credits"><value>Please debit my account point</value></key><key name="product_available"><value>Available</value></key><key name="product_baypromotion_for_points"><value>Enter the number of points that you want to buy a promotion</value></key><key name="product_baypromotion_for_points_info"><value>Acts as auction: who will give more, this product will be the first.&#13;
&lt;br/&gt;&lt;b&gt;NOTE: After saving NO RETURNS OR CHANGE OF POINTS!&lt;/b&gt;</value></key><key name="product_buy_credits"><value>Buy credits</value></key><key name="product_classifieds"><value>This is Calssifieds.</value></key><key name="product_classifiedss"><value>Ask Seller</value></key><key name="product_classifieds_title"><value>In order to finalize contact the bidder...</value></key><key name="product_condition"><value>Product Condition</value></key><key name="product_condition_na"><value>NA</value></key><key name="product_condition_new"><value>New</value></key><key name="product_condition_used"><value>Used</value></key><key name="product_confirm_baynow"><value>Buy now</value></key><key name="product_confirm_buy_action_description">
<value>After click "Buy Now" you will be taken to the payment page.&#13;
&#13;
By clicking the "Buy Now" You confirm the purchase and confirm that you have read the rules of the store and agree</value></key>
<key name="product_confirm_buy_action_description_mail"><value>Confirm that you are interested in Classified. Do You want contact to Seller by sendding P.M.?</value></key><key name="product_confirm_buy_action_information"><value>I confirm willingness to purchase:</value></key><key name="product_confirm_buy_action_information_mail"><value>Contact to Seller</value></key><key name="product_confirm_cancel"><value>Cancel</value></key><key name="product_credits"><value>credits</value></key><key name="product_curent_status"><value>Current status of the product is</value></key><key name="product_error_noforsale"><value>Not for sale!</value></key><key name="product_filter_status"><value>Filter status</value></key><key name="product_info_cost_sale"><value>The cost of anything for sale are</value></key><key name="product_location"><value>Location</value></key><key name="product_loginfirst"><value>Login first!</value></key><key name="product_map_location"><value>Position on the map</value></key><key name="product_notaccepted"><value>Cancel the payment for this product</value></key><key name="product_not_found"><value>No found products...</value></key><key name="product_not_found_orwaitingforaprove"><value>The product has been sold or the product is expected to Approved</value></key><key name="product_order_status"><value>Status</value></key><key name="product_path"><value>Path</value></key><key name="product_require"><value>Require</value></key><key name="product_save_new_status"><value>Save New Status</value></key><key name="product_select_type_classifieds"><value>Select Classifieds type</value></key><key name="product_showfromaallcategory"><value>From All Categories</value></key><key name="product_showfromallcategory"><value>Category</value></key><key name="product_show_all"><value>All</value></key><key name="product_status_delivered"><value>DELIVERED</value></key><key name="product_status_error"><value>ERROR</value></key><key name="product_status_init"><value>INIT</value></key><key name="product_status_prepared"><value>PREPERED</value></key><key name="product_status_processing"><value>PROCESSING</value></key><key name="product_status_verified"><value>VERIFIED</value></key><key name="product_table_actionstore"><value>Action</value></key><key name="product_table_active"><value>Active</value></key><key name="product_table_addnewproduct"><value>Add new product</value></key><key name="product_table_add_type_classified"><value>Classifieds mode</value></key><key name="product_table_add_type_paybaycredits"><value>Payment via Credits</value></key><key name="product_table_add_type_shop"><value>Shop mode</value></key><key name="product_table_adstype"><value>Sale Mode</value></key><key name="product_table_adstype_info"><value>Classifieds - without cart &lt;br/&gt;&#13;
Payment via Credits - Pament using Credits from this website&lt;br/&gt;&#13;
Shop - the opportunity to buy online (such as PayPal)</value></key><key name="product_table_approvedlist"><value>Pending Approval</value></key><key name="product_table_baynow"><value>Buy Now!</value></key><key name="product_table_bayusingcredits"><value>Pay Your Credits</value></key><key name="product_table_bayusingcreditspay"><value>Pay</value></key><key name="product_table_category"><value>Category</value></key><key name="product_table_change_status"><value>Change product status</value></key><key name="product_table_confirm_paycredit"><value>Confirm that you want to pay the Credit from your account.\n\nDo you charge your account for</value></key><key name="product_table_contactseler"><value>Contact to Seller</value></key><key name="product_table_contacttoseler"><value>Contact to Seller</value></key><key name="product_table_days"><value>Days</value></key><key name="product_table_del"><value>Delete</value></key><key name="product_table_delete"><value>Delete this product</value></key><key name="product_table_deleted"><value>Deleted</value></key><key name="product_table_deletefile"><value>Delete file</value></key><key name="product_table_deleteimage"><value>Delete image</value></key><key name="product_table_description"><value>Description</value></key><key name="product_table_disapprov"><value>Disapproved</value></key><key name="product_table_doapprov"><value>Approved</value></key><key name="product_table_edit"><value>Edit this product</value></key><key name="product_table_filefordownload"><value>File for download</value></key><key name="product_table_filefordownload_download"><value>Download</value></key><key name="product_table_filefordownload_notexist"><value>Contact the seller</value></key><key name="product_table_isfilefordownload"><value>Exist file for download</value></key><key name="product_table_moderation"><value>Moderation</value></key><key name="product_table_next"><value>Next</value></key><key name="product_table_nofileinthisproduct"><value>The product does not contain a file to download</value></key><key name="product_table_noitems"><value>No items to display...</value></key><key name="product_table_paynow"><value>Pay Now</value></key><key name="product_table_prev"><value>Preview</value></key><key name="product_table_price"><value>Price</value></key><key name="product_table_procuctfile"><value>File for sale</value></key><key name="product_table_procuctimage"><value>Product image</value></key><key name="product_table_product_free"><value>Free</value></key><key name="product_table_select"><value>Select</value></key><key name="product_table_select_new_status"><value>Select new product status</value></key><key name="product_table_seler"><value>Seller</value></key><key name="product_table_selyourproduct"><value>Add Product</value></key><key name="product_table_showbasket"><value>Your Basket</value></key><key name="product_table_showmyitems"><value>My Products</value></key><key name="product_table_showorder"><value>Orders List</value></key><key name="product_table_sort"><value>Sort</value></key><key name="product_table_timepublish"><value>How much time you publish it</value></key><key name="product_table_title"><value>Title</value></key><key name="product_table_unlimited"><value>Indefinitely</value></key><key name="product_table_username"><value>Buyer</value></key><key name="product_table_wasdownloaded"><value>Downloaded</value></key><key name="product_type_classifieds"><value>Classifieds type</value></key><key name="product_wanted"><value>Wanted</value></key><key name="product_was_deleted"><value>Product was deleted!</value></key><key name="product_youhave_credits"><value>Your Credits</value></key><key name="product_youhave_points"><value>Your points</value></key><key name="qestion_anuluj_payment"><value>Cancel the payment?</value></key><key name="question_aprove_payment"><value>Accepted this payment?</value></key><key name="return_credit_succesfull"><value>Return/Give Credits was succesfull!</value></key><key name="save"><value>Save</value></key><key name="saved_succesfull"><value>Saved succesfull</value></key><key name="seller_setting"><value>Setting</value></key><key name="show_location"><value>Show Location</value></key><key name="termofuse"><value>Term of use</value></key><key name="tothismember"><value>to this User</value></key>
<key name="send_post"><value>Send</value></key>
<key name="post_reply"><value>Add/Replay Comment</value></key>
<key name="your_rate"><value>Your rate</value></key>
<key name="total_rate"><value>Total rate</value></key>
<key name="comments"><value>Comments</value></key>
<key name="turnon_comentsandrate_ex"><value>Turn ON experimental option (Comments and Rate)</value></key>
<key name="turnon_comentsandrate"><value>Turn ON Comments and Rate</value></key>
<key name="wasupdaterate"><value>&lt;a href="{$producturl}"&gt;Was change Rate&lt;/a&gt;</value></key>
<key name="wasrated"><value>&lt;a href="{$producturl}"&gt;Was rated&lt;/a&gt;</value></key>
<key name="productwascommented"><value>&lt;a href="{$producturl}"&gt;Product was commnted&lt;/a&gt;</value></key>
<key name="hint_bad"><value>Bad</value></key>
<key name="poor"><value>Poor</value></key>
<key name="hint_regular"><value>Regular</value></key>
<key name="hint_good"><value>Good</value></key>
<key name="hint_gorgeous"><value>Super</value></key>
<key name="product_table_showbasket_mypursages"><value>My Purchases</value></key>
<key name="config_paypal_currency_default"><value>Default payment curency</value></key>
<key name="recently_added"><value>Recently</value></key>
<key name="shop_slider"><value>Recently added</value></key>
<key name="more"><value>More</value></key>
<key name="product_table_contactseler_claimnow"><value>Claim Now</value></key>
<key name="auth_action_label_addshopproduct"><value>Sell product</value></key>
<key name="auth_action_label_addclassifieds"><value>Add classifieds</value></key>
</prefix>
