-- phpMyAdmin SQL Dump
-- version 4.1.8
-- http://www.phpmyadmin.net
--
-- Host: localhost
-- Generation Time: May 15, 2015 at 05:49 AM
-- Server version: 5.5.41-cll-lve
-- PHP Version: 5.4.23

SET SQL_MODE = "NO_AUTO_VALUE_ON_ZERO";
SET time_zone = "+00:00";


/*!40101 SET @OLD_CHARACTER_SET_CLIENT=@@CHARACTER_SET_CLIENT */;
/*!40101 SET @OLD_CHARACTER_SET_RESULTS=@@CHARACTER_SET_RESULTS */;
/*!40101 SET @OLD_COLLATION_CONNECTION=@@COLLATION_CONNECTION */;
/*!40101 SET NAMES utf8 */;

--
-- Database: `makasxtl_oxwa828`
--

-- --------------------------------------------------------

--
-- Table structure for table `ow_base_attachment`
--

CREATE TABLE IF NOT EXISTS `ow_base_attachment` (
  `id` int(11) NOT NULL AUTO_INCREMENT,
  `userId` int(11) NOT NULL,
  `addStamp` int(11) NOT NULL,
  `status` tinyint(1) NOT NULL DEFAULT '0',
  `fileName` varchar(100) DEFAULT NULL,
  `origFileName` varchar(100) DEFAULT NULL,
  `size` int(11) NOT NULL DEFAULT '0',
  `bundle` varchar(128) DEFAULT NULL,
  `pluginKey` varchar(100) DEFAULT NULL,
  PRIMARY KEY (`id`),
  KEY `userId` (`userId`),
  KEY `bundle` (`bundle`),
  KEY `pluginKey` (`pluginKey`),
  KEY `userId_2` (`userId`),
  KEY `bundle_2` (`bundle`)
) ENGINE=MyISAM  DEFAULT CHARSET=utf8 AUTO_INCREMENT=2 ;

--
-- Dumping data for table `ow_base_attachment`
--

INSERT INTO `ow_base_attachment` (`id`, `userId`, `addStamp`, `status`, `fileName`, `origFileName`, `size`, `bundle`, `pluginKey`) VALUES
(1, 9, 1430956154, 1, '554aa87a492b2_1430956128294-1091094770.jpg', '1430956128294-1091094770.jpg', 102, 'user-status_5_20197325', 'newsfeed');

-- --------------------------------------------------------

--
-- Table structure for table `ow_base_authorization_action`
--

CREATE TABLE IF NOT EXISTS `ow_base_authorization_action` (
  `id` int(11) NOT NULL AUTO_INCREMENT,
  `groupId` int(11) NOT NULL,
  `name` varchar(255) NOT NULL,
  `availableForGuest` tinyint(1) NOT NULL DEFAULT '1',
  PRIMARY KEY (`id`),
  UNIQUE KEY `groupId` (`groupId`,`name`)
) ENGINE=MyISAM  DEFAULT CHARSET=utf8 AUTO_INCREMENT=202 ;

--
-- Dumping data for table `ow_base_authorization_action`
--

INSERT INTO `ow_base_authorization_action` (`id`, `groupId`, `name`, `availableForGuest`) VALUES
(11, 6, 'add_comment', 0),
(67, 6, 'search_users', 1),
(171, 6, 'view_profile', 1),
(172, 8, 'add_comment', 0),
(173, 8, 'allow_status_update', 0),
(174, 9, 'view', 1),
(175, 9, 'edit', 0),
(176, 9, 'subscribe', 0),
(177, 10, 'add_comment', 0),
(178, 10, 'create', 0),
(179, 10, 'view', 1),
(180, 11, 'upload', 0),
(181, 11, 'view', 1),
(182, 11, 'add_comment', 0),
(183, 12, 'add', 0),
(184, 12, 'view', 1),
(185, 12, 'add_comment', 0),
(186, 13, 'add_event', 0),
(187, 13, 'view_event', 1),
(188, 13, 'add_comment', 0),
(189, 14, 'add_friend', 0),
(190, 15, 'read_message', 0),
(191, 15, 'send_message', 0),
(192, 15, 'reply_to_message', 0),
(193, 15, 'read_chat_message', 0),
(194, 15, 'send_chat_message', 0),
(195, 15, 'reply_to_chat_message', 0),
(200, 18, 'addshopproduct', 0),
(201, 18, 'addclassifieds', 0);

-- --------------------------------------------------------

--
-- Table structure for table `ow_base_authorization_group`
--

CREATE TABLE IF NOT EXISTS `ow_base_authorization_group` (
  `id` int(11) NOT NULL AUTO_INCREMENT,
  `name` varchar(100) NOT NULL,
  `moderated` tinyint(1) NOT NULL DEFAULT '1',
  PRIMARY KEY (`id`),
  UNIQUE KEY `name` (`name`)
) ENGINE=MyISAM  DEFAULT CHARSET=utf8 AUTO_INCREMENT=19 ;

--
-- Dumping data for table `ow_base_authorization_group`
--

INSERT INTO `ow_base_authorization_group` (`id`, `name`, `moderated`) VALUES
(3, 'rate', 0),
(6, 'base', 1),
(7, 'admin', 1),
(8, 'newsfeed', 1),
(9, 'forum', 1),
(10, 'groups', 1),
(11, 'photo', 1),
(12, 'video', 1),
(13, 'event', 1),
(14, 'friends', 0),
(15, 'mailbox', 0),
(18, 'shoppro', 1);

-- --------------------------------------------------------

--
-- Table structure for table `ow_base_authorization_moderator`
--

CREATE TABLE IF NOT EXISTS `ow_base_authorization_moderator` (
  `id` int(11) NOT NULL AUTO_INCREMENT,
  `userId` int(11) NOT NULL,
  PRIMARY KEY (`id`),
  UNIQUE KEY `userId` (`userId`)
) ENGINE=MyISAM  DEFAULT CHARSET=utf8 AUTO_INCREMENT=2 ;

--
-- Dumping data for table `ow_base_authorization_moderator`
--

INSERT INTO `ow_base_authorization_moderator` (`id`, `userId`) VALUES
(1, 1);

-- --------------------------------------------------------

--
-- Table structure for table `ow_base_authorization_moderator_permission`
--

CREATE TABLE IF NOT EXISTS `ow_base_authorization_moderator_permission` (
  `id` int(11) NOT NULL AUTO_INCREMENT,
  `moderatorId` int(11) NOT NULL,
  `groupId` int(11) NOT NULL,
  PRIMARY KEY (`id`),
  KEY `moderatorId` (`moderatorId`),
  KEY `groupId` (`groupId`)
) ENGINE=MyISAM  DEFAULT CHARSET=utf8 AUTO_INCREMENT=3 ;

--
-- Dumping data for table `ow_base_authorization_moderator_permission`
--

INSERT INTO `ow_base_authorization_moderator_permission` (`id`, `moderatorId`, `groupId`) VALUES
(1, 1, 6),
(2, 1, 7);

-- --------------------------------------------------------

--
-- Table structure for table `ow_base_authorization_permission`
--

CREATE TABLE IF NOT EXISTS `ow_base_authorization_permission` (
  `id` int(11) NOT NULL AUTO_INCREMENT,
  `actionId` int(11) NOT NULL,
  `roleId` int(11) NOT NULL,
  PRIMARY KEY (`id`),
  UNIQUE KEY `actionId` (`actionId`,`roleId`)
) ENGINE=MyISAM  DEFAULT CHARSET=utf8 AUTO_INCREMENT=42 ;

--
-- Dumping data for table `ow_base_authorization_permission`
--

INSERT INTO `ow_base_authorization_permission` (`id`, `actionId`, `roleId`) VALUES
(1, 67, 12),
(2, 67, 13),
(3, 67, 14),
(4, 171, 1),
(5, 171, 12),
(6, 171, 13),
(7, 171, 14),
(8, 172, 12),
(9, 172, 13),
(10, 172, 14),
(11, 181, 1),
(12, 181, 12),
(13, 181, 13),
(14, 181, 14),
(15, 182, 12),
(16, 182, 13),
(17, 182, 14),
(18, 183, 13),
(19, 184, 1),
(20, 184, 12),
(21, 184, 13),
(22, 184, 14),
(23, 190, 12),
(24, 190, 13),
(25, 190, 14),
(26, 191, 12),
(27, 191, 13),
(28, 191, 14),
(29, 192, 12),
(30, 192, 13),
(31, 192, 14),
(32, 193, 12),
(33, 193, 13),
(34, 193, 14),
(35, 194, 12),
(36, 194, 13),
(37, 194, 14),
(38, 195, 12),
(39, 195, 13),
(40, 195, 14),
(41, 200, 13);

-- --------------------------------------------------------

--
-- Table structure for table `ow_base_authorization_role`
--

CREATE TABLE IF NOT EXISTS `ow_base_authorization_role` (
  `id` int(11) NOT NULL AUTO_INCREMENT,
  `name` varchar(50) NOT NULL,
  `sortOrder` int(11) NOT NULL,
  `displayLabel` tinyint(1) DEFAULT '0',
  `custom` varchar(255) DEFAULT NULL,
  PRIMARY KEY (`id`),
  UNIQUE KEY `name` (`name`)
) ENGINE=MyISAM  DEFAULT CHARSET=utf8 AUTO_INCREMENT=15 ;

--
-- Dumping data for table `ow_base_authorization_role`
--

INSERT INTO `ow_base_authorization_role` (`id`, `name`, `sortOrder`, `displayLabel`, `custom`) VALUES
(1, 'guest', 0, 0, NULL),
(12, 'wqewq', 1, 0, NULL),
(13, 'home_chef', 2, 1, 'rgb(4, 99, 128)'),
(14, 'delivery_man', 3, 1, 'rgb(255, 137, 57)');

-- --------------------------------------------------------

--
-- Table structure for table `ow_base_authorization_user_role`
--

CREATE TABLE IF NOT EXISTS `ow_base_authorization_user_role` (
  `id` int(11) NOT NULL AUTO_INCREMENT,
  `userId` int(11) NOT NULL,
  `roleId` int(11) NOT NULL,
  PRIMARY KEY (`id`),
  UNIQUE KEY `user2role` (`userId`,`roleId`),
  KEY `userId` (`userId`),
  KEY `roleId` (`roleId`)
) ENGINE=MyISAM  DEFAULT CHARSET=utf8 AUTO_INCREMENT=19 ;

--
-- Dumping data for table `ow_base_authorization_user_role`
--

INSERT INTO `ow_base_authorization_user_role` (`id`, `userId`, `roleId`) VALUES
(1, 1, 12),
(2, 2, 12),
(3, 3, 12),
(14, 4, 12),
(5, 5, 12),
(6, 6, 12),
(12, 7, 12),
(8, 8, 12),
(10, 9, 12),
(11, 9, 13),
(13, 7, 13),
(15, 4, 14),
(17, 10, 12),
(18, 10, 13);

-- --------------------------------------------------------

--
-- Table structure for table `ow_base_avatar`
--

CREATE TABLE IF NOT EXISTS `ow_base_avatar` (
  `id` int(11) NOT NULL AUTO_INCREMENT,
  `userId` int(11) NOT NULL,
  `hash` int(11) NOT NULL DEFAULT '0',
  `status` varchar(32) NOT NULL DEFAULT 'active',
  PRIMARY KEY (`id`),
  UNIQUE KEY `userId` (`userId`)
) ENGINE=MyISAM  DEFAULT CHARSET=utf8 COMMENT='utf8_general_ci' AUTO_INCREMENT=10 ;

--
-- Dumping data for table `ow_base_avatar`
--

INSERT INTO `ow_base_avatar` (`id`, `userId`, `hash`, `status`) VALUES
(1, 2, 1430464030, 'active'),
(2, 3, 1430464220, 'active'),
(3, 4, 1430464339, 'active'),
(4, 5, 1430464451, 'active'),
(5, 6, 1430464556, 'active'),
(6, 7, 1430464669, 'active'),
(7, 8, 1430464781, 'active'),
(8, 9, 1430464871, 'active'),
(9, 1, 1430501043, 'active');

-- --------------------------------------------------------

--
-- Table structure for table `ow_base_billing_gateway`
--

CREATE TABLE IF NOT EXISTS `ow_base_billing_gateway` (
  `id` int(11) NOT NULL AUTO_INCREMENT,
  `gatewayKey` varchar(50) NOT NULL,
  `adapterClassName` varchar(100) NOT NULL,
  `active` tinyint(1) NOT NULL DEFAULT '0',
  `mobile` tinyint(1) NOT NULL DEFAULT '0',
  `recurring` tinyint(1) NOT NULL DEFAULT '0',
  `dynamic` tinyint(1) DEFAULT '1',
  `hidden` tinyint(1) NOT NULL DEFAULT '0',
  `currencies` varchar(255) NOT NULL,
  PRIMARY KEY (`id`),
  UNIQUE KEY `gatewayKey` (`gatewayKey`)
) ENGINE=MyISAM DEFAULT CHARSET=utf8 AUTO_INCREMENT=1 ;

-- --------------------------------------------------------

--
-- Table structure for table `ow_base_billing_gateway_config`
--

CREATE TABLE IF NOT EXISTS `ow_base_billing_gateway_config` (
  `id` int(10) NOT NULL AUTO_INCREMENT,
  `gatewayId` int(10) NOT NULL,
  `name` varchar(50) NOT NULL,
  `value` varchar(255) DEFAULT NULL,
  PRIMARY KEY (`id`)
) ENGINE=MyISAM DEFAULT CHARSET=utf8 AUTO_INCREMENT=1 ;

-- --------------------------------------------------------

--
-- Table structure for table `ow_base_billing_gateway_product`
--

CREATE TABLE IF NOT EXISTS `ow_base_billing_gateway_product` (
  `id` int(10) NOT NULL AUTO_INCREMENT,
  `gatewayId` int(10) NOT NULL,
  `pluginKey` varchar(255) NOT NULL,
  `entityType` varchar(50) NOT NULL,
  `entityId` int(10) NOT NULL,
  `productId` varchar(255) DEFAULT NULL,
  PRIMARY KEY (`id`)
) ENGINE=MyISAM DEFAULT CHARSET=utf8 AUTO_INCREMENT=1 ;

-- --------------------------------------------------------

--
-- Table structure for table `ow_base_billing_product`
--

CREATE TABLE IF NOT EXISTS `ow_base_billing_product` (
  `id` int(11) NOT NULL AUTO_INCREMENT,
  `productKey` varchar(255) NOT NULL,
  `adapterClassName` varchar(100) NOT NULL,
  `active` tinyint(1) NOT NULL DEFAULT '0',
  PRIMARY KEY (`id`),
  UNIQUE KEY `productKey` (`productKey`)
) ENGINE=MyISAM DEFAULT CHARSET=utf8 AUTO_INCREMENT=1 ;

-- --------------------------------------------------------

--
-- Table structure for table `ow_base_billing_sale`
--

CREATE TABLE IF NOT EXISTS `ow_base_billing_sale` (
  `id` int(11) NOT NULL AUTO_INCREMENT,
  `hash` varchar(32) NOT NULL,
  `pluginKey` varchar(255) DEFAULT NULL,
  `entityKey` varchar(50) NOT NULL,
  `entityId` int(10) DEFAULT NULL,
  `entityDescription` varchar(255) DEFAULT NULL,
  `gatewayId` int(11) NOT NULL,
  `userId` int(11) DEFAULT NULL,
  `transactionUid` varchar(32) DEFAULT NULL,
  `price` float(9,3) NOT NULL,
  `period` int(10) DEFAULT NULL,
  `quantity` int(10) NOT NULL,
  `totalAmount` float(9,3) NOT NULL DEFAULT '0.000',
  `currency` varchar(3) NOT NULL,
  `recurring` tinyint(1) NOT NULL DEFAULT '0',
  `status` enum('init','prepared','verified','delivered','processing','error') NOT NULL DEFAULT 'init',
  `timeStamp` int(10) NOT NULL DEFAULT '0',
  `extraData` text,
  PRIMARY KEY (`id`),
  KEY `entityKey` (`entityKey`),
  KEY `entityId` (`entityId`),
  KEY `userId` (`userId`),
  KEY `status` (`status`)
) ENGINE=MyISAM  DEFAULT CHARSET=utf8 AUTO_INCREMENT=7 ;

--
-- Dumping data for table `ow_base_billing_sale`
--

INSERT INTO `ow_base_billing_sale` (`id`, `hash`, `pluginKey`, `entityKey`, `entityId`, `entityDescription`, `gatewayId`, `userId`, `transactionUid`, `price`, `period`, `quantity`, `totalAmount`, `currency`, `recurring`, `status`, `timeStamp`, `extraData`) VALUES
(3, '58e5f7282897619b11ab77573c8c822f', 'shoppro_product', 'Sisling Sisig', 300, 'Sisling Sisig', 2, 10, NULL, 10.000, NULL, 1, 10.000, 'SGD', 0, 'error', 1431078869, NULL),
(4, '06b46cfce010b4182debb6cd86b8a685', 'shoppro_product', 'Dosa', 301, 'Home Delivery; Dosa', 2, 10, NULL, 39.000, NULL, 1, 39.000, 'SGD', 0, 'error', 1431199631, NULL),
(5, 'b96b173fc3699ceaceea9e9fd2817a02', 'shoppro_product', 'Dosa', 301, 'Home Delivery; Dosa', 2, 10, NULL, 39.000, NULL, 1, 39.000, 'SGD', 0, 'error', 1431201543, NULL),
(6, '3fc8eb3a99b99391f7527f1333c55ad7', 'shoppro_product', 'Dosa', 301, 'Pickup; Dosa', 2, 9, NULL, 29.000, NULL, 1, 29.000, 'SGD', 0, 'init', 1431267102, NULL);

-- --------------------------------------------------------

--
-- Table structure for table `ow_base_cache`
--

CREATE TABLE IF NOT EXISTS `ow_base_cache` (
  `id` int(11) NOT NULL AUTO_INCREMENT,
  `key` varchar(255) NOT NULL,
  `content` longtext NOT NULL,
  `expireTimestamp` int(11) NOT NULL,
  `instantLoad` tinyint(1) NOT NULL DEFAULT '0',
  PRIMARY KEY (`id`),
  KEY `key_index` (`key`),
  KEY `expire_index` (`expireTimestamp`)
) ENGINE=MyISAM DEFAULT CHARSET=utf8 AUTO_INCREMENT=1 ;

-- --------------------------------------------------------

--
-- Table structure for table `ow_base_cache_tag`
--

CREATE TABLE IF NOT EXISTS `ow_base_cache_tag` (
  `id` int(11) NOT NULL AUTO_INCREMENT,
  `tag` varchar(255) NOT NULL,
  `cacheId` int(11) NOT NULL,
  PRIMARY KEY (`id`),
  KEY `tag_index` (`tag`),
  KEY `cacheId_index` (`cacheId`)
) ENGINE=MyISAM DEFAULT CHARSET=utf8 AUTO_INCREMENT=1 ;

-- --------------------------------------------------------

--
-- Table structure for table `ow_base_comment`
--

CREATE TABLE IF NOT EXISTS `ow_base_comment` (
  `id` int(11) NOT NULL AUTO_INCREMENT,
  `userId` int(11) NOT NULL,
  `commentEntityId` int(11) NOT NULL,
  `message` text NOT NULL,
  `createStamp` int(11) NOT NULL,
  `attachment` text,
  PRIMARY KEY (`id`),
  KEY `userId` (`userId`),
  KEY `commentEntityId` (`commentEntityId`)
) ENGINE=MyISAM  DEFAULT CHARSET=utf8 AUTO_INCREMENT=11 ;

--
-- Dumping data for table `ow_base_comment`
--

INSERT INTO `ow_base_comment` (`id`, `userId`, `commentEntityId`, `message`, `createStamp`, `attachment`) VALUES
(1, 9, 1, 'Thank you...', 1430466049, NULL),
(2, 1, 2, 'nice...', 1430466255, NULL),
(3, 1, 3, 'does it make sense ?', 1430468106, NULL),
(8, 7, 7, 'nice info...', 1430833642, NULL),
(7, 7, 3, 'haha', 1430826536, NULL),
(9, 9, 7, '', 1430956158, '{"uid":"user-status_5_20197325","pluginKey":"newsfeed","url":"http:\\/\\/makantoday.com\\/EDMW\\/ow_userfiles\\/plugins\\/base\\/attachments\\/554aa87a492b2_1430956128294-1091094770.jpg","href":"http:\\/\\/makantoday.com\\/EDMW\\/ow_userfiles\\/plugins\\/base\\/attachments\\/554aa87a492b2_1430956128294-1091094770.jpg","type":"photo"}'),
(10, 1, 7, 'Haha', 1431268432, NULL);

-- --------------------------------------------------------

--
-- Table structure for table `ow_base_comment_entity`
--

CREATE TABLE IF NOT EXISTS `ow_base_comment_entity` (
  `id` int(11) NOT NULL AUTO_INCREMENT,
  `entityType` varchar(255) NOT NULL,
  `entityId` int(11) NOT NULL,
  `pluginKey` varchar(100) NOT NULL,
  `active` tinyint(4) NOT NULL DEFAULT '1',
  PRIMARY KEY (`id`),
  UNIQUE KEY `entityType` (`entityType`,`entityId`),
  KEY `pluginKey` (`pluginKey`)
) ENGINE=MyISAM  DEFAULT CHARSET=utf8 AUTO_INCREMENT=8 ;

--
-- Dumping data for table `ow_base_comment_entity`
--

INSERT INTO `ow_base_comment_entity` (`id`, `entityType`, `entityId`, `pluginKey`, `active`) VALUES
(1, 'user_join', 9, 'base', 1),
(2, 'photo_comments', 1, 'photo', 1),
(3, 'user-status', 2, 'newsfeed', 1),
(7, 'user-status', 5, 'newsfeed', 1);

-- --------------------------------------------------------

--
-- Table structure for table `ow_base_component`
--

CREATE TABLE IF NOT EXISTS `ow_base_component` (
  `id` int(11) NOT NULL AUTO_INCREMENT,
  `className` varchar(50) NOT NULL,
  `clonable` tinyint(1) NOT NULL DEFAULT '0',
  UNIQUE KEY `id` (`id`)
) ENGINE=MyISAM  DEFAULT CHARSET=utf8 AUTO_INCREMENT=816 ;

--
-- Dumping data for table `ow_base_component`
--

INSERT INTO `ow_base_component` (`id`, `className`, `clonable`) VALUES
(70, 'BASE_CMP_AboutMeWidget', 0),
(69, 'BASE_CMP_RssWidget', 1),
(68, 'BASE_CMP_UserViewWidget', 0),
(67, 'BASE_CMP_JoinNowWidget', 0),
(66, 'BASE_CMP_ProfileWallWidget', 0),
(65, 'BASE_CMP_UserAvatarWidget', 0),
(64, 'BASE_CMP_IndexWallWidget', 0),
(61, 'BASE_CMP_AddNewContent', 0),
(62, 'BASE_CMP_CustomHtmlWidget', 1),
(63, 'BASE_CMP_UserListWidget', 0),
(207, 'BASE_CMP_MyAvatarWidget', 0),
(761, 'BASE_CMP_QuickLinksWidget', 0),
(762, 'BASE_MCMP_CustomHtmlWidget', 1),
(763, 'BASE_MCMP_RssWidget', 1),
(764, 'BASE_MCMP_UserListWidget', 0),
(765, 'BASE_CMP_ModerationToolsWidget', 0),
(766, 'BASE_CMP_WelcomeWidget', 0),
(767, 'NEWSFEED_CMP_MyFeedWidget', 0),
(768, 'NEWSFEED_CMP_UserFeedWidget', 0),
(769, 'NEWSFEED_CMP_SiteFeedWidget', 0),
(790, 'FOLLOWLIST_CMP_UserFollowersWidget', 0),
(772, 'GROUPS_CMP_JoinButtonWidget', 0),
(773, 'GROUPS_CMP_BriefInfoWidget', 0),
(774, 'GROUPS_CMP_UserListWidget', 0),
(775, 'GROUPS_CMP_LeaveButtonWidget', 0),
(776, 'GROUPS_CMP_WallWidget', 0),
(777, 'GROUPS_CMP_InviteWidget', 0),
(811, 'SHOPPRO_CMP_IndexWidget', 0),
(780, 'NEWSFEED_CMP_EntityFeedWidget', 0),
(781, 'PHOTO_CMP_PhotoListWidget', 0),
(782, 'PHOTO_CMP_UserPhotoAlbumsWidget', 0),
(789, 'VIDEO_CMP_UserVideoListWidget', 0),
(788, 'VIDEO_CMP_VideoListWidget', 0),
(812, 'SHOPPRO_CMP_IndexSlider', 0),
(813, 'SHOPPRO_CMP_IndexSliderd', 0),
(814, 'SHOPPRO_CMP_IndexWidgetprofile', 0),
(815, 'SHOPPRO_CMP_IndexWidgetprofileaddres', 0);

-- --------------------------------------------------------

--
-- Table structure for table `ow_base_component_entity_place`
--

CREATE TABLE IF NOT EXISTS `ow_base_component_entity_place` (
  `id` int(11) NOT NULL AUTO_INCREMENT,
  `componentId` int(11) NOT NULL,
  `placeId` int(11) NOT NULL,
  `clone` tinyint(4) NOT NULL DEFAULT '0',
  `entityId` int(11) NOT NULL,
  `uniqName` varchar(50) NOT NULL,
  PRIMARY KEY (`id`),
  UNIQUE KEY `userId` (`entityId`,`uniqName`),
  KEY `componentId` (`componentId`)
) ENGINE=MyISAM DEFAULT CHARSET=utf8 COMMENT='utf8_general_ci' AUTO_INCREMENT=1 ;

-- --------------------------------------------------------

--
-- Table structure for table `ow_base_component_entity_position`
--

CREATE TABLE IF NOT EXISTS `ow_base_component_entity_position` (
  `id` int(11) NOT NULL AUTO_INCREMENT,
  `componentPlaceUniqName` varchar(50) NOT NULL,
  `section` enum('top','left','bottom','right') NOT NULL,
  `order` int(11) NOT NULL,
  `entityId` int(11) NOT NULL,
  PRIMARY KEY (`id`),
  UNIQUE KEY `userId` (`entityId`,`componentPlaceUniqName`)
) ENGINE=MyISAM DEFAULT CHARSET=utf8 COMMENT='utf8_general_ci' AUTO_INCREMENT=1 ;

-- --------------------------------------------------------

--
-- Table structure for table `ow_base_component_entity_setting`
--

CREATE TABLE IF NOT EXISTS `ow_base_component_entity_setting` (
  `id` int(11) NOT NULL AUTO_INCREMENT,
  `entityId` int(11) NOT NULL,
  `name` varchar(50) NOT NULL DEFAULT '',
  `value` longtext NOT NULL,
  `componentPlaceUniqName` varchar(50) NOT NULL,
  `type` varchar(20) NOT NULL DEFAULT 'string',
  PRIMARY KEY (`id`),
  UNIQUE KEY `componentUniqName` (`entityId`,`componentPlaceUniqName`,`name`)
) ENGINE=MyISAM  DEFAULT CHARSET=utf8 COMMENT='utf8_general_ci' AUTO_INCREMENT=2 ;

--
-- Dumping data for table `ow_base_component_entity_setting`
--

INSERT INTO `ow_base_component_entity_setting` (`id`, `entityId`, `name`, `value`, `componentPlaceUniqName`, `type`) VALUES
(1, 1, 'content', 'Hi, I am the admin of this site....', 'profile-BASE_CMP_AboutMeWidget', 'string');

-- --------------------------------------------------------

--
-- Table structure for table `ow_base_component_place`
--

CREATE TABLE IF NOT EXISTS `ow_base_component_place` (
  `id` int(11) NOT NULL AUTO_INCREMENT,
  `componentId` int(11) NOT NULL,
  `placeId` int(11) NOT NULL,
  `clone` tinyint(1) unsigned DEFAULT '0',
  `uniqName` varchar(50) NOT NULL,
  PRIMARY KEY (`id`),
  UNIQUE KEY `uniqName` (`uniqName`),
  KEY `componentId` (`componentId`)
) ENGINE=MyISAM  DEFAULT CHARSET=utf8 COMMENT='utf8_general_ci' AUTO_INCREMENT=100847 ;

--
-- Dumping data for table `ow_base_component_place`
--

INSERT INTO `ow_base_component_place` (`id`, `componentId`, `placeId`, `clone`, `uniqName`) VALUES
(328, 69, 3, 0, 'profile-BASE_CMP_RssWidget'),
(317, 69, 2, 0, 'index-BASE_CMP_RssWidget'),
(327, 69, 1, 0, 'dashboard-BASE_CMP_RssWidget'),
(324, 67, 2, 0, 'index-BASE_CMP_JoinNowWidget'),
(325, 68, 3, 0, 'profile-BASE_CMP_UserViewWidget'),
(323, 66, 3, 0, 'profile-BASE_CMP_ProfileWallWidget'),
(329, 70, 3, 0, 'profile-BASE_CMP_AboutMeWidget'),
(322, 65, 3, 0, 'profile-BASE_CMP_UserAvatarWidget'),
(321, 64, 2, 0, 'index-BASE_CMP_IndexWallWidget'),
(318, 62, 1, 0, 'dashboard-BASE_CMP_CustomHtmlWidget'),
(319, 62, 3, 0, 'profile-BASE_CMP_CustomHtmlWidget'),
(320, 63, 2, 0, 'index-BASE_CMP_UserListWidget'),
(326, 62, 2, 0, 'index-BASE_CMP_CustomHtmlWidget'),
(316, 61, 2, 0, 'index-BASE_CMP_AddNewContent'),
(100001, 62, 2, 1, 'admin-4b543d8cdc488'),
(100790, 766, 1, 0, 'dashboard-BASE_CMP_WelcomeWidget'),
(100152, 207, 2, 0, 'index-BASE_CMP_MyAvatarWidget'),
(100775, 761, 1, 0, 'dashboard-BASE_CMP_QuickLinksWidget'),
(100776, 762, 6, 0, 'mobile.dashboard-BASE_MCMP_CustomHtmlWidget'),
(100777, 762, 5, 0, 'mobile.index-BASE_MCMP_CustomHtmlWidget'),
(100778, 763, 6, 0, 'mobile.dashboard-BASE_MCMP_RssWidget'),
(100779, 763, 5, 0, 'mobile.index-BASE_MCMP_RssWidget'),
(100780, 764, 6, 0, 'mobile.dashboard-BASE_MCMP_UserListWidget'),
(100781, 764, 5, 0, 'mobile.index-BASE_MCMP_UserListWidget'),
(100787, 762, 5, 1, 'admin-5295f2e03ec8a'),
(100788, 762, 5, 1, 'admin-5295f2e40db5c'),
(100789, 765, 1, 0, 'dashboard-BASE_CMP_ModerationToolsWidget'),
(100791, 767, 1, 0, 'dashboard-NEWSFEED_CMP_MyFeedWidget'),
(100792, 768, 3, 0, 'profile-NEWSFEED_CMP_UserFeedWidget'),
(100793, 769, 2, 0, 'index-NEWSFEED_CMP_SiteFeedWidget'),
(100817, 790, 3, 0, 'profile-FOLLOWLIST_CMP_UserFollowersWidget'),
(100796, 772, 4, 0, 'group-GROUPS_CMP_JoinButtonWidget'),
(100797, 773, 4, 0, 'group-GROUPS_CMP_BriefInfoWidget'),
(100798, 774, 4, 0, 'group-GROUPS_CMP_UserListWidget'),
(100799, 775, 4, 0, 'group-GROUPS_CMP_LeaveButtonWidget'),
(100800, 776, 4, 0, 'group-GROUPS_CMP_WallWidget'),
(100801, 777, 4, 0, 'group-GROUPS_CMP_InviteWidget'),
(100802, 62, 4, 0, 'group-BASE_CMP_CustomHtmlWidget'),
(100803, 69, 4, 0, 'group-BASE_CMP_RssWidget'),
(100845, 815, 3, 0, 'profile-SHOPPRO_CMP_IndexWidgetprofileaddres'),
(100806, 780, 4, 0, 'group-NEWSFEED_CMP_EntityFeedWidget'),
(100807, 781, 2, 0, 'index-PHOTO_CMP_PhotoListWidget'),
(100808, 782, 3, 0, 'profile-PHOTO_CMP_UserPhotoAlbumsWidget'),
(100816, 762, 6, 1, 'admin-55436da019283'),
(100814, 788, 2, 0, 'index-VIDEO_CMP_VideoListWidget'),
(100815, 789, 3, 0, 'profile-VIDEO_CMP_UserVideoListWidget'),
(100841, 811, 2, 0, 'index-SHOPPRO_CMP_IndexWidget'),
(100842, 812, 2, 0, 'index-SHOPPRO_CMP_IndexSlider'),
(100843, 813, 1, 0, 'dashboard-SHOPPRO_CMP_IndexSliderd'),
(100844, 814, 3, 0, 'profile-SHOPPRO_CMP_IndexWidgetprofile'),
(100838, 762, 5, 1, 'admin-55470325f37fc'),
(100839, 763, 5, 1, 'admin-5547059a1e73f'),
(100840, 62, 2, 1, 'admin-554708a0ac2ca'),
(100846, 69, 2, 1, 'admin-554cbc50dcddc');

-- --------------------------------------------------------

--
-- Table structure for table `ow_base_component_place_cache`
--

CREATE TABLE IF NOT EXISTS `ow_base_component_place_cache` (
  `id` int(11) NOT NULL AUTO_INCREMENT,
  `placeId` int(11) NOT NULL,
  `state` longtext NOT NULL,
  `entityId` int(11) NOT NULL DEFAULT '0',
  PRIMARY KEY (`id`),
  KEY `userId` (`entityId`)
) ENGINE=MyISAM  DEFAULT CHARSET=utf8 COMMENT='utf8_general_ci' AUTO_INCREMENT=37 ;

--
-- Dumping data for table `ow_base_component_place_cache`
--

INSERT INTO `ow_base_component_place_cache` (`id`, `placeId`, `state`, `entityId`) VALUES
(32, 5, '{"defaultComponents":{"mobile.index-BASE_MCMP_CustomHtmlWidget":{"id":"100777","className":"BASE_MCMP_CustomHtmlWidget","clonable":"1","componentId":"762","clone":"0","uniqName":"mobile.index-BASE_MCMP_CustomHtmlWidget"},"mobile.index-BASE_MCMP_RssWidget":{"id":"100779","className":"BASE_MCMP_RssWidget","clonable":"1","componentId":"763","clone":"0","uniqName":"mobile.index-BASE_MCMP_RssWidget"},"mobile.index-BASE_MCMP_UserListWidget":{"id":"100781","className":"BASE_MCMP_UserListWidget","clonable":"0","componentId":"764","clone":"0","uniqName":"mobile.index-BASE_MCMP_UserListWidget"},"admin-5295f2e03ec8a":{"id":"100787","className":"BASE_MCMP_CustomHtmlWidget","clonable":"1","componentId":"762","clone":"1","uniqName":"admin-5295f2e03ec8a"},"admin-5295f2e40db5c":{"id":"100788","className":"BASE_MCMP_CustomHtmlWidget","clonable":"1","componentId":"762","clone":"1","uniqName":"admin-5295f2e40db5c"},"admin-55470325f37fc":{"id":"100838","className":"BASE_MCMP_CustomHtmlWidget","clonable":"1","componentId":"762","clone":"1","uniqName":"admin-55470325f37fc"},"admin-5547059a1e73f":{"id":"100839","className":"BASE_MCMP_RssWidget","clonable":"1","componentId":"763","clone":"1","uniqName":"admin-5547059a1e73f"}},"defaultPositions":{"admin-5295f2e03ec8a":{"componentPlaceUniqName":"admin-5295f2e03ec8a","section":"mobile.main","order":"0","id":"11458","\\u0000*\\u0000_fieldsHash":{"componentPlaceUniqName":1571402149,"section":2577931513,"order":4108050209}},"mobile.index-BASE_MCMP_UserListWidget":{"componentPlaceUniqName":"mobile.index-BASE_MCMP_UserListWidget","section":"mobile.main","order":"1","id":"11459","\\u0000*\\u0000_fieldsHash":{"componentPlaceUniqName":575560880,"section":2577931513,"order":2212294583}}},"defaultSettings":{"admin-4b543d8cdc488":{"content":"Welcome to Makan Today! Feel free to participate in our food community!","nl_to_br":"0","title":"Welcome","show_title":"0","icon":"ow_ic_warning","wrap_in_box":"1","freeze":"0","restrict_view":"0","access_restrictions":["1","12","13","14"]},"index-BASE_CMP_JoinNowWidget":{"freeze":"0"},"admin-5295f2e03ec8a":{"content":"Welcome to Makan Today! Here you''ll find like-minded individuals who are passionate about cooking!","nl_to_br":"0","title":"Welcome!","show_title":"1","wrap_in_box":"1","restrict_view":"0","access_restrictions":["1","12"]},"admin-5295f2e40db5c":{"content":"Feel free to participate! Take a look around and help yourself.","nl_to_br":"0","title":"annotation","show_title":"0","wrap_in_box":"0","restrict_view":"0","access_restrictions":["1","12"],"freeze":"0"},"mobile.dashboard-BASE_MCMP_UserListWidget":{"freeze":"0"},"dashboard-BASE_CMP_WelcomeWidget":{"text":"<p>\\nWelcome to Makan Today! Here are a few quick links that you need to start your way around:\\n<\\/p>\\n<ul class=\\"ow_regular\\">\\n<li><a href=\\"profile\\/avatar\\" change_avatar>Change avatar<\\/a><\\/li>\\n<li><a href=\\"javascript:\\/\\/\\" photo_upload>Upload photos<\\/a><\\/li>\\n<li><a href=\\"profile\\/edit\\">Change profile details<\\/a><\\/li>\\n<li><a href=\\"my-profile\\">Preview\\/rearrange my profile<\\/a><\\/li>\\n<li><a href=\\"users\\">Look who''s in<\\/a><\\/li>\\n<\\/ul>\\n\\n<p>\\nFeel free to participate in our community!\\n<\\/p>","show_title":"0","icon":"ow_ic_info","wrap_in_box":"0","freeze":"0","restrict_view":"0","access_restrictions":["12","13","14"]},"dashboard-NEWSFEED_CMP_MyFeedWidget":{"freeze":"0"},"index-PHOTO_CMP_PhotoListWidget":{"freeze":"0"},"mobile.index-BASE_MCMP_UserListWidget":{"count":"9","title":"Chefs & Cravers","show_title":"1","wrap_in_box":"1","restrict_view":"0","access_restrictions":["1","12","13","14"]},"admin-55470325f37fc":{"freeze":"0"},"index-VIDEO_CMP_VideoListWidget":{"freeze":"0"},"admin-554708a0ac2ca":{"content":"<iframe src=\\"http:\\/\\/makantoday.com\\/\\" name=\\"frame1\\" scrolling=\\"auto\\" frameborder=\\"no\\" align=\\"center\\"><\\/iframe>","nl_to_br":"0","show_title":"0","icon":"ow_ic_add","wrap_in_box":"0","restrict_view":"0","access_restrictions":["1","12","13","14"],"freeze":"0"},"index-BASE_CMP_UserListWidget":{"freeze":"0"},"index-SHOPPRO_CMP_IndexWidget":{"freeze":"0"},"index-SHOPPRO_CMP_IndexSlider":{"freeze":"0"},"admin-554cbc50dcddc":{"freeze":"0"},"admin-5547059a1e73f":{"freeze":"0"}}}', 0),
(35, 2, '{"defaultComponents":{"index-BASE_CMP_RssWidget":{"id":"317","className":"BASE_CMP_RssWidget","clonable":"1","componentId":"69","clone":"0","uniqName":"index-BASE_CMP_RssWidget"},"index-BASE_CMP_JoinNowWidget":{"id":"324","className":"BASE_CMP_JoinNowWidget","clonable":"0","componentId":"67","clone":"0","uniqName":"index-BASE_CMP_JoinNowWidget"},"index-BASE_CMP_IndexWallWidget":{"id":"321","className":"BASE_CMP_IndexWallWidget","clonable":"0","componentId":"64","clone":"0","uniqName":"index-BASE_CMP_IndexWallWidget"},"index-BASE_CMP_UserListWidget":{"id":"320","className":"BASE_CMP_UserListWidget","clonable":"0","componentId":"63","clone":"0","uniqName":"index-BASE_CMP_UserListWidget"},"index-BASE_CMP_CustomHtmlWidget":{"id":"326","className":"BASE_CMP_CustomHtmlWidget","clonable":"1","componentId":"62","clone":"0","uniqName":"index-BASE_CMP_CustomHtmlWidget"},"index-BASE_CMP_AddNewContent":{"id":"316","className":"BASE_CMP_AddNewContent","clonable":"0","componentId":"61","clone":"0","uniqName":"index-BASE_CMP_AddNewContent"},"admin-4b543d8cdc488":{"id":"100001","className":"BASE_CMP_CustomHtmlWidget","clonable":"1","componentId":"62","clone":"1","uniqName":"admin-4b543d8cdc488"},"index-BASE_CMP_MyAvatarWidget":{"id":"100152","className":"BASE_CMP_MyAvatarWidget","clonable":"0","componentId":"207","clone":"0","uniqName":"index-BASE_CMP_MyAvatarWidget"},"index-NEWSFEED_CMP_SiteFeedWidget":{"id":"100793","className":"NEWSFEED_CMP_SiteFeedWidget","clonable":"0","componentId":"769","clone":"0","uniqName":"index-NEWSFEED_CMP_SiteFeedWidget"},"index-PHOTO_CMP_PhotoListWidget":{"id":"100807","className":"PHOTO_CMP_PhotoListWidget","clonable":"0","componentId":"781","clone":"0","uniqName":"index-PHOTO_CMP_PhotoListWidget"},"index-VIDEO_CMP_VideoListWidget":{"id":"100814","className":"VIDEO_CMP_VideoListWidget","clonable":"0","componentId":"788","clone":"0","uniqName":"index-VIDEO_CMP_VideoListWidget"},"index-SHOPPRO_CMP_IndexWidget":{"id":"100841","className":"SHOPPRO_CMP_IndexWidget","clonable":"0","componentId":"811","clone":"0","uniqName":"index-SHOPPRO_CMP_IndexWidget"},"index-SHOPPRO_CMP_IndexSlider":{"id":"100842","className":"SHOPPRO_CMP_IndexSlider","clonable":"0","componentId":"812","clone":"0","uniqName":"index-SHOPPRO_CMP_IndexSlider"},"admin-554708a0ac2ca":{"id":"100840","className":"BASE_CMP_CustomHtmlWidget","clonable":"1","componentId":"62","clone":"1","uniqName":"admin-554708a0ac2ca"},"admin-554cbc50dcddc":{"id":"100846","className":"BASE_CMP_RssWidget","clonable":"1","componentId":"69","clone":"1","uniqName":"admin-554cbc50dcddc"}},"defaultPositions":{"index-BASE_CMP_AddNewContent":{"componentPlaceUniqName":"index-BASE_CMP_AddNewContent","section":"sidebar","order":"1","id":"10404","\\u0000*\\u0000_fieldsHash":{"componentPlaceUniqName":1782652967,"section":2263074910,"order":2212294583}},"index-BASE_CMP_MyAvatarWidget":{"componentPlaceUniqName":"index-BASE_CMP_MyAvatarWidget","section":"sidebar","order":"0","id":"10403","\\u0000*\\u0000_fieldsHash":{"componentPlaceUniqName":962757101,"section":2263074910,"order":4108050209}},"index-NEWSFEED_CMP_SiteFeedWidget":{"componentPlaceUniqName":"index-NEWSFEED_CMP_SiteFeedWidget","section":"right","order":"0","id":"11453","\\u0000*\\u0000_fieldsHash":{"componentPlaceUniqName":3362304660,"section":3033167124,"order":4108050209}}},"defaultSettings":{"admin-4b543d8cdc488":{"content":"Welcome to Makan Today! Feel free to participate in our food community!","nl_to_br":"0","title":"Welcome","show_title":"0","icon":"ow_ic_warning","wrap_in_box":"1","freeze":"0","restrict_view":"0","access_restrictions":["1","12","13","14"]},"index-BASE_CMP_JoinNowWidget":{"freeze":"0"},"admin-5295f2e03ec8a":{"content":"Welcome to Makan Today! Here you''ll find like-minded individuals who are passionate about cooking!","nl_to_br":"0","title":"Welcome!","show_title":"1","wrap_in_box":"1","restrict_view":"0","access_restrictions":["1","12"]},"admin-5295f2e40db5c":{"content":"Feel free to participate! Take a look around and help yourself.","nl_to_br":"0","title":"annotation","show_title":"0","wrap_in_box":"0","restrict_view":"0","access_restrictions":["1","12"],"freeze":"0"},"mobile.dashboard-BASE_MCMP_UserListWidget":{"freeze":"0"},"dashboard-BASE_CMP_WelcomeWidget":{"text":"<p>\\nWelcome to Makan Today! Here are a few quick links that you need to start your way around:\\n<\\/p>\\n<ul class=\\"ow_regular\\">\\n<li><a href=\\"profile\\/avatar\\" change_avatar>Change avatar<\\/a><\\/li>\\n<li><a href=\\"javascript:\\/\\/\\" photo_upload>Upload photos<\\/a><\\/li>\\n<li><a href=\\"profile\\/edit\\">Change profile details<\\/a><\\/li>\\n<li><a href=\\"my-profile\\">Preview\\/rearrange my profile<\\/a><\\/li>\\n<li><a href=\\"users\\">Look who''s in<\\/a><\\/li>\\n<\\/ul>\\n\\n<p>\\nFeel free to participate in our community!\\n<\\/p>","show_title":"0","icon":"ow_ic_info","wrap_in_box":"0","freeze":"0","restrict_view":"0","access_restrictions":["12","13","14"]},"dashboard-NEWSFEED_CMP_MyFeedWidget":{"freeze":"0"},"index-PHOTO_CMP_PhotoListWidget":{"freeze":"0"},"mobile.index-BASE_MCMP_UserListWidget":{"count":"9","title":"Chefs & Cravers","show_title":"1","wrap_in_box":"1","restrict_view":"0","access_restrictions":["1","12","13","14"]},"admin-55470325f37fc":{"freeze":"0"},"index-VIDEO_CMP_VideoListWidget":{"freeze":"0"},"admin-554708a0ac2ca":{"content":"<iframe src=\\"http:\\/\\/makantoday.com\\/\\" name=\\"frame1\\" scrolling=\\"auto\\" frameborder=\\"no\\" align=\\"center\\"><\\/iframe>","nl_to_br":"0","show_title":"0","icon":"ow_ic_add","wrap_in_box":"0","restrict_view":"0","access_restrictions":["1","12","13","14"],"freeze":"0"},"index-BASE_CMP_UserListWidget":{"freeze":"0","count":"9","show_title":"0","icon":"ow_ic_user","wrap_in_box":"1","restrict_view":"0","access_restrictions":["1"]},"index-SHOPPRO_CMP_IndexWidget":{"freeze":"0"},"index-SHOPPRO_CMP_IndexSlider":{"freeze":"0"},"admin-554cbc50dcddc":{"freeze":"0"},"admin-5547059a1e73f":{"freeze":"0"}},"defaultScheme":{"rightCssClass":"ow_superwide","leftCssClass":"ow_supernarrow","cssClass":"ow_scheme_enew","id":"1","\\u0000*\\u0000_fieldsHash":{"rightCssClass":695165396,"leftCssClass":3398327446,"cssClass":813402859}}}', 0),
(36, 1, '{"defaultComponents":{"dashboard-BASE_CMP_RssWidget":{"id":"327","className":"BASE_CMP_RssWidget","clonable":"1","componentId":"69","clone":"0","uniqName":"dashboard-BASE_CMP_RssWidget"},"dashboard-BASE_CMP_CustomHtmlWidget":{"id":"318","className":"BASE_CMP_CustomHtmlWidget","clonable":"1","componentId":"62","clone":"0","uniqName":"dashboard-BASE_CMP_CustomHtmlWidget"},"dashboard-BASE_CMP_WelcomeWidget":{"id":"100790","className":"BASE_CMP_WelcomeWidget","clonable":"0","componentId":"766","clone":"0","uniqName":"dashboard-BASE_CMP_WelcomeWidget"},"dashboard-BASE_CMP_QuickLinksWidget":{"id":"100775","className":"BASE_CMP_QuickLinksWidget","clonable":"0","componentId":"761","clone":"0","uniqName":"dashboard-BASE_CMP_QuickLinksWidget"},"dashboard-BASE_CMP_ModerationToolsWidget":{"id":"100789","className":"BASE_CMP_ModerationToolsWidget","clonable":"0","componentId":"765","clone":"0","uniqName":"dashboard-BASE_CMP_ModerationToolsWidget"},"dashboard-NEWSFEED_CMP_MyFeedWidget":{"id":"100791","className":"NEWSFEED_CMP_MyFeedWidget","clonable":"0","componentId":"767","clone":"0","uniqName":"dashboard-NEWSFEED_CMP_MyFeedWidget"},"dashboard-SHOPPRO_CMP_IndexSliderd":{"id":"100843","className":"SHOPPRO_CMP_IndexSliderd","clonable":"0","componentId":"813","clone":"0","uniqName":"dashboard-SHOPPRO_CMP_IndexSliderd"}},"defaultPositions":{"dashboard-BASE_CMP_WelcomeWidget":{"componentPlaceUniqName":"dashboard-BASE_CMP_WelcomeWidget","section":"right","order":"1","id":"11264","\\u0000*\\u0000_fieldsHash":{"componentPlaceUniqName":1205924997,"section":3033167124,"order":2212294583}},"dashboard-BASE_CMP_QuickLinksWidget":{"componentPlaceUniqName":"dashboard-BASE_CMP_QuickLinksWidget","section":"right","order":"2","id":"11265","\\u0000*\\u0000_fieldsHash":{"componentPlaceUniqName":4097461306,"section":3033167124,"order":450215437}},"dashboard-BASE_CMP_ModerationToolsWidget":{"componentPlaceUniqName":"dashboard-BASE_CMP_ModerationToolsWidget","section":"right","order":"0","id":"11263","\\u0000*\\u0000_fieldsHash":{"componentPlaceUniqName":1558372840,"section":3033167124,"order":4108050209}},"dashboard-SHOPPRO_CMP_IndexSliderd":{"componentPlaceUniqName":"dashboard-SHOPPRO_CMP_IndexSliderd","section":"left","order":"0","id":"11441","\\u0000*\\u0000_fieldsHash":{"componentPlaceUniqName":2623111176,"section":2053629800,"order":4108050209}},"dashboard-NEWSFEED_CMP_MyFeedWidget":{"componentPlaceUniqName":"dashboard-NEWSFEED_CMP_MyFeedWidget","section":"left","order":"1","id":"11442","\\u0000*\\u0000_fieldsHash":{"componentPlaceUniqName":398352142,"section":2053629800,"order":2212294583}}},"defaultSettings":{"admin-4b543d8cdc488":{"content":"Welcome to Makan Today! Feel free to participate in our food community!","nl_to_br":"0","title":"Welcome","show_title":"0","icon":"ow_ic_warning","wrap_in_box":"1","freeze":"0","restrict_view":"0","access_restrictions":["1","12","13","14"]},"index-BASE_CMP_JoinNowWidget":{"freeze":"0"},"admin-5295f2e03ec8a":{"content":"Welcome to Makan Today! Here you''ll find like-minded individuals who are passionate about cooking!","nl_to_br":"0","title":"Welcome!","show_title":"1","wrap_in_box":"1","restrict_view":"0","access_restrictions":["1","12"]},"admin-5295f2e40db5c":{"content":"Feel free to participate! Take a look around and help yourself.","nl_to_br":"0","title":"annotation","show_title":"0","wrap_in_box":"0","restrict_view":"0","access_restrictions":["1","12"],"freeze":"0"},"mobile.dashboard-BASE_MCMP_UserListWidget":{"freeze":"0"},"dashboard-BASE_CMP_WelcomeWidget":{"text":"<p>\\nWelcome to Makan Today! Here are a few quick links that you need to start your way around:\\n<\\/p>\\n<ul class=\\"ow_regular\\">\\n<li><a href=\\"profile\\/avatar\\" change_avatar>Change avatar<\\/a><\\/li>\\n<li><a href=\\"javascript:\\/\\/\\" photo_upload>Upload photos<\\/a><\\/li>\\n<li><a href=\\"profile\\/edit\\">Change profile details<\\/a><\\/li>\\n<li><a href=\\"my-profile\\">Preview\\/rearrange my profile<\\/a><\\/li>\\n<li><a href=\\"users\\">Look who''s in<\\/a><\\/li>\\n<\\/ul>\\n\\n<p>\\nFeel free to participate in our community!\\n<\\/p>","show_title":"0","icon":"ow_ic_info","wrap_in_box":"0","freeze":"0","restrict_view":"0","access_restrictions":["12","13","14"]},"dashboard-NEWSFEED_CMP_MyFeedWidget":{"freeze":"0"},"index-PHOTO_CMP_PhotoListWidget":{"freeze":"0"},"mobile.index-BASE_MCMP_UserListWidget":{"count":"9","title":"Chefs & Cravers","show_title":"1","wrap_in_box":"1","restrict_view":"0","access_restrictions":["1","12","13","14"]},"admin-55470325f37fc":{"freeze":"0"},"index-VIDEO_CMP_VideoListWidget":{"freeze":"0"},"admin-554708a0ac2ca":{"content":"<iframe src=\\"http:\\/\\/makantoday.com\\/\\" name=\\"frame1\\" scrolling=\\"auto\\" frameborder=\\"no\\" align=\\"center\\"><\\/iframe>","nl_to_br":"0","show_title":"0","icon":"ow_ic_add","wrap_in_box":"0","restrict_view":"0","access_restrictions":["1","12","13","14"],"freeze":"0"},"index-BASE_CMP_UserListWidget":{"freeze":"0","count":"9","show_title":"0","icon":"ow_ic_user","wrap_in_box":"1","restrict_view":"0","access_restrictions":["1"]},"index-SHOPPRO_CMP_IndexWidget":{"freeze":"0"},"index-SHOPPRO_CMP_IndexSlider":{"freeze":"0"},"admin-554cbc50dcddc":{"freeze":"0"},"admin-5547059a1e73f":{"freeze":"0"}},"defaultScheme":{"rightCssClass":"ow_supernarrow","leftCssClass":"ow_superwide","cssClass":"ow_scheme_ewen","id":"5","\\u0000*\\u0000_fieldsHash":{"rightCssClass":3398327446,"leftCssClass":695165396,"cssClass":1206368980}}}', 0),
(28, 3, '{"defaultComponents":{"profile-BASE_CMP_RssWidget":{"id":"328","className":"BASE_CMP_RssWidget","clonable":"1","componentId":"69","clone":"0","uniqName":"profile-BASE_CMP_RssWidget"},"profile-BASE_CMP_UserViewWidget":{"id":"325","className":"BASE_CMP_UserViewWidget","clonable":"0","componentId":"68","clone":"0","uniqName":"profile-BASE_CMP_UserViewWidget"},"profile-BASE_CMP_ProfileWallWidget":{"id":"323","className":"BASE_CMP_ProfileWallWidget","clonable":"0","componentId":"66","clone":"0","uniqName":"profile-BASE_CMP_ProfileWallWidget"},"profile-BASE_CMP_AboutMeWidget":{"id":"329","className":"BASE_CMP_AboutMeWidget","clonable":"0","componentId":"70","clone":"0","uniqName":"profile-BASE_CMP_AboutMeWidget"},"profile-BASE_CMP_UserAvatarWidget":{"id":"322","className":"BASE_CMP_UserAvatarWidget","clonable":"0","componentId":"65","clone":"0","uniqName":"profile-BASE_CMP_UserAvatarWidget"},"profile-BASE_CMP_CustomHtmlWidget":{"id":"319","className":"BASE_CMP_CustomHtmlWidget","clonable":"1","componentId":"62","clone":"0","uniqName":"profile-BASE_CMP_CustomHtmlWidget"},"profile-NEWSFEED_CMP_UserFeedWidget":{"id":"100792","className":"NEWSFEED_CMP_UserFeedWidget","clonable":"0","componentId":"768","clone":"0","uniqName":"profile-NEWSFEED_CMP_UserFeedWidget"},"profile-FOLLOWLIST_CMP_UserFollowersWidget":{"id":"100817","className":"FOLLOWLIST_CMP_UserFollowersWidget","clonable":"0","componentId":"790","clone":"0","uniqName":"profile-FOLLOWLIST_CMP_UserFollowersWidget"},"profile-SHOPPRO_CMP_IndexWidgetprofileaddres":{"id":"100845","className":"SHOPPRO_CMP_IndexWidgetprofileaddres","clonable":"0","componentId":"815","clone":"0","uniqName":"profile-SHOPPRO_CMP_IndexWidgetprofileaddres"},"profile-PHOTO_CMP_UserPhotoAlbumsWidget":{"id":"100808","className":"PHOTO_CMP_UserPhotoAlbumsWidget","clonable":"0","componentId":"782","clone":"0","uniqName":"profile-PHOTO_CMP_UserPhotoAlbumsWidget"},"profile-VIDEO_CMP_UserVideoListWidget":{"id":"100815","className":"VIDEO_CMP_UserVideoListWidget","clonable":"0","componentId":"789","clone":"0","uniqName":"profile-VIDEO_CMP_UserVideoListWidget"},"profile-SHOPPRO_CMP_IndexWidgetprofile":{"id":"100844","className":"SHOPPRO_CMP_IndexWidgetprofile","clonable":"0","componentId":"814","clone":"0","uniqName":"profile-SHOPPRO_CMP_IndexWidgetprofile"}},"defaultPositions":{"profile-BASE_CMP_AboutMeWidget":{"componentPlaceUniqName":"profile-BASE_CMP_AboutMeWidget","section":"left","order":"1","id":"11344","\\u0000*\\u0000_fieldsHash":{"componentPlaceUniqName":2780427574,"section":2053629800,"order":2212294583}},"profile-PHOTO_CMP_UserPhotoAlbumsWidget":{"componentPlaceUniqName":"profile-PHOTO_CMP_UserPhotoAlbumsWidget","section":"left","order":"2","id":"11345","\\u0000*\\u0000_fieldsHash":{"componentPlaceUniqName":3839545330,"section":2053629800,"order":450215437}},"profile-BASE_CMP_UserViewWidget":{"componentPlaceUniqName":"profile-BASE_CMP_UserViewWidget","section":"right","order":"3","id":"11449","\\u0000*\\u0000_fieldsHash":{"componentPlaceUniqName":1089897516,"section":3033167124,"order":1842515611}},"profile-SHOPPRO_CMP_IndexWidgetprofileaddres":{"componentPlaceUniqName":"profile-SHOPPRO_CMP_IndexWidgetprofileaddres","section":"right","order":"0","id":"11446","\\u0000*\\u0000_fieldsHash":{"componentPlaceUniqName":1430173379,"section":3033167124,"order":4108050209}},"profile-SHOPPRO_CMP_IndexWidgetprofile":{"componentPlaceUniqName":"profile-SHOPPRO_CMP_IndexWidgetprofile","section":"right","order":"1","id":"11447","\\u0000*\\u0000_fieldsHash":{"componentPlaceUniqName":2651085701,"section":3033167124,"order":2212294583}},"profile-NEWSFEED_CMP_UserFeedWidget":{"componentPlaceUniqName":"profile-NEWSFEED_CMP_UserFeedWidget","section":"right","order":"2","id":"11448","\\u0000*\\u0000_fieldsHash":{"componentPlaceUniqName":1468089394,"section":3033167124,"order":450215437}},"profile-FOLLOWLIST_CMP_UserFollowersWidget":{"componentPlaceUniqName":"profile-FOLLOWLIST_CMP_UserFollowersWidget","section":"left","order":"5","id":"11348","\\u0000*\\u0000_fieldsHash":{"componentPlaceUniqName":3559044317,"section":2053629800,"order":2226203566}},"profile-VIDEO_CMP_UserVideoListWidget":{"componentPlaceUniqName":"profile-VIDEO_CMP_UserVideoListWidget","section":"left","order":"4","id":"11347","\\u0000*\\u0000_fieldsHash":{"componentPlaceUniqName":3996986675,"section":2053629800,"order":4088798008}},"profile-BASE_CMP_UserAvatarWidget":{"componentPlaceUniqName":"profile-BASE_CMP_UserAvatarWidget","section":"left","order":"0","id":"11343","\\u0000*\\u0000_fieldsHash":{"componentPlaceUniqName":357490552,"section":2053629800,"order":4108050209}}},"defaultSettings":{"admin-4b543d8cdc488":{"content":"Welcome to Makan Today! Feel free to participate in our food community!","nl_to_br":"0","title":"Welcome","show_title":"0","icon":"ow_ic_warning","wrap_in_box":"1","freeze":"0","restrict_view":"0","access_restrictions":["1","12","13","14"]},"index-BASE_CMP_JoinNowWidget":{"freeze":"0"},"admin-5295f2e03ec8a":{"content":"Welcome to Makan Today! Here you''ll find like-minded individuals who are passionate about cooking!","nl_to_br":"0","title":"Welcome!","show_title":"1","wrap_in_box":"1","restrict_view":"0","access_restrictions":["1","12"]},"admin-5295f2e40db5c":{"content":"Feel free to participate! Take a look around and help yourself.","nl_to_br":"0","title":"annotation","show_title":"0","wrap_in_box":"0","restrict_view":"0","access_restrictions":["1","12"],"freeze":"0"},"mobile.dashboard-BASE_MCMP_UserListWidget":{"freeze":"0"},"dashboard-BASE_CMP_WelcomeWidget":{"text":"<p>\\nWelcome to Makan Today! Here are a few quick links that you need to start your way around:\\n<\\/p>\\n<ul class=\\"ow_regular\\">\\n<li><a href=\\"profile\\/avatar\\" change_avatar>Change avatar<\\/a><\\/li>\\n<li><a href=\\"javascript:\\/\\/\\" photo_upload>Upload photos<\\/a><\\/li>\\n<li><a href=\\"profile\\/edit\\">Change profile details<\\/a><\\/li>\\n<li><a href=\\"my-profile\\">Preview\\/rearrange my profile<\\/a><\\/li>\\n<li><a href=\\"users\\">Look who''s in<\\/a><\\/li>\\n<\\/ul>\\n\\n<p>\\nFeel free to participate in our community!\\n<\\/p>","show_title":"0","icon":"ow_ic_info","wrap_in_box":"0","freeze":"0","restrict_view":"0","access_restrictions":["12","13","14"]},"dashboard-NEWSFEED_CMP_MyFeedWidget":{"freeze":"0"},"index-PHOTO_CMP_PhotoListWidget":{"freeze":"0"},"mobile.index-BASE_MCMP_UserListWidget":{"count":"9","title":"Chefs & Cravers","show_title":"1","wrap_in_box":"1","restrict_view":"0","access_restrictions":["1","12","13","14"]},"admin-55470325f37fc":{"freeze":"0"},"index-VIDEO_CMP_VideoListWidget":{"freeze":"0"},"admin-554708a0ac2ca":{"content":"<iframe src=\\"http:\\/\\/makantoday.com\\/\\" name=\\"frame1\\" scrolling=\\"auto\\" frameborder=\\"no\\" align=\\"center\\"><\\/iframe>","nl_to_br":"0","show_title":"0","icon":"ow_ic_add","wrap_in_box":"0","restrict_view":"0","access_restrictions":["1","12","13","14"],"freeze":"0"}},"defaultScheme":{"rightCssClass":"ow_superwide","leftCssClass":"ow_supernarrow","cssClass":"ow_scheme_enew","id":"1","\\u0000*\\u0000_fieldsHash":{"rightCssClass":695165396,"leftCssClass":3398327446,"cssClass":813402859}}}', 0);

-- --------------------------------------------------------

--
-- Table structure for table `ow_base_component_position`
--

CREATE TABLE IF NOT EXISTS `ow_base_component_position` (
  `id` int(11) NOT NULL AUTO_INCREMENT,
  `componentPlaceUniqName` varchar(50) NOT NULL DEFAULT '',
  `section` varchar(100) DEFAULT NULL,
  `order` int(11) NOT NULL,
  PRIMARY KEY (`id`),
  UNIQUE KEY `componentPlaceUniqName` (`componentPlaceUniqName`)
) ENGINE=MyISAM  DEFAULT CHARSET=utf8 COMMENT='utf8_general_ci' AUTO_INCREMENT=11460 ;

--
-- Dumping data for table `ow_base_component_position`
--

INSERT INTO `ow_base_component_position` (`id`, `componentPlaceUniqName`, `section`, `order`) VALUES
(6975, 'admin-4c627f1bdc9db', 'top', 0),
(6986, 'admin-4c62811170310', 'top', 0),
(10404, 'index-BASE_CMP_AddNewContent', 'sidebar', 1),
(10403, 'index-BASE_CMP_MyAvatarWidget', 'sidebar', 0),
(11344, 'profile-BASE_CMP_AboutMeWidget', 'left', 1),
(11345, 'profile-PHOTO_CMP_UserPhotoAlbumsWidget', 'left', 2),
(11449, 'profile-BASE_CMP_UserViewWidget', 'right', 3),
(11264, 'dashboard-BASE_CMP_WelcomeWidget', 'right', 1),
(11458, 'admin-5295f2e03ec8a', 'mobile.main', 0),
(11459, 'mobile.index-BASE_MCMP_UserListWidget', 'mobile.main', 1),
(11453, 'index-NEWSFEED_CMP_SiteFeedWidget', 'right', 0),
(11265, 'dashboard-BASE_CMP_QuickLinksWidget', 'right', 2),
(11263, 'dashboard-BASE_CMP_ModerationToolsWidget', 'right', 0),
(11446, 'profile-SHOPPRO_CMP_IndexWidgetprofileaddres', 'right', 0),
(11447, 'profile-SHOPPRO_CMP_IndexWidgetprofile', 'right', 1),
(11448, 'profile-NEWSFEED_CMP_UserFeedWidget', 'right', 2),
(11274, 'group-GROUPS_CMP_BriefInfoWidget', 'top', 0),
(11282, 'group-GROUPS_CMP_LeaveButtonWidget', 'left', 2),
(11281, 'group-GROUPS_CMP_UserListWidget', 'left', 1),
(11280, 'group-GROUPS_CMP_JoinButtonWidget', 'left', 0),
(11283, 'group-GROUPS_CMP_InviteWidget', 'left', 3),
(11341, 'admin-55436da019283', 'mobile.main', 0),
(11348, 'profile-FOLLOWLIST_CMP_UserFollowersWidget', 'left', 5),
(11291, 'group-NEWSFEED_CMP_EntityFeedWidget', 'right', 0),
(11347, 'profile-VIDEO_CMP_UserVideoListWidget', 'left', 4),
(11343, 'profile-BASE_CMP_UserAvatarWidget', 'left', 0),
(11441, 'dashboard-SHOPPRO_CMP_IndexSliderd', 'left', 0),
(11442, 'dashboard-NEWSFEED_CMP_MyFeedWidget', 'left', 1);

-- --------------------------------------------------------

--
-- Table structure for table `ow_base_component_setting`
--

CREATE TABLE IF NOT EXISTS `ow_base_component_setting` (
  `id` int(11) NOT NULL AUTO_INCREMENT,
  `componentPlaceUniqName` varchar(50) NOT NULL,
  `name` varchar(50) NOT NULL,
  `value` longtext NOT NULL,
  `type` varchar(20) NOT NULL DEFAULT 'string',
  PRIMARY KEY (`id`),
  UNIQUE KEY `componentPlaceUniqName` (`componentPlaceUniqName`,`name`)
) ENGINE=MyISAM  DEFAULT CHARSET=utf8 COMMENT='utf8_general_ci' AUTO_INCREMENT=1486 ;

--
-- Dumping data for table `ow_base_component_setting`
--

INSERT INTO `ow_base_component_setting` (`id`, `componentPlaceUniqName`, `name`, `value`, `type`) VALUES
(775, 'admin-4b543d8cdc488', 'content', 'Welcome to Makan Today! Feel free to participate in our food community!', 'string'),
(776, 'admin-4b543d8cdc488', 'nl_to_br', '0', 'string'),
(777, 'admin-4b543d8cdc488', 'title', 'Welcome', 'string'),
(778, 'admin-4b543d8cdc488', 'show_title', '0', 'string'),
(779, 'admin-4b543d8cdc488', 'icon', 'ow_ic_warning', 'string'),
(780, 'admin-4b543d8cdc488', 'wrap_in_box', '1', 'string'),
(1366, 'admin-4b543d8cdc488', 'freeze', '0', 'string'),
(1431, 'index-BASE_CMP_JoinNowWidget', 'freeze', '0', 'string'),
(1432, 'admin-5295f2e03ec8a', 'content', 'Welcome to Makan Today! Here you''ll find like-minded individuals who are passionate about cooking!', 'string'),
(1433, 'admin-5295f2e03ec8a', 'nl_to_br', '0', 'string'),
(1434, 'admin-5295f2e03ec8a', 'title', 'Welcome!', 'string'),
(1435, 'admin-5295f2e03ec8a', 'show_title', '1', 'string'),
(1436, 'admin-5295f2e03ec8a', 'wrap_in_box', '1', 'string'),
(1437, 'admin-5295f2e03ec8a', 'restrict_view', '0', 'string'),
(1438, 'admin-5295f2e03ec8a', 'access_restrictions', '["1","12"]', 'json'),
(1439, 'admin-5295f2e40db5c', 'content', 'Feel free to participate! Take a look around and help yourself.', 'string'),
(1440, 'admin-5295f2e40db5c', 'nl_to_br', '0', 'string'),
(1441, 'admin-5295f2e40db5c', 'title', 'annotation', 'string'),
(1442, 'admin-5295f2e40db5c', 'show_title', '0', 'string'),
(1443, 'admin-5295f2e40db5c', 'wrap_in_box', '0', 'string'),
(1444, 'admin-5295f2e40db5c', 'restrict_view', '0', 'string'),
(1445, 'admin-5295f2e40db5c', 'access_restrictions', '["1","12"]', 'json'),
(1446, 'mobile.dashboard-BASE_MCMP_UserListWidget', 'freeze', '0', 'string'),
(1447, 'dashboard-BASE_CMP_WelcomeWidget', 'text', '<p>\nWelcome to Makan Today! Here are a few quick links that you need to start your way around:\n</p>\n<ul class="ow_regular">\n<li><a href="profile/avatar" change_avatar>Change avatar</a></li>\n<li><a href="javascript://" photo_upload>Upload photos</a></li>\n<li><a href="profile/edit">Change profile details</a></li>\n<li><a href="my-profile">Preview/rearrange my profile</a></li>\n<li><a href="users">Look who''s in</a></li>\n</ul>\n\n<p>\nFeel free to participate in our community!\n</p>', 'string'),
(1448, 'dashboard-BASE_CMP_WelcomeWidget', 'show_title', '0', 'string'),
(1449, 'dashboard-BASE_CMP_WelcomeWidget', 'icon', 'ow_ic_info', 'string'),
(1450, 'dashboard-BASE_CMP_WelcomeWidget', 'wrap_in_box', '0', 'string'),
(1451, 'dashboard-BASE_CMP_WelcomeWidget', 'freeze', '0', 'string'),
(1452, 'dashboard-BASE_CMP_WelcomeWidget', 'restrict_view', '0', 'string'),
(1453, 'dashboard-BASE_CMP_WelcomeWidget', 'access_restrictions', '["12","13","14"]', 'json'),
(1454, 'dashboard-NEWSFEED_CMP_MyFeedWidget', 'freeze', '0', 'string'),
(1455, 'index-PHOTO_CMP_PhotoListWidget', 'freeze', '0', 'string'),
(1456, 'admin-4b543d8cdc488', 'restrict_view', '0', 'string'),
(1457, 'admin-4b543d8cdc488', 'access_restrictions', '["1","12","13","14"]', 'json'),
(1458, 'admin-5295f2e40db5c', 'freeze', '0', 'string'),
(1459, 'mobile.index-BASE_MCMP_UserListWidget', 'count', '9', 'string'),
(1460, 'mobile.index-BASE_MCMP_UserListWidget', 'title', 'Chefs & Cravers', 'string'),
(1461, 'mobile.index-BASE_MCMP_UserListWidget', 'show_title', '1', 'string'),
(1462, 'mobile.index-BASE_MCMP_UserListWidget', 'wrap_in_box', '1', 'string'),
(1463, 'mobile.index-BASE_MCMP_UserListWidget', 'restrict_view', '0', 'string'),
(1464, 'mobile.index-BASE_MCMP_UserListWidget', 'access_restrictions', '["1","12","13","14"]', 'json'),
(1465, 'admin-55470325f37fc', 'freeze', '0', 'string'),
(1466, 'index-VIDEO_CMP_VideoListWidget', 'freeze', '0', 'string'),
(1467, 'admin-554708a0ac2ca', 'content', '<iframe src="http://makantoday.com/" name="frame1" scrolling="auto" frameborder="no" align="center"></iframe>', 'string'),
(1468, 'admin-554708a0ac2ca', 'nl_to_br', '0', 'string'),
(1469, 'admin-554708a0ac2ca', 'show_title', '0', 'string'),
(1470, 'admin-554708a0ac2ca', 'icon', 'ow_ic_add', 'string'),
(1471, 'admin-554708a0ac2ca', 'wrap_in_box', '0', 'string'),
(1472, 'admin-554708a0ac2ca', 'restrict_view', '0', 'string'),
(1473, 'admin-554708a0ac2ca', 'access_restrictions', '["1","12","13","14"]', 'json'),
(1474, 'admin-554708a0ac2ca', 'freeze', '0', 'string'),
(1475, 'index-BASE_CMP_UserListWidget', 'freeze', '0', 'string'),
(1476, 'index-SHOPPRO_CMP_IndexWidget', 'freeze', '0', 'string'),
(1477, 'index-SHOPPRO_CMP_IndexSlider', 'freeze', '0', 'string'),
(1478, 'admin-554cbc50dcddc', 'freeze', '0', 'string'),
(1479, 'admin-5547059a1e73f', 'freeze', '0', 'string'),
(1480, 'index-BASE_CMP_UserListWidget', 'count', '9', 'string'),
(1481, 'index-BASE_CMP_UserListWidget', 'show_title', '0', 'string'),
(1482, 'index-BASE_CMP_UserListWidget', 'icon', 'ow_ic_user', 'string'),
(1483, 'index-BASE_CMP_UserListWidget', 'wrap_in_box', '1', 'string'),
(1484, 'index-BASE_CMP_UserListWidget', 'restrict_view', '0', 'string'),
(1485, 'index-BASE_CMP_UserListWidget', 'access_restrictions', '["1"]', 'json');

-- --------------------------------------------------------

--
-- Table structure for table `ow_base_config`
--

CREATE TABLE IF NOT EXISTS `ow_base_config` (
  `id` int(10) unsigned NOT NULL AUTO_INCREMENT,
  `key` varchar(100) NOT NULL,
  `name` varchar(100) NOT NULL,
  `value` text,
  `description` text,
  PRIMARY KEY (`id`),
  UNIQUE KEY `key` (`key`,`name`)
) ENGINE=MyISAM  DEFAULT CHARSET=utf8 AUTO_INCREMENT=955 ;

--
-- Dumping data for table `ow_base_config`
--

INSERT INTO `ow_base_config` (`id`, `key`, `name`, `value`, `description`) VALUES
(16, 'base', 'avatar_big_size', '190', 'User avatar width'),
(17, 'base', 'avatar_size', '90', 'User avatar height'),
(18, 'admin', 'admin_menu_state', '[]', NULL),
(19, 'base', 'selectedTheme', 'ethos', 'Selected theme.'),
(20, 'base', 'military_time', '0', 'Desc'),
(21, 'base', 'site_name', 'Makan Today', 'Site name'),
(22, 'base', 'confirm_email', '1', 'Confirm email'),
(23, 'base', 'user_view_presentation', 'table', 'User view presentation'),
(24, 'base', 'site_tagline', 'What is Cooking', 'Site tagline'),
(25, 'base', 'site_description', 'Social media connecting Cravers & Home Chefs', 'Site Description'),
(26, 'base', 'site_timezone', 'Asia/Singapore', 'Site Timezone'),
(27, 'base', 'site_use_relative_time', '1', 'Use relative date/time'),
(31, 'base', 'display_name_question', 'realname', 'Question used for display name'),
(32, 'base', 'site_email', 'admin@makantoday.com', 'Email address from which your users will receive notifications and mass mailing.'),
(34, 'base', 'google_analytics', NULL, NULL),
(46, 'base', 'mail_smtp_enabled', '0', 'Smtp enabled'),
(45, 'base', 'date_field_format', 'dmy', 'Date format'),
(47, 'base', 'mail_smtp_host', 'Host', 'Smtp Host'),
(48, 'base', 'mail_smtp_user', 'Username', 'Smtp User'),
(49, 'base', 'mail_smtp_password', 'Password', 'Smtp passwprd'),
(50, 'base', 'mail_smtp_port', 'Port', 'Smtp Port'),
(51, 'base', 'mail_smtp_connection_prefix', '', 'Smpt connection prefix (tsl, ssl)'),
(56, 'base', 'splash_screen', '0', NULL),
(57, 'base', 'who_can_join', '1', NULL),
(58, 'base', 'who_can_invite', '1', NULL),
(59, 'base', 'guests_can_view', '1', NULL),
(61, 'base', 'guests_can_view_password', '', NULL),
(62, 'base', 'splash_leave_url', 'http://google.com', NULL),
(70, 'base', 'maintenance', '0', NULL),
(69, 'base', 'mandatory_user_approve', '0', 'mandatory_user_approve'),
(74, 'base', 'billing_currency', 'SGD', 'Site currency 3-char code'),
(79, 'base', 'tf_max_pic_size', '2.500000', NULL),
(80, 'base', 'soft_build', '8710', 'Current soft version'),
(81, 'base', 'update_soft', '0', 'Soft core update flag'),
(85, 'base', 'unverify_site_email', '', 'Email address from which your users will receive notifications and mass mailing.'),
(115, 'base', 'soft_version', '1.7.3', NULL),
(139, 'base', 'site_installed', '1', NULL),
(140, 'base', 'check_mupdates_ts', '1431325408', 'Last manual updates check timestamp.'),
(676, 'contact_importer', 'yahoo_consumer_key', '', ''),
(674, 'contact_importer', 'facebook_app_secret', '', ''),
(179, 'admin', 'mass_mailing_timestamp', '0', NULL),
(200, 'base', 'dev_mode', '0', NULL),
(725, 'base', 'log_file_max_size_mb', '20', NULL),
(726, 'base', 'attch_file_max_size_mb', '2', NULL),
(727, 'base', 'attch_ext_list', '["txt","doc","docx","sql","csv","xls","ppt","pdf","jpg","jpeg","png","gif","bmp","psd","ai","avi","wmv","mp3","3gp","flv","mkv","mpeg","mpg","swf","zip","gz","tgz","gzip","7z","bzip2","rar"]', NULL),
(723, 'base', 'admin_cookie', 'yWeVEvANAGydEpE2AZEDy8uGy4E3epab', NULL),
(724, 'base', 'disable_mobile_context', '1', NULL),
(241, 'base', 'default_avatar', '[]', 'Default avatar'),
(249, 'base', 'language_switch_allowed', '1', 'Allow users switch languages on site'),
(276, 'base', 'rss_loading', '0', NULL),
(277, 'base', 'cron_is_active', '1', 'Flag showing if cron script is activated after soft install'),
(675, 'contact_importer', 'yahoo_app_id', '', ''),
(673, 'contact_importer', 'facebook_api_key', '', ''),
(348, 'base', 'users_count_on_page', '30', 'Users count on page'),
(367, 'base', 'join_display_photo_upload', 'display', 'Display ''Photo Upload'' field on Join page.'),
(368, 'base', 'join_photo_upload_set_required', '1', 'Make ''Photo Upload'' a required field on Join Page.'),
(369, 'base', 'join_display_terms_of_use', NULL, 'Display ''Terms of use'' field on Join page.'),
(448, 'base', 'favicon', '1', NULL),
(404, 'base', 'html_head_code', '', 'Code (meta, css, js) added from admin panel into head section of HTML document.'),
(405, 'base', 'html_prebody_code', '', 'Code (js) added before ''body'' closing tag.'),
(678, 'contact_importer', 'yahoo_consumer_secret', '', ''),
(444, 'base', 'tf_user_custom_html_disable', '1', NULL),
(445, 'base', 'tf_user_rich_media_disable', '0', NULL),
(446, 'base', 'tf_comments_rich_media_disable', '0', NULL),
(447, 'base', 'tf_resource_list', '["clipfish.de","youtube.com","google.com","metacafe.com","myspace.com","novamov.com","myvideo.de"]', NULL),
(677, 'contact_importer', 'yahoo_domain_verification_file', '', ''),
(683, 'base', 'cachedEntitiesPostfix', '554cbdba4a543', NULL),
(685, 'base', 'master_page_theme_info', '{"925":{"headerImage":{"src":"http:\\/\\/makantoday.com\\/EDMW\\/ow_userfiles\\/themes\\/theme_image_6.jpg","width":996,"height":209}},"957":{"logoImage":{"src":"http:\\/\\/makantoday.com\\/EDMW\\/ow_userfiles\\/themes\\/theme_image_14.png","width":238,"height":43},"logoImagemobile":{"src":"http:\\/\\/makantoday.com\\/EDMW\\/ow_userfiles\\/themes\\/theme_image_16.png","width":238,"height":43}}}', NULL),
(686, 'base', 'user_invites_limit', '50', NULL),
(687, 'base', 'profile_question_edit_stamp', '1430531234', NULL),
(688, 'base', 'install_complete', '1', NULL),
(728, 'base', 'users_on_page', '12', NULL),
(729, 'base', 'avatar_max_upload_size', '1', 'Enable file attachments'),
(730, 'newsfeed', 'allow_likes', '1', 'Allow Likes'),
(731, 'newsfeed', 'allow_comments', '1', 'Allow Comments'),
(732, 'newsfeed', 'comments_count', '3', 'Count of comments'),
(733, 'newsfeed', 'index_status_enabled', '1', 'Index status is enabled'),
(734, 'newsfeed', 'features_expanded', '1', 'Comments and likes box is expanded'),
(735, 'newsfeed', 'disabled_action_types', '', NULL),
(736, 'newsfeed', 'is_once_initialized', '1', NULL),
(737, 'mailbox', 'results_per_page', '10', 'Conversations number per page'),
(738, 'mailbox', 'enable_attachments', '1', 'Enable file attachments'),
(739, 'mailbox', 'active_modes', '["mail","chat"]', NULL),
(740, 'mailbox', 'show_all_members', '0', NULL),
(741, 'mailbox', 'updated_to_messages', '1', NULL),
(742, 'mailbox', 'install_complete', '1', NULL),
(743, 'mailbox', 'last_attachment_id', '0', NULL),
(744, 'mailbox', 'plugin_update_timestamp', '0', NULL),
(745, 'mailbox', 'send_message_interval', '60', NULL),
(746, 'slideshow', 'uninstall_inprogress', '0', 'Plugin is being uninstalled'),
(747, 'slideshow', 'uninstall_cron_busy', '0', 'Uninstall queue is busy'),
(748, 'forum', 'enable_attachments', '1', 'Enable file attachments'),
(749, 'forum', 'uninstall_inprogress', '0', 'Plugin is being uninstalled'),
(750, 'forum', 'uninstall_cron_busy', '0', 'Uninstall queue is busy'),
(751, 'forum', 'maintenance_mode_state', '0', 'Stores site maintenance mode config before plugin uninstallation'),
(752, 'groups', 'is_forum_connected', '0', 'Add Forum to Groups plugin'),
(753, 'photo', 'accepted_filesize', '5', 'Maximum accepted file size'),
(754, 'photo', 'main_image_width', '960', 'Main image width'),
(755, 'photo', 'main_image_height', '640', 'Main image height'),
(756, 'photo', 'preview_image_width', '140', 'Preview image width'),
(757, 'photo', 'preview_image_height', '140', 'Preview image height'),
(758, 'photo', 'photos_per_page', '20', 'Photos per page'),
(759, 'photo', 'album_quota', '10', 'Maximum number of photos per album'),
(760, 'photo', 'user_quota', '500', 'Maximum number of photos per user'),
(761, 'photo', 'store_fullsize', '1', 'Store full-size photos'),
(762, 'photo', 'uninstall_inprogress', '0', 'Plugin is being uninstalled'),
(763, 'photo', 'uninstall_cron_busy', '0', 'Uninstall queue is busy'),
(764, 'photo', 'maintenance_mode_state', '0', 'Stores site maintenance mode config before plugin uninstallation'),
(765, 'photo', 'fullsize_resolution', '1024', 'Full-size photo resolution'),
(766, 'photo', 'photo_list_view_classic', '0', NULL),
(767, 'photo', 'album_list_view_classic', '0', NULL),
(768, 'photo', 'photo_view_classic', '0', NULL),
(769, 'photo', 'download_accept', '1', NULL),
(770, 'video', 'player_width', '619', 'Main video player width'),
(771, 'video', 'player_height', '464', 'Main video player height'),
(772, 'video', 'user_quota', '2', 'Maximum number of videos per user'),
(773, 'video', 'videos_per_page', '20', 'Videos per page'),
(774, 'base', 'cron_is_configured', '1', NULL),
(947, 'shoppro', 'item_thumbal_width', '31', ''),
(948, 'shoppro', 'item_price_backgroud_color', '#1C64A1', ''),
(946, 'shoppro', 'item_image_thumbal_height', '160', ''),
(945, 'shoppro', 'item_content_thumbal_height', NULL, ''),
(943, 'shoppro', 'menu_colbut_bg_color', '#FFFFFF', ''),
(944, 'shoppro', 'defaut_view', 'list-view-only', ''),
(942, 'shoppro', 'menu_colbut_sub_menu_bg', '', ''),
(941, 'shoppro', 'hide_timeout_product', '1', ''),
(940, 'shoppro', 'show_askbutton', '0', ''),
(939, 'shoppro', 'corect_exif', '1', ''),
(937, 'shoppro', 'comments_require_aproved', '0', ''),
(938, 'shoppro', 'turn_on_ciew_couter', '2', ''),
(936, 'shoppro', 'show_quty_inproduct', '1', ''),
(935, 'shoppro', 'try_hide_empty_category', '1', ''),
(934, 'shoppro', 'hide_more_button_onproductlist', '0', ''),
(933, 'shoppro', 'hide_seller_small_icon', '0', ''),
(931, 'shoppro', 'hide_seller_avatar_onthelist', '0', ''),
(932, 'shoppro', 'hide_product_small_details', '0', ''),
(929, 'shoppro', 'fuck_oxwall_morerators', '1', ''),
(930, 'shoppro', 'turn_on_commntsandrate', '0', ''),
(928, 'shoppro', 'menu_colbut_color_shadow', '#7c777a', ''),
(927, 'shoppro', 'menu_colbut_color_text', '#333333', ''),
(926, 'shoppro', 'menu_colbut_color_hover', '#ededed', ''),
(924, 'shoppro', 'menu_colbut_color_to', '#f5f5f5', ''),
(925, 'shoppro', 'menu_colbut_color_open', '#f5f5f5', ''),
(923, 'shoppro', 'menu_colbut_color_from', '#ededed', ''),
(921, 'shoppro', 'max_items_inwidget', '10', ''),
(922, 'shoppro', 'mode_inwidget', 'grid', ''),
(919, 'shoppro', 'sel_notyfybyemail', '1', ''),
(920, 'shoppro', 'mode_shop', 'shop', ''),
(918, 'shoppro', 'mode_perpage', '30', 'Perpage...'),
(917, 'shoppro', 'mode_membergepointsfrombaing', '0', 'Add points when member baing...'),
(915, 'shoppro', 'mode_membercanselingbypoints', '0', 'Sell by points...'),
(916, 'shoppro', 'mode_membermastpaybyseling', '0', 'Pay by seling...'),
(914, 'shoppro', 'mode_ads_approval', '0', 'Approved...'),
(913, 'shoppro', 'mode_member_role_cansale', '', 'Role type can sale...'),
(912, 'shoppro', 'mode_member_accounttype_cansale', '0', 'Account type can sale...'),
(911, 'shoppro', 'mode_membercanpromotion', '0', 'Info top title...'),
(910, 'shoppro', 'config_page_on_top_shop_title', '', 'Info top title...'),
(909, 'shoppro', 'config_page_on_top_shop', '', 'Info top text...'),
(908, 'shoppro', 'max_product_title_chars', '45', 'Max char in list product...'),
(907, 'shoppro', 'admin_replace_btobr', '0', 'replace n to br...'),
(906, 'shoppro', 'publish_updateproduct_onwall', '0', 'Publish update product on the wall...'),
(905, 'shoppro', 'publish_newproduct_onwall', '1', 'Publish new product on the wall...'),
(904, 'shoppro', 'mode_sellfiles', '0', 'Member can shell files...'),
(903, 'shoppro', 'mode_membercanshell', '1', 'Member can shell each products....'),
(902, 'shoppro', 'pay24_account_crc', '', 'Account Platnosci24.pl SCR'),
(901, 'shoppro', 'pay24_account', '', 'Platnosci24.pl account'),
(900, 'shoppro', 'paypal_account', '', 'PayPal account'),
(899, 'shoppro', 'pay24_currency', NULL, 'Currency (PLN,...)'),
(898, 'shoppro', 'paypal_currency', 'USD', 'Currency (USD,PLN,...)'),
(897, 'shoppro', 'max_cat_title_chars', '20', 'Max category name length'),
(896, 'shoppro', 'mode', '0', 'With sitebar or not'),
(895, 'shoppro', 'mode_payment', 'paypal', 'paypal,pay24'),
(949, 'shoppro', 'item_background_content_color', '#F1F1F1', ''),
(950, 'shoppro', 'item_border_color', '#D7D7D7', ''),
(951, 'shoppro', 'hide_location', '0', ''),
(952, 'shoppro', 'hide_condition', '0', ''),
(953, 'shoppro', 'hide_map_lat_lon', '0', ''),
(954, 'shoppro', 'hide_wanted_avaiable', '0', '');

-- --------------------------------------------------------

--
-- Table structure for table `ow_base_cron_job`
--

CREATE TABLE IF NOT EXISTS `ow_base_cron_job` (
  `id` int(11) NOT NULL AUTO_INCREMENT,
  `methodName` varchar(200) NOT NULL DEFAULT '',
  `runStamp` int(11) NOT NULL,
  PRIMARY KEY (`id`),
  UNIQUE KEY `className` (`methodName`)
) ENGINE=MyISAM  DEFAULT CHARSET=utf8 AUTO_INCREMENT=182296 ;

--
-- Dumping data for table `ow_base_cron_job`
--

INSERT INTO `ow_base_cron_job` (`id`, `methodName`, `runStamp`) VALUES
(182281, 'BASE_Cron::run', 1431683341),
(182282, 'BASE_Cron::dbCacheProcess', 1431683341),
(182250, 'BASE_Cron::mailQueueProcess', 1431683041),
(182283, 'BASE_Cron::deleteExpiredOnlineUserProcess', 1431683341),
(179929, 'BASE_Cron::checkPluginUpdates', 1431667322),
(182204, 'BASE_Cron::deleteExpiredPasswordResetCodes', 1431682801),
(182284, 'BASE_Cron::resetCronFlag', 1431683341),
(179952, 'BASE_Cron::rmTempAttachments', 1431667502),
(179953, 'BASE_Cron::rmTempAvatars', 1431667502),
(179954, 'BASE_Cron::deleteExpiredCache', 1431667502),
(179955, 'BASE_Cron::dropLogFile', 1431667502),
(182285, 'BASE_Cron::checkRealCron', 1431683341),
(182286, 'NEWSFEED_Cron::run', 1431683341),
(181828, 'NEWSFEED_Cron::deleteActionSet', 1431680281),
(15, 'NEWSFEED_Cron::deleteExpired', 1430457144),
(182287, 'MAILBOX_Cron::run', 1431683341),
(182288, 'MAILBOX_Cron::resetAllUsersLastData', 1431683341),
(182289, 'NOTIFICATIONS_Cron::run', 1431683341),
(160638, 'NOTIFICATIONS_Cron::expireUnsubscribe', 1431537422),
(160639, 'NOTIFICATIONS_Cron::deleteExpired', 1431537422),
(182211, 'NOTIFICATIONS_Cron::fillSendQueue', 1431682801),
(297, 'SLIDESHOW_Cron::run', 1430458381),
(23, 'SLIDESHOW_Cron::slideDeleteProcess', 1430457144),
(298, 'SLIDESHOW_Cron::slideshowUninstallProcess', 1430458381),
(277, 'FORUM_Cron::run', 1430458262),
(278, 'FORUM_Cron::topicsDeleteProcess', 1430458262),
(27, 'FORUM_Cron::tempTopicsDeleteProcess', 1430457144),
(279, 'GROUPS_Cron::run', 1430458262),
(182290, 'PHOTO_Cron::run', 1431683341),
(182291, 'PHOTO_Cron::albumsDeleteProcess', 1431683341),
(182292, 'PHOTO_Cron::contentIndexing', 1431683341),
(182215, 'PHOTO_Cron::cleareCache', 1431682801),
(182216, 'PHOTO_Cron::deleteLimitedPhotos', 1431682801),
(182293, 'PHOTO_Cron::updatePhotoTags', 1431683341),
(182294, 'VIDEO_Cron::run', 1431683341),
(182295, 'VIDEO_Cron::thumbsCacheProcess', 1431683341),
(286, 'EVENT_Cron::run', 1430458262),
(38, 'EVENT_Cron::clearInvitations', 1430457144),
(305, 'PRIVACY_Cron::run', 1430458381);

-- --------------------------------------------------------

--
-- Table structure for table `ow_base_db_cache`
--

CREATE TABLE IF NOT EXISTS `ow_base_db_cache` (
  `id` int(11) NOT NULL AUTO_INCREMENT,
  `name` varchar(255) NOT NULL,
  `value` mediumtext NOT NULL,
  `expireStamp` int(11) NOT NULL DEFAULT '0',
  PRIMARY KEY (`id`)
) ENGINE=MyISAM DEFAULT CHARSET=utf8 COMMENT='utf8_general_ci' AUTO_INCREMENT=1 ;

-- --------------------------------------------------------

--
-- Table structure for table `ow_base_document`
--

CREATE TABLE IF NOT EXISTS `ow_base_document` (
  `id` int(11) NOT NULL AUTO_INCREMENT,
  `key` varchar(255) NOT NULL,
  `class` varchar(255) DEFAULT NULL,
  `action` varchar(255) DEFAULT NULL,
  `uri` varchar(255) DEFAULT NULL,
  `isStatic` tinyint(1) NOT NULL DEFAULT '0',
  `isMobile` tinyint(4) NOT NULL DEFAULT '0',
  PRIMARY KEY (`id`),
  UNIQUE KEY `key` (`key`),
  UNIQUE KEY `uriIndex` (`uri`)
) ENGINE=MyISAM  DEFAULT CHARSET=utf8 AUTO_INCREMENT=58 ;

--
-- Dumping data for table `ow_base_document`
--

INSERT INTO `ow_base_document` (`id`, `key`, `class`, `action`, `uri`, `isStatic`, `isMobile`) VALUES
(3, 'admin_pages', 'ADMIN_Pages', 'index', NULL, 0, 0),
(23, 'page-679283', NULL, NULL, 'join', 1, 0),
(39, 'page-119658', NULL, NULL, 'terms-of-use', 1, 0),
(54, 'page_81959573', NULL, NULL, 'privacy-policy', 1, 0),
(55, 'mobile_page_14788567', NULL, NULL, 'cp-55', 1, 1),
(56, 'mobile_page_1852670', NULL, NULL, 'cp-56', 1, 1),
(57, 'mobile_page_62712968', NULL, NULL, 'cp-57', 1, 1);

-- --------------------------------------------------------

--
-- Table structure for table `ow_base_email_verify`
--

CREATE TABLE IF NOT EXISTS `ow_base_email_verify` (
  `id` int(11) NOT NULL AUTO_INCREMENT,
  `userId` int(10) NOT NULL DEFAULT '0',
  `type` enum('user','site') NOT NULL,
  `email` varchar(128) NOT NULL,
  `hash` varchar(32) NOT NULL,
  `createStamp` int(11) NOT NULL DEFAULT '0',
  PRIMARY KEY (`id`),
  UNIQUE KEY `userId` (`userId`),
  UNIQUE KEY `hash` (`hash`)
) ENGINE=MyISAM  DEFAULT CHARSET=utf8 AUTO_INCREMENT=10 ;

-- --------------------------------------------------------

--
-- Table structure for table `ow_base_entity_tag`
--

CREATE TABLE IF NOT EXISTS `ow_base_entity_tag` (
  `id` int(10) unsigned NOT NULL AUTO_INCREMENT,
  `entityId` int(10) unsigned NOT NULL,
  `entityType` varchar(255) NOT NULL,
  `tagId` int(10) unsigned NOT NULL,
  `active` tinyint(4) NOT NULL DEFAULT '1',
  PRIMARY KEY (`id`),
  KEY `entityId` (`entityId`),
  KEY `entityType` (`entityType`),
  KEY `tagId` (`tagId`)
) ENGINE=MyISAM DEFAULT CHARSET=utf8 AUTO_INCREMENT=1 ;

-- --------------------------------------------------------

--
-- Table structure for table `ow_base_flag`
--

CREATE TABLE IF NOT EXISTS `ow_base_flag` (
  `id` int(11) NOT NULL AUTO_INCREMENT,
  `entityType` varchar(100) NOT NULL,
  `entityId` int(11) DEFAULT NULL,
  `userId` int(11) DEFAULT NULL,
  `reason` varchar(50) DEFAULT NULL,
  `timeStamp` int(11) NOT NULL,
  PRIMARY KEY (`id`),
  UNIQUE KEY `entityType` (`entityType`,`entityId`,`userId`),
  KEY `timeStamp` (`timeStamp`)
) ENGINE=MyISAM DEFAULT CHARSET=utf8 AUTO_INCREMENT=1 ;

-- --------------------------------------------------------

--
-- Table structure for table `ow_base_geolocation_country`
--

CREATE TABLE IF NOT EXISTS `ow_base_geolocation_country` (
  `id` int(11) NOT NULL AUTO_INCREMENT,
  `cc2` char(2) NOT NULL,
  `cc3` char(3) NOT NULL,
  `name` varchar(50) NOT NULL,
  PRIMARY KEY (`id`)
) ENGINE=MyISAM  DEFAULT CHARSET=utf8 AUTO_INCREMENT=239 ;

--
-- Dumping data for table `ow_base_geolocation_country`
--

INSERT INTO `ow_base_geolocation_country` (`id`, `cc2`, `cc3`, `name`) VALUES
(1, 'AW', 'ABW', 'ARUBA'),
(2, 'AF', 'AFG', 'AFGHANISTAN'),
(3, 'AO', 'AGO', 'ANGOLA'),
(4, 'AI', 'AIA', 'ANGUILLA'),
(5, 'AL', 'ALB', 'ALBANIA'),
(6, 'AD', 'AND', 'ANDORRA'),
(7, 'AN', 'ANT', 'NETHERLANDS ANTILLES'),
(8, 'AE', 'ARE', 'UNITED ARAB EMIRATES'),
(9, 'AR', 'ARG', 'ARGENTINA'),
(10, 'AM', 'ARM', 'ARMENIA'),
(11, 'AS', 'ASM', 'AMERICAN SAMOA'),
(12, 'AQ', 'ATA', 'ANTARCTICA'),
(13, 'TF', 'ATF', 'FRENCH SOUTHERN TERRITORIES'),
(14, 'AG', 'ATG', 'ANTIGUA AND BARBUDA'),
(15, 'AU', 'AUS', 'AUSTRALIA'),
(16, 'AT', 'AUT', 'AUSTRIA'),
(17, 'AZ', 'AZE', 'AZERBAIJAN'),
(18, 'BI', 'BDI', 'BURUNDI'),
(19, 'BE', 'BEL', 'BELGIUM'),
(20, 'BJ', 'BEN', 'BENIN'),
(21, 'BF', 'BFA', 'BURKINA FASO'),
(22, 'BD', 'BGD', 'BANGLADESH'),
(23, 'BG', 'BGR', 'BULGARIA'),
(24, 'BH', 'BHR', 'BAHRAIN'),
(25, 'BS', 'BHS', 'BAHAMAS'),
(26, 'BA', 'BIH', 'BOSNIA AND HERZEGOVINA'),
(27, 'BY', 'BLR', 'BELARUS'),
(28, 'BZ', 'BLZ', 'BELIZE'),
(29, 'BM', 'BMU', 'BERMUDA'),
(30, 'BO', 'BOL', 'BOLIVIA'),
(31, 'BR', 'BRA', 'BRAZIL'),
(32, 'BB', 'BRB', 'BARBADOS'),
(33, 'BN', 'BRN', 'BRUNEI DARUSSALAM'),
(34, 'BT', 'BTN', 'BHUTAN'),
(35, 'BV', 'BVT', 'BOUVET ISLAND'),
(36, 'BW', 'BWA', 'BOTSWANA'),
(37, 'CF', 'CAF', 'CENTRAL AFRICAN REPUBLIC'),
(38, 'CA', 'CAN', 'CANADA'),
(39, 'CH', 'CHE', 'SWITZERLAND'),
(40, 'CL', 'CHL', 'CHILE'),
(41, 'CN', 'CHN', 'CHINA'),
(42, 'CI', 'CIV', 'COTE D''IVOIRE'),
(43, 'CM', 'CMR', 'CAMEROON'),
(44, 'CD', 'COD', 'THE DEMOCRATIC REPUBLIC OF THE CONGO'),
(45, 'CG', 'COG', 'CONGO'),
(46, 'CK', 'COK', 'COOK ISLANDS'),
(47, 'CO', 'COL', 'COLOMBIA'),
(48, 'KM', 'COM', 'COMOROS'),
(49, 'CV', 'CPV', 'CAPE VERDE'),
(50, 'CR', 'CRI', 'COSTA RICA'),
(51, 'CU', 'CUB', 'CUBA'),
(52, 'KY', 'CYM', 'CAYMAN ISLANDS'),
(53, 'CY', 'CYP', 'CYPRUS'),
(54, 'CZ', 'CZE', 'CZECH REPUBLIC'),
(55, 'DE', 'DEU', 'GERMANY'),
(56, 'DJ', 'DJI', 'DJIBOUTI'),
(57, 'DM', 'DMA', 'DOMINICA'),
(58, 'DK', 'DNK', 'DENMARK'),
(59, 'DO', 'DOM', 'DOMINICAN REPUBLIC'),
(60, 'DZ', 'DZA', 'ALGERIA'),
(61, 'EC', 'ECU', 'ECUADOR'),
(62, 'EG', 'EGY', 'EGYPT'),
(63, 'ER', 'ERI', 'ERITREA'),
(64, 'ES', 'ESP', 'SPAIN'),
(65, 'EE', 'EST', 'ESTONIA'),
(66, 'ET', 'ETH', 'ETHIOPIA'),
(67, 'FI', 'FIN', 'FINLAND'),
(68, 'FJ', 'FJI', 'FIJI'),
(69, 'FK', 'FLK', 'FALKLAND ISLANDS (MALVINAS)'),
(70, 'FR', 'FRA', 'FRANCE'),
(71, 'FO', 'FRO', 'FAROE ISLANDS'),
(72, 'FM', 'FSM', 'FEDERATED STATES OF MICRONESIA'),
(73, 'GA', 'GAB', 'GABON'),
(74, 'GB', 'GBR', 'UNITED KINGDOM'),
(75, 'GE', 'GEO', 'GEORGIA'),
(76, 'GG', 'GGY', 'GUERNSEY'),
(77, 'GH', 'GHA', 'GHANA'),
(78, 'GI', 'GIB', 'GIBRALTAR'),
(79, 'GN', 'GIN', 'GUINEA'),
(80, 'GP', 'GLP', 'GUADELOUPE'),
(81, 'GM', 'GMB', 'GAMBIA'),
(82, 'GW', 'GNB', 'GUINEA-BISSAU'),
(83, 'GQ', 'GNQ', 'EQUATORIAL GUINEA'),
(84, 'GR', 'GRC', 'GREECE'),
(85, 'GD', 'GRD', 'GRENADA'),
(86, 'GL', 'GRL', 'GREENLAND'),
(87, 'GT', 'GTM', 'GUATEMALA'),
(88, 'GF', 'GUF', 'FRENCH GUIANA'),
(89, 'GU', 'GUM', 'GUAM'),
(90, 'GY', 'GUY', 'GUYANA'),
(91, 'HK', 'HKG', 'HONG KONG'),
(92, 'HN', 'HND', 'HONDURAS'),
(93, 'HR', 'HRV', 'CROATIA'),
(94, 'HT', 'HTI', 'HAITI'),
(95, 'HU', 'HUN', 'HUNGARY'),
(96, 'ID', 'IDN', 'INDONESIA'),
(97, 'IM', 'IMN', 'ISLE OF MAN'),
(98, 'IN', 'IND', 'INDIA'),
(99, 'IO', 'IOT', 'BRITISH INDIAN OCEAN TERRITORY'),
(100, 'IE', 'IRL', 'IRELAND'),
(101, 'IR', 'IRN', 'ISLAMIC REPUBLIC OF IRAN'),
(102, 'IQ', 'IRQ', 'IRAQ'),
(103, 'IS', 'ISL', 'ICELAND'),
(104, 'IL', 'ISR', 'ISRAEL'),
(105, 'IT', 'ITA', 'ITALY'),
(106, 'JM', 'JAM', 'JAMAICA'),
(107, 'JE', 'JEY', 'JERSEY'),
(108, 'JO', 'JOR', 'JORDAN'),
(109, 'JP', 'JPN', 'JAPAN'),
(110, 'KZ', 'KAZ', 'KAZAKHSTAN'),
(111, 'KE', 'KEN', 'KENYA'),
(112, 'KG', 'KGZ', 'KYRGYZSTAN'),
(113, 'KH', 'KHM', 'CAMBODIA'),
(114, 'KI', 'KIR', 'KIRIBATI'),
(115, 'KN', 'KNA', 'SAINT KITTS AND NEVIS'),
(116, 'KR', 'KOR', 'REPUBLIC OF KOREA'),
(117, 'KW', 'KWT', 'KUWAIT'),
(118, 'LA', 'LAO', 'LAO PEOPLE''S DEMOCRATIC REPUBLIC'),
(119, 'LB', 'LBN', 'LEBANON'),
(120, 'LR', 'LBR', 'LIBERIA'),
(121, 'LY', 'LBY', 'LIBYAN ARAB JAMAHIRIYA'),
(122, 'LC', 'LCA', 'SAINT LUCIA'),
(123, 'LI', 'LIE', 'LIECHTENSTEIN'),
(124, 'LK', 'LKA', 'SRI LANKA'),
(125, 'LS', 'LSO', 'LESOTHO'),
(126, 'LT', 'LTU', 'LITHUANIA'),
(127, 'LU', 'LUX', 'LUXEMBOURG'),
(128, 'LV', 'LVA', 'LATVIA'),
(129, 'MO', 'MAC', 'MACAO'),
(130, 'MF', 'MAF', 'SAINT MARTIN'),
(131, 'MA', 'MAR', 'MOROCCO'),
(132, 'MC', 'MCO', 'MONACO'),
(133, 'MD', 'MDA', 'REPUBLIC OF MOLDOVA'),
(134, 'MG', 'MDG', 'MADAGASCAR'),
(135, 'MV', 'MDV', 'MALDIVES'),
(136, 'MX', 'MEX', 'MEXICO'),
(137, 'MH', 'MHL', 'MARSHALL ISLANDS'),
(138, 'MK', 'MKD', 'THE FORMER YUGOSLAV REPUBLIC OF MACEDONIA'),
(139, 'ML', 'MLI', 'MALI'),
(140, 'MT', 'MLT', 'MALTA'),
(141, 'MM', 'MMR', 'MYANMAR'),
(142, 'ME', 'MNE', 'MONTENEGRO'),
(143, 'MN', 'MNG', 'MONGOLIA'),
(144, 'MP', 'MNP', 'NORTHERN MARIANA ISLANDS'),
(145, 'MZ', 'MOZ', 'MOZAMBIQUE'),
(146, 'MR', 'MRT', 'MAURITANIA'),
(147, 'MS', 'MSR', 'MONTSERRAT'),
(148, 'MQ', 'MTQ', 'MARTINIQUE'),
(149, 'MU', 'MUS', 'MAURITIUS'),
(150, 'MW', 'MWI', 'MALAWI'),
(151, 'MY', 'MYS', 'MALAYSIA'),
(152, 'YT', 'MYT', 'MAYOTTE'),
(153, 'NA', 'NAM', 'NAMIBIA'),
(154, 'NC', 'NCL', 'NEW CALEDONIA'),
(155, 'NE', 'NER', 'NIGER'),
(156, 'NF', 'NFK', 'NORFOLK ISLAND'),
(157, 'NG', 'NGA', 'NIGERIA'),
(158, 'NI', 'NIC', 'NICARAGUA'),
(159, 'NU', 'NIU', 'NIUE'),
(160, 'NL', 'NLD', 'NETHERLANDS'),
(161, 'NO', 'NOR', 'NORWAY'),
(162, 'NP', 'NPL', 'NEPAL'),
(163, 'NR', 'NRU', 'NAURU'),
(164, 'NZ', 'NZL', 'NEW ZEALAND'),
(165, 'OM', 'OMN', 'OMAN'),
(166, 'PK', 'PAK', 'PAKISTAN'),
(167, 'PA', 'PAN', 'PANAMA'),
(168, 'PE', 'PER', 'PERU'),
(169, 'PH', 'PHL', 'PHILIPPINES'),
(170, 'PW', 'PLW', 'PALAU'),
(171, 'PG', 'PNG', 'PAPUA NEW GUINEA'),
(172, 'PL', 'POL', 'POLAND'),
(173, 'PR', 'PRI', 'PUERTO RICO'),
(174, 'KP', 'PRK', 'DEMOCRATIC PEOPLE''S REPUBLIC OF KOREA'),
(175, 'PT', 'PRT', 'PORTUGAL'),
(176, 'PY', 'PRY', 'PARAGUAY'),
(177, 'PS', 'PSE', 'PALESTINIAN TERRITORY, OCCUPIED'),
(178, 'PF', 'PYF', 'FRENCH POLYNESIA'),
(179, 'QA', 'QAT', 'QATAR'),
(180, 'RE', 'REU', 'REUNION'),
(181, 'RO', 'ROM', 'ROMANIA'),
(182, 'RU', 'RUS', 'RUSSIAN FEDERATION'),
(183, 'RW', 'RWA', 'RWANDA'),
(184, 'SA', 'SAU', 'SAUDI ARABIA'),
(185, 'CS', 'SCG', 'SERBIA AND MONTENEGRO'),
(186, 'SD', 'SDN', 'SUDAN'),
(187, 'SN', 'SEN', 'SENEGAL'),
(188, 'SG', 'SGP', 'SINGAPORE'),
(189, 'GS', 'SGS', 'SOUTH GEORGIA AND THE SOUTH SANDWICH ISLANDS'),
(190, 'SB', 'SLB', 'SOLOMON ISLANDS'),
(191, 'SL', 'SLE', 'SIERRA LEONE'),
(192, 'SV', 'SLV', 'EL SALVADOR'),
(193, 'SM', 'SMR', 'SAN MARINO'),
(194, 'SO', 'SOM', 'SOMALIA'),
(195, 'PM', 'SPM', 'SAINT PIERRE AND MIQUELON'),
(196, 'RS', 'SRB', 'SERBIA'),
(197, 'ST', 'STP', 'SAO TOME AND PRINCIPE'),
(198, 'SR', 'SUR', 'SURINAME'),
(199, 'SK', 'SVK', 'SLOVAKIA'),
(200, 'SI', 'SVN', 'SLOVENIA'),
(201, 'SE', 'SWE', 'SWEDEN'),
(202, 'SZ', 'SWZ', 'SWAZILAND'),
(203, 'SC', 'SYC', 'SEYCHELLES'),
(204, 'SY', 'SYR', 'SYRIAN ARAB REPUBLIC'),
(205, 'TC', 'TCA', 'TURKS AND CAICOS ISLANDS'),
(206, 'TD', 'TCD', 'CHAD'),
(207, 'TG', 'TGO', 'TOGO'),
(208, 'TH', 'THA', 'THAILAND'),
(209, 'TJ', 'TJK', 'TAJIKISTAN'),
(210, 'TK', 'TKL', 'TOKELAU'),
(211, 'TM', 'TKM', 'TURKMENISTAN'),
(212, 'TL', 'TLS', 'TIMOR-LESTE'),
(213, 'TO', 'TON', 'TONGA'),
(214, 'TT', 'TTO', 'TRINIDAD AND TOBAGO'),
(215, 'TN', 'TUN', 'TUNISIA'),
(216, 'TR', 'TUR', 'TURKEY'),
(217, 'TV', 'TUV', 'TUVALU'),
(218, 'TW', 'TWN', 'TAIWAN'),
(219, 'TZ', 'TZA', 'UNITED REPUBLIC OF TANZANIA'),
(220, 'UG', 'UGA', 'UGANDA'),
(221, 'UA', 'UKR', 'UKRAINE'),
(222, 'UM', 'UMI', 'UNITED STATES MINOR OUTLYING ISLANDS'),
(223, 'UY', 'URY', 'URUGUAY'),
(224, 'US', 'USA', 'UNITED STATES'),
(225, 'UZ', 'UZB', 'UZBEKISTAN'),
(226, 'VA', 'VAT', 'HOLY SEE (VATICAN CITY STATE)'),
(227, 'VC', 'VCT', 'SAINT VINCENT AND THE GRENADINES'),
(228, 'VE', 'VEN', 'VENEZUELA'),
(229, 'VG', 'VGB', 'VIRGIN ISLANDS, BRITISH'),
(230, 'VI', 'VIR', 'VIRGIN ISLANDS, U.S.'),
(231, 'VN', 'VNM', 'VIET NAM'),
(232, 'VU', 'VUT', 'VANUATU'),
(233, 'WF', 'WLF', 'WALLIS AND FUTUNA'),
(234, 'WS', 'WSM', 'SAMOA'),
(235, 'YE', 'YEM', 'YEMEN'),
(236, 'ZA', 'ZAF', 'SOUTH AFRICA'),
(237, 'ZM', 'ZMB', 'ZAMBIA'),
(238, 'ZW', 'ZWE', 'ZIMBABWE');

-- --------------------------------------------------------

--
-- Table structure for table `ow_base_invitation`
--

CREATE TABLE IF NOT EXISTS `ow_base_invitation` (
  `id` int(11) NOT NULL AUTO_INCREMENT,
  `entityType` varchar(255) NOT NULL,
  `entityId` int(11) NOT NULL,
  `action` varchar(255) NOT NULL,
  `userId` int(11) NOT NULL,
  `pluginKey` varchar(255) NOT NULL,
  `timeStamp` int(11) NOT NULL,
  `viewed` int(11) NOT NULL,
  `sent` tinyint(4) NOT NULL DEFAULT '0',
  `active` tinyint(4) NOT NULL DEFAULT '1',
  `data` text,
  PRIMARY KEY (`id`),
  UNIQUE KEY `entityType` (`entityType`,`entityId`,`userId`),
  KEY `timeStamp` (`timeStamp`),
  KEY `userId` (`userId`)
) ENGINE=MyISAM DEFAULT CHARSET=utf8 AUTO_INCREMENT=1 ;

-- --------------------------------------------------------

--
-- Table structure for table `ow_base_invite_code`
--

CREATE TABLE IF NOT EXISTS `ow_base_invite_code` (
  `id` int(11) NOT NULL AUTO_INCREMENT,
  `code` varchar(255) NOT NULL,
  `expiration_stamp` int(11) NOT NULL,
  `userId` int(11) NOT NULL,
  PRIMARY KEY (`id`)
) ENGINE=MyISAM DEFAULT CHARSET=utf8 AUTO_INCREMENT=1 ;

-- --------------------------------------------------------

--
-- Table structure for table `ow_base_language`
--

CREATE TABLE IF NOT EXISTS `ow_base_language` (
  `id` int(11) NOT NULL AUTO_INCREMENT,
  `tag` varchar(32) NOT NULL,
  `label` varchar(32) NOT NULL,
  `order` int(11) NOT NULL DEFAULT '1',
  `status` enum('active','inactive') DEFAULT 'inactive',
  `rtl` tinyint(1) NOT NULL DEFAULT '0',
  PRIMARY KEY (`id`),
  UNIQUE KEY `tag` (`tag`)
) ENGINE=MyISAM  DEFAULT CHARSET=utf8 AUTO_INCREMENT=2 ;

--
-- Dumping data for table `ow_base_language`
--

INSERT INTO `ow_base_language` (`id`, `tag`, `label`, `order`, `status`, `rtl`) VALUES
(1, 'en', 'English', 1, 'active', 0);

-- --------------------------------------------------------

--
-- Table structure for table `ow_base_language_key`
--

CREATE TABLE IF NOT EXISTS `ow_base_language_key` (
  `id` int(11) NOT NULL AUTO_INCREMENT,
  `prefixId` int(11) NOT NULL DEFAULT '0',
  `key` varchar(255) NOT NULL,
  PRIMARY KEY (`id`),
  UNIQUE KEY `prefix_key` (`prefixId`,`key`)
) ENGINE=MyISAM  DEFAULT CHARSET=utf8 AUTO_INCREMENT=21034 ;

--
-- Dumping data for table `ow_base_language_key`
--

INSERT INTO `ow_base_language_key` (`id`, `prefixId`, `key`) VALUES
(5837, 7, 'forgot_password_heading'),
(1603, 1, 'you_are_editing'),
(1604, 1, 'check_other_langs'),
(1605, 1, 'add_new_text'),
(1606, 1, 'go'),
(1607, 1, 'search_results_for_keyword'),
(1608, 1, 'search'),
(1609, 1, 'original_value'),
(1610, 1, 'translation'),
(1611, 1, 'delete'),
(1612, 1, 'custom_keys'),
(1613, 1, 'save_this_page'),
(1614, 1, 'section'),
(1615, 1, 'all_sections'),
(1616, 1, 'missing_text'),
(1617, 1, 'page_note_part_1'),
(1618, 1, 'page_note_part_2'),
(1619, 1, 'msg_one_active_constraint'),
(1620, 1, 'empty'),
(1621, 1, 'missing_keys2'),
(1622, 1, 'active_languages'),
(1623, 1, 'language'),
(1624, 1, 'btn_label_edit'),
(1625, 1, 'btn_label_clone'),
(1626, 1, 'btn_label_deactivate'),
(1627, 1, 'btn_label_activate'),
(1628, 1, 'btn_label_delete'),
(9030, 7, 'authorization_action_newsfeed_add_comment'),
(1682, 1, 'import_lang_note'),
(1683, 1, 'add_new_lang_or_pack'),
(1684, 1, 'select_items_to_import_note'),
(1685, 1, 'lang_import_check_all'),
(1686, 1, 'import_lang_button_label'),
(1687, 1, 'export_lang_header'),
(1688, 1, 'export_lang_note'),
(1689, 1, 'export_lang_button_label'),
(1690, 1, 'export_lang_note2'),
(1691, 1, 'export_lang_button_label2'),
(1692, 1, 'show'),
(1693, 1, 'edit_language'),
(1694, 1, 'available_languages'),
(1695, 1, 'add_key_form_lbl_key'),
(1696, 1, 'add_key_form_lbl_val'),
(1697, 1, 'add_key_form_lbl_add'),
(1698, 1, 'lang_file'),
(1699, 1, 'inactive_languages'),
(1700, 1, 'clone_language'),
(1701, 1, 'clone_form_lbl_label'),
(1702, 1, 'title_add_new_text'),
(1703, 1, 'clone_form_descr_label'),
(1704, 1, 'are_you_sure'),
(1705, 1, 'clone_form_lbl_tag'),
(1706, 1, 'clone_form_descr_tag'),
(1708, 1, 'clone_form_lbl_submit'),
(1709, 1, 'search_no_results_for_keyword'),
(1710, 1, 'no_values'),
(1711, 7, 'forgot_password_submit_label'),
(1712, 1, 'def'),
(1713, 1, 'msg_dublicate_key'),
(9029, 7, 'authorization_group_newsfeed'),
(1741, 7, 'month_2'),
(1742, 7, 'month_8'),
(1743, 7, 'month_9'),
(1745, 7, 'all'),
(1746, 7, 'archive'),
(1747, 7, 'are_you_sure'),
(15468, 1, 'themes_item_add_success_message'),
(1752, 7, 'comments_label'),
(1754, 7, 'by'),
(1755, 7, 'more'),
(5833, 7, 'forgot_password_no_user_error_message'),
(15469, 1, 'theme_add_duplicated_dir_error'),
(1768, 7, 'flag'),
(1769, 7, 'edit'),
(1770, 7, 'delete'),
(15467, 1, 'themes_add_theme_page_heading'),
(1773, 7, 'approve'),
(1774, 7, 'disapprove'),
(15472, 7, 'user_search_back_to_search'),
(15471, 7, 'edit_remote_field_synchronize_title'),
(1855, 7, 'avatar_avatar_is'),
(1856, 7, 'avatar_current'),
(1857, 7, 'avatar_new'),
(1858, 7, 'avatar_crop'),
(1859, 7, 'avatar_crop_instructions'),
(1860, 7, 'avatar_picture'),
(1861, 7, 'avatar_apply_crop'),
(16390, 1, 'error_cant_connect_to_host'),
(1863, 7, 'avatar_preview'),
(1886, 1, 'permissions_roles'),
(1887, 1, 'sidebar_menu_item_settings_language'),
(1889, 1, 'sidebar_menu_item_pages_manage'),
(1890, 1, 'themes_choose_activate_button_label'),
(1891, 1, 'theme_settings_form_submit_label'),
(2583, 1, 'permissions_edit_role'),
(1893, 1, 'theme_settings_no_controls_label'),
(1894, 7, 'not_valid_image'),
(1895, 7, 'questions_question_user_photo_label'),
(1896, 7, 'join_error_photo_file_is_not_valid'),
(1897, 1, 'sidebar_menu_item_theme_choose'),
(1898, 7, 'join_error_password_too_long'),
(1899, 7, 'join_error_password_too_short'),
(1900, 7, 'join_error_password_not_valid'),
(1901, 7, 'join_error_email_already_exist'),
(1902, 7, 'join_error_email_not_valid'),
(1903, 7, 'join_error_username_not_valid'),
(1904, 1, 'themes_choose_list_cap_title'),
(1905, 1, 'themes_choose_page_title'),
(1906, 7, 'join_error_username_already_exist'),
(1918, 1, 'delete_btn_label'),
(1919, 7, 'date_time_today'),
(1920, 1, 'save_btn_label'),
(1921, 1, 'updated_msg'),
(1922, 1, 'page_default_title'),
(1923, 1, 'page_default_heading'),
(1926, 11, 'page_custom_title'),
(1927, 7, 'main_menu_my_profile'),
(1928, 7, 'main_menu_index'),
(1930, 11, 'page_default_title'),
(1931, 11, 'page_default_heading'),
(1932, 11, 'page_default_description'),
(1933, 11, 'page_default_keywords'),
(1934, 1, 'themes_settings_page_title'),
(1935, 1, 'sidebar_menu_settings'),
(1936, 1, 'sidebar_menu_pages'),
(1937, 1, 'sidebar_menu_appearance'),
(1938, 1, 'sidebar_menu_users'),
(1939, 1, 'sidebar_menu_plugins'),
(1940, 7, 'sign_in_submit_label'),
(1942, 1, 'sidebar_menu_item_theme_edit'),
(1943, 1, 'theme_css_edit_css_box_cap_label'),
(1944, 1, 'theme_css_edit_submit_label'),
(1948, 7, 'tag_cloud_cap_label'),
(1949, 1, 'permissions_moderators'),
(1950, 1, 'permissions_index'),
(1951, 11, 'menu_item_main_photo_list'),
(1952, 11, 'menu_item_main_forum'),
(1953, 1, 'theme_css_existing_css_box_cap_label'),
(1954, 1, 'theme_graphics_delete_success_message'),
(1955, 1, 'theme_graphics_upload_form_fail_message'),
(1956, 1, 'theme_graphics_upload_form_success_message'),
(1957, 1, 'theme_graphics_upload_form_submit_label'),
(1958, 1, 'theme_graphics_table_delete'),
(1959, 1, 'theme_graphics_table_url'),
(1960, 1, 'theme_graphics_table_preview'),
(1961, 1, 'theme_graphics_list_cap_label'),
(1962, 1, 'theme_graphics_upload_label'),
(1963, 7, 'questions_question_account_type_label'),
(2170, 1, 'site_tagline'),
(1965, 1, 'theme_settings_cap_label'),
(1966, 1, 'theme_info_author_url_label'),
(1967, 1, 'theme_info_author_label'),
(1968, 7, 'pages_label'),
(1970, 1, 'main_menu_admin'),
(1971, 7, 'date_time_within_one_minute'),
(1972, 7, 'date_time_one_minute_ago'),
(1973, 7, 'date_time_minutes_ago'),
(1974, 7, 'users_main_menu_item'),
(1976, 1, 'theme_info_compatibility_label'),
(1977, 7, 'cmp_add_new_content_box_cap_label'),
(1978, 1, 'theme_info_version_label'),
(2601, 1, 'permissions_default_role'),
(2556, 7, 'email_verify_template_html'),
(2476, 1, 'questions_question_description_label'),
(3807, 1, 'sidebar_menu_privacy'),
(1992, 7, 'comment_add_submit_label'),
(1993, 7, 'comment_box_cap_label'),
(1994, 7, 'avatar_btn_upload'),
(1995, 7, 'avatar_upload_types'),
(2643, 7, 'questions_question_realname_description'),
(1998, 7, 'avatar_change_avatar'),
(1999, 7, 'questions_no_section_label'),
(2000, 7, 'questions_add_new_account_type'),
(2008, 7, 'join_submit_button_continue'),
(2009, 7, 'join_submit_button_join'),
(19874, 7, 'questions_question_field_99ffe3d7824012d456c2f6233a01f64f_description'),
(19875, 7, 'questions_question_field_99ffe3d7824012d456c2f6233a01f64f_label'),
(2012, 7, 'questions_section_47f3a94e6cfe733857b31116ce21c337_label'),
(2013, 1, 'sidebar_menu_item_plugin_photo'),
(2014, 1, 'sidebar_menu_item_plugin_video'),
(2015, 7, 'comment_add_post_error'),
(2016, 7, 'comment_add_auth_error'),
(2017, 7, 'comment_no_comments'),
(2018, 7, 'comment_delete_label'),
(2019, 7, 'date_time_one_hour_ago'),
(2020, 7, 'date_time_hours_ago'),
(2021, 7, 'date_time_yesterday'),
(2022, 7, 'date_time_at_label'),
(2025, 7, 'date_time_month_short_9'),
(2026, 7, 'date_time_month_short_1'),
(2027, 7, 'date_time_month_short_2'),
(2028, 7, 'date_time_month_short_3'),
(2029, 7, 'date_time_month_short_4'),
(2030, 7, 'date_time_month_short_5'),
(2031, 7, 'date_time_month_short_6'),
(2032, 7, 'date_time_month_short_7'),
(2033, 7, 'date_time_month_short_8'),
(2034, 7, 'date_time_month_short_10'),
(2035, 7, 'date_time_month_short_11'),
(2036, 7, 'date_time_month_short_12'),
(2037, 1, 'sidebar_menu_item_graphics'),
(2038, 1, 'sidebar_menu_item_css'),
(2039, 1, 'sidebar_menu_item_settings'),
(2041, 7, 'questions_question_repeat_password_label'),
(2042, 7, 'questions_question_password_label'),
(2043, 7, 'questions_question_email_label'),
(2044, 1, 'sidebar_menu_item_questions'),
(2047, 7, 'questions_question_username_label'),
(2397, 7, 'questions_account_type_ef5e279523aed72d87fd8a1fd59d592f'),
(2427, 7, 'questions_section_f90cde5913235d172603cc4e7b9726e3_label'),
(2051, 1, 'sidebar_menu_item_permissions'),
(2058, 7, 'widgets_customize_btn'),
(2059, 7, 'avatar_change'),
(2060, 7, 'avatar_console_edit_profile'),
(2061, 7, 'base_document_404_heading'),
(2062, 7, 'base_document_404'),
(2065, 7, 'view_all'),
(2066, 7, 'month_12'),
(2070, 7, 'user_list_menu_item_latest'),
(2071, 7, 'user_list_menu_item_featured'),
(2072, 7, 'widgets_finish_customize_btn'),
(2073, 7, 'widgets_reset_customization'),
(2074, 7, 'custom_html_widget_default_title'),
(2075, 1, 'sidebar_menu_admin'),
(2076, 7, 'widgets_section_box_title'),
(2077, 1, 'sidebar_menu_dashboard'),
(2078, 1, 'sidebar_menu_item_user_dashboard'),
(2079, 1, 'sidebar_menu_item_user_profile'),
(2080, 7, 'join_index_join_button'),
(2081, 1, 'sidebar_menu_plugins_manage'),
(2082, 7, 'authorization_role_guest'),
(2611, 7, 'massmailing_unsubscribe_successful'),
(2085, 7, 'widgets_action_edit'),
(2086, 7, 'widgets_action_delete'),
(2088, 7, 'custom_html_widget_content_label'),
(2093, 7, 'custom_html_widget_nl2br_label'),
(2096, 7, 'authorization_group_video'),
(2097, 7, 'authorization_action_video_add'),
(2098, 7, 'authorization_action_video_view'),
(2099, 7, 'authorization_group_photo'),
(2100, 7, 'authorization_action_photo_view'),
(2101, 7, 'authorization_action_photo_upload'),
(2102, 7, 'authorization_action_photo_add_comment'),
(2103, 7, 'authorization_action_photo_delete_comment_by_content_owner'),
(2104, 7, 'authorization_group_base'),
(2105, 7, 'authorization_action_base_add_comment'),
(2106, 7, 'authorization_action_base_delete_comment_by_content_owner'),
(2107, 1, 'back_to_site_label'),
(2108, 7, 'widgets_fb_default_settings_label'),
(2109, 7, 'widgets_default_settings_title'),
(2110, 7, 'widgets_default_settings_show_title'),
(2111, 7, 'widgets_default_settings_icon'),
(2112, 7, 'widgets_default_settings_wib'),
(2113, 7, 'widgets_default_settings_freeze'),
(2114, 7, 'widgets_admin_section_information'),
(2115, 7, 'widgets_admin_legend'),
(2116, 7, 'widgets_allow_customize_legend'),
(2117, 7, 'widgets_delete_component_confirm'),
(2118, 7, 'widgets_allow_customize_label'),
(2122, 7, 'widgets_fb_setting_box_title'),
(2130, 1, 'main_menu_item'),
(2125, 7, 'cmp_widget_wall_comments_count'),
(2126, 7, 'cmp_widget_wall_comments_mode'),
(2127, 7, 'cmp_widget_wall_comments_mode_option_2'),
(2128, 7, 'cmp_widget_wall_comments_mode_option_1'),
(2131, 7, 'user_list_widget_empty'),
(2132, 7, 'user_list_menu_item_online'),
(2134, 7, 'widgets_customize_label'),
(2135, 7, 'questions_question_birthdate_label'),
(2997, 7, 'base_join_menu_item'),
(2141, 1, 'admin_dashboard'),
(2142, 1, 'sidebar_menu_item_users'),
(2143, 1, 'sidebar_menu_item_main_settings'),
(2144, 7, 'view_index'),
(2145, 7, 'rss_widget_default_title'),
(2146, 7, 'rss_widget_count_label'),
(2147, 7, 'rss_widget_url_label'),
(2148, 7, 'rss_widget_url_invalid_msg'),
(2555, 7, 'email_verify_send_verify_mail_button_label'),
(2257, 1, 'questions_delete_question_confirmation'),
(2155, 7, 'join_promo'),
(2536, 1, 'questions_add_new_account_type'),
(2523, 1, 'questions_add_values_description'),
(2161, 1, 'heading_main_settings'),
(2162, 1, 'menu_item_basics'),
(9873, 1, 'heading_user_settings'),
(2164, 7, 'questions_question_accountType_description'),
(2165, 7, 'questions_question_username_description'),
(2166, 7, 'questions_question_email_description'),
(2167, 7, 'join_index'),
(2168, 1, 'site_installation'),
(2169, 1, 'site_title'),
(2171, 1, 'site_tagline_desc'),
(2172, 1, 'site_description'),
(2173, 1, 'site_description_desc'),
(2174, 1, 'time_settings'),
(2175, 1, 'timezone'),
(2176, 1, 'use_relative_time'),
(2177, 1, 'site_relative_time_desc'),
(2178, 7, 'questions_question_sex_label'),
(2179, 7, 'questions_question_sex_description'),
(2180, 7, 'questions_question_sex_value_1'),
(2181, 7, 'questions_question_sex_value_2'),
(2182, 7, 'questions_question_accountType_label'),
(2183, 7, 'questions_checkbox_value_true'),
(2184, 7, 'questions_checkbox_value_false'),
(2185, 1, 'main_settings_updated'),
(2186, 7, 'widgets_no_content'),
(2187, 7, 'rss_widget_title_only_label'),
(2188, 7, 'view_no_section_label'),
(4717, 1, 'core_update_leave_button_label'),
(3812, 1, 'menu_item_users_recently_active'),
(2196, 1, 'menu_item_user_roles'),
(2200, 7, 'questions_empty_lang_value'),
(2207, 7, 'authorization_group_blogs'),
(2208, 7, 'authorization_action_blogs_add_comment'),
(2214, 7, 'about_me_widget_inv_text'),
(2215, 7, 'about_me_widget_default_title'),
(2216, 7, 'about_me_widget_content_saved'),
(2217, 1, 'heading_browse_users'),
(2218, 1, 'no_users'),
(2219, 7, 'check_all'),
(2220, 7, 'with_selected'),
(2231, 1, 'joined'),
(2232, 1, 'user'),
(2233, 7, 'form_element_select_field_invitation_label'),
(2234, 7, 'form_element_common_invitation_text'),
(2235, 1, 'user_delete_msg'),
(2236, 1, 'confirm_delete_users'),
(2642, 7, 'questions_question_realname_label'),
(2554, 7, 'email_verify_index'),
(2582, 1, 'massmailing_send_mails_message'),
(5832, 7, 'forgot_password_form_text'),
(2256, 1, 'questions_question_was_deleted'),
(2269, 7, 'component_sign_in_login_invitation'),
(2270, 7, 'rates_box_cap_label'),
(2271, 1, 'questions_section_was_deleted'),
(2430, 7, 'questions_admin_description_label'),
(2429, 7, 'questions_admin_question_label'),
(2329, 7, 'questions_menu_add'),
(2330, 7, 'questions_menu_editAccountType'),
(2436, 7, 'copyright'),
(2324, 7, 'questions_account_type_was_added'),
(2314, 1, 'questions_account_type_was_deleted'),
(2307, 7, 'questions_admin_edit_label'),
(2308, 7, 'questions_admin_delete_label'),
(2660, 7, 'suspended_user_page_content'),
(2328, 7, 'questions_menu_index'),
(2312, 7, 'forgot_password_cap_label'),
(2313, 7, 'forgot_password_email_invitation_message'),
(2315, 7, 'forgot_password_mail_template_subject'),
(6052, 7, 'reset_password_mail_template_subject'),
(2365, 7, 'questions_menu_settings'),
(16387, 1, 'add_button'),
(2333, 7, 'comments_add_auth_message'),
(2334, 7, 'questions_question_presentation_text_label'),
(15499, 7, 'questions_question_55c95a36e50b0d7a795fb1caa8a8e520_label'),
(2337, 7, 'questions_question_presentation_textarea_label'),
(2338, 7, 'questions_question_presentation_checkbox_label'),
(2339, 7, 'questions_question_presentation_multicheckbox_label'),
(2340, 7, 'questions_question_presentation_date_label'),
(2341, 7, 'questions_question_presentation_url_label'),
(2342, 7, 'questions_question_presentation_password_label'),
(2654, 7, 'email_verify_verify_mail_was_sent'),
(2655, 7, 'suspend_user_btn'),
(2656, 7, 'user_suspend_btn_lbl'),
(2366, 7, 'questions_config_user_view_presentation_description'),
(2355, 1, 'sidebar_menu_item_plugin_blogs'),
(2356, 1, 'sidebar_menu_item_plugin_links'),
(2367, 7, 'questions_config_user_view_presentation_label'),
(2368, 7, 'authorization_action_blogs_add'),
(2370, 7, 'authorization_action_blogs_view'),
(2374, 7, 'edit_button'),
(2375, 7, 'edit_successfull_edit'),
(2376, 7, 'edit_index'),
(2390, 1, 'questions_edit_section_name_title'),
(2381, 7, 'widgets_panel_dashboard_label'),
(2382, 1, 'page_title_manage_plugins'),
(2383, 1, 'manage_plugins_active_box_cap_label'),
(2384, 1, 'manage_plugins_inactive_box_cap_label'),
(2385, 1, 'manage_plugins_settings_button_label'),
(2386, 1, 'manage_plugins_deactivate_button_label'),
(2387, 1, 'manage_plugins_activate_button_label'),
(2388, 1, 'manage_plugins_uninstall_button_label'),
(2389, 1, 'manage_plugins_install_button_label'),
(2391, 1, 'questions_edit_question_value_title'),
(2392, 1, 'questions_edit_question_name_title'),
(2393, 1, 'questions_edit_question_description_title'),
(2394, 7, 'questions_account_type_all'),
(2395, 1, 'questions_edit_account_type_name_title'),
(2396, 1, 'manage_plugins_install_success_message'),
(2406, 7, 'questions_account_type_290365aadde35a97f11207ca7e4279cc'),
(16389, 1, 'default_role'),
(2593, 7, 'massmailing_unsubscribe'),
(2594, 1, 'permissions_roles_deleted_msg'),
(2599, 1, 'permissions_user_role'),
(2600, 1, 'permissions_number_of_users'),
(2595, 1, 'permissions_please_select_role'),
(2589, 1, 'permissions_role_added_msg'),
(2588, 1, 'permissions_add_form_role_lbl'),
(2581, 7, 'rate_cmp_success_message'),
(2425, 7, 'auth_identity_not_found_error_message'),
(2426, 7, 'auth_invlid_password_error_message'),
(2431, 7, 'auth_success_message'),
(2468, 1, 'msg_lang_cloned'),
(2469, 1, 'heading_questions'),
(2472, 1, 'languages_page_heading'),
(2473, 1, 'questions_account_type_label'),
(2474, 1, 'questions_new_question_label'),
(2475, 1, 'questions_question_name_label'),
(2477, 1, 'questions_for_account_type_label'),
(2478, 1, 'questions_for_account_type_description'),
(2479, 1, 'questions_question_section_label'),
(2480, 1, 'questions_answer_type_label'),
(18463, 1, 'questions_delete_account_type_confirmation'),
(2486, 1, 'questions_possible_values_description'),
(2487, 1, 'questions_columns_count_label'),
(2488, 1, 'questions_required_label'),
(2489, 1, 'questions_required_description'),
(2490, 1, 'questions_on_sing_up_label'),
(2491, 1, 'questions_on_sing_up_description'),
(2492, 1, 'questions_on_edit_label'),
(2493, 1, 'questions_on_edit_description'),
(2494, 1, 'questions_on_view_label'),
(2495, 1, 'questions_on_view_description'),
(2496, 1, 'questions_on_search_description'),
(2497, 1, 'questions_on_search_label'),
(2498, 1, 'questions_save_and_new_label'),
(2585, 1, 'massmailing_unsubscribe_link_text'),
(2584, 1, 'massmailing_unsubscribe_link_html'),
(2501, 1, 'questions_add_question_message'),
(2504, 1, 'questions_update_question_message'),
(18472, 253, 'admin_nav_item_type_external'),
(2505, 1, 'pages_new_form_or'),
(2506, 1, 'questions_edit_delete_value_confirm_message'),
(2511, 1, 'pages_page_field_meta_desc'),
(16388, 1, 'add_question_value_description'),
(2513, 1, 'questions_edit_question_description_label'),
(2515, 1, 'questions_admin_existing_values'),
(2516, 1, 'questions_admin_dragndrop_reorder'),
(2517, 1, 'questions_add_question_values_title'),
(2518, 1, 'questions_question_was_not_update_message'),
(2519, 1, 'questions_question_was_not_updated_message'),
(2541, 1, 'questions_section_was_added'),
(2522, 1, 'questions_add_values_label'),
(2525, 1, 'questions_add_values_submit_button'),
(2526, 1, 'pages_page_heading'),
(2531, 1, 'questions_empty_lang_value'),
(2529, 1, 'questions_question_is_not_exist'),
(2533, 1, 'questions_add_question_values_message'),
(2542, 1, 'questions_index_info_txt'),
(2540, 1, 'questions_account_type_was_added'),
(2543, 1, 'questions_index_drag_n_drop_info_txt'),
(2544, 1, 'questions_add_new_question_button'),
(2545, 1, 'questions_profile_question_sections_title'),
(2546, 1, 'questions_section_info_txt'),
(2547, 1, 'questions_new_section_label'),
(2549, 1, 'questions_delete_section_confirmation'),
(2557, 7, 'email_verify_template_text'),
(2558, 7, 'email_verify_email_verify_success'),
(2559, 1, 'questions_add_new_section_button'),
(2561, 7, 'new_message_count_text'),
(2562, 1, 'sidebar_menu_item_dev_langs'),
(2661, 7, 'user_feedback_profile_unsuspended'),
(2564, 7, 'email_verify_promo'),
(2565, 7, 'email_verify_email_verify_fail'),
(2568, 1, 'permissions_edit_role_btn'),
(2569, 1, 'permissions_add_role_btn'),
(2570, 1, 'massmailing_ignore_unsubscribe_label'),
(2571, 1, 'massmailing_email_format_html'),
(2572, 1, 'massmailing_email_format_text'),
(2573, 1, 'massmailing_body_label'),
(2574, 1, 'massmailing_subject_label'),
(2575, 1, 'massmailing_email_format_label'),
(2576, 1, 'massmailing_user_section_label'),
(2577, 1, 'massmailing_total_members'),
(2578, 1, 'massmailing_preview_label'),
(2579, 1, 'massmailing_compose_email'),
(2580, 1, 'massmailing_start_mailing_button'),
(2602, 1, 'permissions_check_all_selected'),
(2603, 1, 'permissions_delete_role'),
(2604, 1, 'permissions_are_you_sure'),
(2605, 1, 'permissions_go_to_permissions_page'),
(2609, 7, 'authorization_role_wqewq'),
(2612, 7, 'massmailing_unsubscribe_failed'),
(2613, 1, 'massmailing'),
(2615, 7, 'questions_section_user_photo_label'),
(2616, 7, 'questions_section_captcha_label'),
(2620, 1, 'massmailing_following_variables_text'),
(2850, 7, 'widgets_admin_customization_box_title'),
(2626, 1, 'user_display_settings'),
(2627, 1, 'user_avatar_settings'),
(2628, 1, 'user_settings_updated'),
(2629, 1, 'user_settings_avatar_size'),
(2630, 1, 'user_settings_big_avatar_size'),
(2632, 1, 'user_settings_display_name'),
(2633, 1, 'user_settings_display_name_desc'),
(2634, 1, 'user_settings_avatar_size_desc'),
(2635, 1, 'user_settings_big_avatar_size_desc'),
(2662, 7, 'user_unsuspend_btn_lbl'),
(2657, 7, 'user_feedback_profile_suspended'),
(2659, 1, 'user_feedback_profiles_suspended'),
(2736, 1, 'pages_edit_local_page_content'),
(2735, 1, 'pages_edit_local_visible_for'),
(2743, 1, 'themes_settings_reset_label'),
(2667, 7, 'widgets_admin_dashboard_heading'),
(2668, 7, 'widgets_admin_profile_heading'),
(2670, 7, 'join_successful_join'),
(2671, 7, 'user_page_suspended'),
(2673, 7, 'profile_view_title'),
(2674, 7, 'profile_view_heading'),
(2675, 7, 'my_profile_title'),
(2676, 1, 'my_profile_heading'),
(2677, 1, 'theme_settings_reset_confirm_message'),
(2680, 1, 'theme_graphics_image_delete_confirm_message'),
(2732, 1, 'pages_edit_local_menu_name'),
(2784, 1, 'permissions_successfully_updated'),
(2734, 1, 'pages_edit_local_page_url'),
(2733, 1, 'pages_edit_local_page_title'),
(19899, 7, 'questions_section_6df9296c9e6631e69ccc1bb5cfa639e8_label'),
(19900, 7, 'questions_question_field_c62c8d7979f7f1caeb55ccaeb5d5d921_description'),
(2731, 1, 'pages_edit_external_visible_for'),
(2834, 1, 'permissions_go_to_role_management_page'),
(2727, 1, 'pages_edit_external_menu_name_label'),
(2728, 1, 'pages_edit_external_url_label'),
(2729, 7, 'comments_add_login_message'),
(2730, 1, 'pages_edit_external_url_open_in_new_window'),
(19902, 7, 'questions_question_field_4b22ad6c6dfb72bfeb21ca1c506ee611_description'),
(19901, 7, 'questions_question_field_c62c8d7979f7f1caeb55ccaeb5d5d921_label'),
(2737, 1, 'pages_edit_visible_for_guests'),
(2738, 1, 'pages_edit_visible_for_members'),
(2739, 1, 'pages_add_menu_name'),
(2740, 1, 'pages_add_page_content'),
(2741, 1, 'page_add_page_address'),
(15519, 7, 'page_81959573'),
(2745, 7, 'wackwall'),
(2746, 7, 'openwack'),
(2747, 1, 'themes_settings_graphics_preview_cap_label'),
(2748, 7, 'my_profile_heading'),
(3016, 7, 'local_page_title_page-283934'),
(2860, 7, 'component_add_new_box_cap_label'),
(2783, 1, 'permissions_page_heading'),
(2785, 1, 'permissions_feedback_user_not_found'),
(2786, 1, 'permissions_feedback_moderator_added'),
(2789, 1, 'permissions_feedback_user_kicked_from_moders'),
(2788, 1, 'permissions_feedback_user_is_already_moderator'),
(2790, 1, 'permissions_feedback_cant_remove_moder'),
(2791, 1, 'permissions_index_who_can_join'),
(2792, 1, 'permissions_index_anyone_can_join'),
(2793, 1, 'permissions_index_by_invitation_only_can_join'),
(2794, 1, 'permissions_index_who_can_invite'),
(2795, 1, 'permissions_index_all_users_can_invate'),
(2796, 1, 'permissions_index_admin_only_can_invate'),
(2798, 1, 'permissions_index_mandatory_member_approve'),
(2799, 1, 'permissions_index_moders_approve_members_manually'),
(2800, 1, 'permissions_index_guests_can_view_site'),
(2801, 1, 'permissions_index_yes'),
(2802, 1, 'permissions_index_no'),
(2804, 1, 'permissions_index_with_password'),
(2805, 1, 'permissions_idex_if_not_yes_will_override_settings'),
(2806, 1, 'permissions_index_save'),
(2807, 1, 'permissions_moders_content'),
(2809, 1, 'permissions_moders_add_moder'),
(2810, 1, 'permissions_moders_username'),
(2812, 1, 'permissions_moders_make_moderator'),
(2815, 7, 'empty_list'),
(2822, 1, 'sidebar_menu_item_plugin_mass_mailing'),
(2823, 7, 'authorization_action_video_add_comment'),
(2824, 7, 'authorization_action_video_delete_comment_by_content_owner'),
(2825, 1, 'confirm_suspend_users'),
(2827, 7, 'authorization_action_blogs_delete_comment_by_content_owner'),
(2829, 7, 'users_browse_page_heading'),
(2830, 1, 'manage_plugins_activate_success_message'),
(2831, 1, 'manage_plugins_deactivate_success_message'),
(2835, 7, 'authorization_failed_feedback'),
(2843, 7, 'authorization_failed_msg'),
(2844, 7, 'form_validator_required_error_message'),
(2845, 7, 'comments_widget_label'),
(2846, 7, 'avatar_widget'),
(2847, 7, 'email_verify_subject'),
(2868, 7, 'questions_question_d37d41b71a78dfb62b379d0aa7bd3ba5_value_1'),
(2876, 1, 'languages_values_updated'),
(2877, 7, 'user_no_users'),
(2880, 1, 'site_email'),
(2881, 1, 'site_email_desc'),
(2884, 7, 'activity_widget_title'),
(3011, 1, 'sidebar_menu_item_plugin_contact_importer'),
(3012, 7, 'rate_cmp_auth_error_message'),
(3021, 7, 'local_page_title_page-225003'),
(3029, 7, 'page-728242'),
(3018, 7, 'local_page_content_page-283934'),
(2895, 7, 'month_1'),
(2899, 7, 'user_feedback_marked_as_featured'),
(2900, 7, 'user_feedback_unmarked_as_featured'),
(2901, 7, 'user_action_mark_as_featured'),
(2902, 7, 'user_action_unmark_as_featured'),
(2903, 7, 'authorization_group_friends'),
(2904, 7, 'authorization_action_friends_add_friend'),
(2906, 7, 'avatar_select_image'),
(2923, 7, 'change_password'),
(2924, 7, 'change_password_old_password'),
(2925, 7, 'change_password_new_password'),
(2926, 7, 'change_password_repeat_password'),
(2927, 7, 'change_password_success'),
(2928, 7, 'change_password_error'),
(2932, 7, 'avatar_activity_string'),
(2934, 7, 'join_activity_string'),
(2935, 7, 'join_activity_user_avatar'),
(2936, 7, 'edit_activity_string'),
(2958, 7, 'widgets_reset_position_confirm'),
(5796, 7, 'authorization_group_membership'),
(2993, 7, 'unsuspend_user_btn'),
(2994, 7, 'user_feedback_profiles_unsuspended'),
(2995, 1, 'user_feedback_profiles_unsuspended'),
(3770, 7, 'flag_spam'),
(3023, 7, 'local_page_content_page-225003'),
(3025, 7, 'local_page_title_page-6940'),
(3027, 7, 'local_page_content_page-6940'),
(3030, 7, 'local_page_title_page-728242'),
(3032, 7, 'local_page_content_page-728242'),
(3037, 7, 'delete_user_cancel_button'),
(3034, 7, 'local_page_title_page-366195'),
(3036, 7, 'local_page_content_page-366195'),
(3038, 7, 'delete_user_delete_button'),
(3039, 7, 'delete_user_index'),
(3040, 7, 'edit_profile_link'),
(3041, 7, 'delete_profile'),
(3045, 7, 'delete_user_confirmation'),
(3046, 7, 'email_verify_verification_code_label'),
(3050, 7, 'email_verify_invalid_verification_code'),
(3048, 7, 'email_verify_verification_code_submit_button_label'),
(3049, 7, 'email_verify_form_promo'),
(3051, 7, 'questions_config_date_field_format_label'),
(3052, 7, 'questions_config_date_field_format_mdy'),
(3053, 7, 'questions_config_date_field_format_dmy'),
(3054, 1, 'question_settings_updated'),
(3056, 7, 'delete_user_content_label'),
(3066, 7, 'local_page_title_page-775058'),
(3068, 7, 'local_page_content_page-775058'),
(3070, 7, 'local_page_title_page-312097'),
(3072, 7, 'local_page_content_page-312097'),
(3077, 7, 'profile_toolbar_user_delete_label'),
(3078, 7, 'delete_user_confirmation_label'),
(3079, 7, 'delete_user_success_message'),
(3081, 7, 'admin_delete_user_text'),
(3082, 1, 'mail_settings_updated'),
(3083, 1, 'menu_item_mail_settings'),
(3084, 1, 'mail_smtp_title_enabled'),
(3085, 1, 'mail_smtp_title_enabled_desc'),
(3086, 1, 'mail_smtp_title_host'),
(3087, 1, 'mail_smtp_title_user'),
(3088, 1, 'mail_smtp_title_password'),
(3089, 1, 'mail_smtp_connection_prefix'),
(3090, 1, 'mail_smtp_connection_prefix_desc'),
(3092, 1, 'heading_mail_settings'),
(3097, 1, 'mail_smtp_secure_invitation'),
(3096, 1, 'mail_smtp_test_connection_title'),
(3098, 1, 'mail_smtp_connection_desc'),
(3099, 1, 'mail_smtp_test_connection_btn'),
(3100, 1, 'smtp_test_connection_success'),
(3101, 7, 'month_3'),
(3102, 7, 'month_4'),
(3104, 7, 'month_5'),
(3105, 7, 'month_6'),
(3106, 7, 'month_7'),
(3107, 7, 'month_10'),
(3108, 7, 'month_11'),
(15498, 7, 'questions_question_55c95a36e50b0d7a795fb1caa8a8e520_description'),
(3116, 7, 'questions_age_year_old'),
(4661, 1, 'manage_plugins_core_update_request_box_cap_label'),
(4662, 1, 'manage_plugins_core_update_request_text'),
(3349, 1, 'sign_in_button_list_text'),
(3256, 1, 'splash_screen_page_title'),
(3257, 1, 'splash_screen_page_heading'),
(3230, 7, 'join_form_title'),
(3231, 7, 'join_connect_title'),
(3232, 7, 'join_or'),
(3352, 7, 'authorization_feedback_roles_updated'),
(3235, 1, 'permission_global_privacy_settings_success_message'),
(3236, 7, 'password_protection_cap_label'),
(3237, 7, 'password_protection_text'),
(3238, 7, 'password_protection_submit_label'),
(3239, 7, 'password_protection_success_message'),
(3240, 7, 'password_protection_error_message'),
(3241, 7, 'paging_label_first'),
(3242, 7, 'paging_label_prev'),
(3243, 7, 'paging_label_next'),
(3244, 7, 'paging_label_last'),
(3246, 1, 'splash_intro_label'),
(3247, 1, 'splash_intro_desc'),
(3248, 1, 'splash_button_label'),
(3249, 1, 'splash_button_label_desc'),
(3250, 1, 'splash_leave_url_label'),
(3251, 1, 'splash_leave_url_desc'),
(3252, 1, 'splash_intro_value'),
(3253, 1, 'splash_button_value'),
(3261, 1, 'sidebar_menu_item_splash_screen'),
(3258, 1, 'splash_screen_section_label'),
(3259, 1, 'splash_screen_submit_success_message'),
(3260, 1, 'splash_leave_button_label'),
(3274, 7, 'join_not_valid_invite_code'),
(3308, 7, 'authorization_user_roles'),
(3283, 1, 'splash_enable_label'),
(3284, 1, 'splash_enable_desc'),
(3285, 1, 'invite_members_button_label'),
(3286, 1, 'invite_members_cap_label'),
(3287, 1, 'invite_members_textarea_invitation_text'),
(3288, 1, 'invite_members_submit_label'),
(3289, 1, 'invite_members_max_limit_message'),
(3290, 1, 'invite_members_min_limit_message'),
(3291, 1, 'invite_members_success_message'),
(3292, 7, 'mail_template_admin_invite_user_subject'),
(3293, 7, 'mail_template_admin_invite_user_content_html'),
(3294, 7, 'mail_template_admin_invite_user_content_text'),
(3309, 7, 'authorization_give_user_role'),
(3345, 7, 'moderator_panel'),
(3346, 7, 'approve_users'),
(3347, 7, 'wait_for_approval'),
(3348, 1, 'permissions_index_user_approve'),
(3351, 7, 'profile_toolbar_user_approve_label'),
(3353, 7, 'user_approved'),
(3354, 7, 'user_approved_mail_subject'),
(3355, 7, 'user_approved_mail_txt'),
(3356, 7, 'user_approved_mail_html'),
(3371, 1, 'sidebar_menu_item_maintenance'),
(3372, 1, 'maintenance_page_heading'),
(3373, 1, 'maintenance_section_label'),
(3374, 1, 'maintenance_text_value'),
(3379, 1, 'maintenance_enable_label'),
(3380, 1, 'maintenance_enable_desc'),
(3381, 1, 'maintenance_text_label'),
(3382, 1, 'maintenance_text_desc'),
(3383, 1, 'maintenance_submit_success_message'),
(3391, 7, 'geolocation_country_name_ABW'),
(3392, 7, 'geolocation_country_name_AFG'),
(3393, 7, 'geolocation_country_name_AGO'),
(3394, 7, 'geolocation_country_name_AIA'),
(3395, 7, 'geolocation_country_name_ALB'),
(3396, 7, 'geolocation_country_name_AND'),
(3397, 7, 'geolocation_country_name_ANT'),
(3398, 7, 'geolocation_country_name_ARE'),
(3399, 7, 'geolocation_country_name_ARG'),
(3400, 7, 'geolocation_country_name_ARM'),
(3401, 7, 'geolocation_country_name_ASM'),
(3402, 7, 'geolocation_country_name_ATA'),
(3403, 7, 'geolocation_country_name_ATF'),
(3404, 7, 'geolocation_country_name_ATG'),
(3405, 7, 'geolocation_country_name_AUS'),
(3406, 7, 'geolocation_country_name_AUT'),
(3407, 7, 'geolocation_country_name_AZE'),
(3408, 7, 'geolocation_country_name_BDI'),
(3409, 7, 'geolocation_country_name_BEL'),
(3410, 7, 'geolocation_country_name_BEN'),
(3411, 7, 'geolocation_country_name_BFA'),
(3412, 7, 'geolocation_country_name_BGD'),
(3413, 7, 'geolocation_country_name_BGR'),
(3414, 7, 'geolocation_country_name_BHR'),
(3415, 7, 'geolocation_country_name_BHS'),
(3416, 7, 'geolocation_country_name_BIH'),
(3417, 7, 'geolocation_country_name_BLR'),
(3418, 7, 'geolocation_country_name_BLZ'),
(3419, 7, 'geolocation_country_name_BMU'),
(3420, 7, 'geolocation_country_name_BOL'),
(3421, 7, 'geolocation_country_name_BRA'),
(3422, 7, 'geolocation_country_name_BRB'),
(3423, 7, 'geolocation_country_name_BRN'),
(3424, 7, 'geolocation_country_name_BTN'),
(3425, 7, 'geolocation_country_name_BVT'),
(3426, 7, 'geolocation_country_name_BWA'),
(3427, 7, 'geolocation_country_name_CAF'),
(3428, 7, 'geolocation_country_name_CAN'),
(3429, 7, 'geolocation_country_name_CHE'),
(3430, 7, 'geolocation_country_name_CHL'),
(3431, 7, 'geolocation_country_name_CHN'),
(3432, 7, 'geolocation_country_name_CIV'),
(3433, 7, 'geolocation_country_name_CMR'),
(3434, 7, 'geolocation_country_name_COD'),
(3435, 7, 'geolocation_country_name_COG'),
(3436, 7, 'geolocation_country_name_COK'),
(3437, 7, 'geolocation_country_name_COL'),
(3438, 7, 'geolocation_country_name_COM'),
(3439, 7, 'geolocation_country_name_CPV'),
(3440, 7, 'geolocation_country_name_CRI'),
(3441, 7, 'geolocation_country_name_CUB'),
(3442, 7, 'geolocation_country_name_CYM'),
(3443, 7, 'geolocation_country_name_CYP'),
(3444, 7, 'geolocation_country_name_CZE'),
(3445, 7, 'geolocation_country_name_DEU'),
(3446, 7, 'geolocation_country_name_DJI'),
(3447, 7, 'geolocation_country_name_DMA'),
(3448, 7, 'geolocation_country_name_DNK'),
(3449, 7, 'geolocation_country_name_DOM'),
(3450, 7, 'geolocation_country_name_DZA'),
(3451, 7, 'geolocation_country_name_ECU'),
(3452, 7, 'geolocation_country_name_EGY'),
(3453, 7, 'geolocation_country_name_ERI'),
(3454, 7, 'geolocation_country_name_ESP'),
(3455, 7, 'geolocation_country_name_EST'),
(3456, 7, 'geolocation_country_name_ETH'),
(3457, 7, 'geolocation_country_name_FIN'),
(3458, 7, 'geolocation_country_name_FJI'),
(3459, 7, 'geolocation_country_name_FLK'),
(3460, 7, 'geolocation_country_name_FRA'),
(3461, 7, 'geolocation_country_name_FRO'),
(3462, 7, 'geolocation_country_name_FSM'),
(3463, 7, 'geolocation_country_name_GAB'),
(3464, 7, 'geolocation_country_name_GBR'),
(3465, 7, 'geolocation_country_name_GEO'),
(3466, 7, 'geolocation_country_name_GGY'),
(3467, 7, 'geolocation_country_name_GHA'),
(3468, 7, 'geolocation_country_name_GIB'),
(3469, 7, 'geolocation_country_name_GIN'),
(3470, 7, 'geolocation_country_name_GLP'),
(3471, 7, 'geolocation_country_name_GMB'),
(3472, 7, 'geolocation_country_name_GNB'),
(3473, 7, 'geolocation_country_name_GNQ'),
(3474, 7, 'geolocation_country_name_GRC'),
(3475, 7, 'geolocation_country_name_GRD'),
(3476, 7, 'geolocation_country_name_GRL'),
(3477, 7, 'geolocation_country_name_GTM'),
(3478, 7, 'geolocation_country_name_GUF'),
(3479, 7, 'geolocation_country_name_GUM'),
(3480, 7, 'geolocation_country_name_GUY'),
(3481, 7, 'geolocation_country_name_HKG'),
(3482, 7, 'geolocation_country_name_HND'),
(3483, 7, 'geolocation_country_name_HRV'),
(3484, 7, 'geolocation_country_name_HTI'),
(3485, 7, 'geolocation_country_name_HUN'),
(3486, 7, 'geolocation_country_name_IDN'),
(3487, 7, 'geolocation_country_name_IMN'),
(3488, 7, 'geolocation_country_name_IND'),
(3489, 7, 'geolocation_country_name_IOT'),
(3490, 7, 'geolocation_country_name_IRL'),
(3491, 7, 'geolocation_country_name_IRN'),
(3492, 7, 'geolocation_country_name_IRQ'),
(3493, 7, 'geolocation_country_name_ISL'),
(3494, 7, 'geolocation_country_name_ISR'),
(3495, 7, 'geolocation_country_name_ITA'),
(3496, 7, 'geolocation_country_name_JAM'),
(3497, 7, 'geolocation_country_name_JEY'),
(3498, 7, 'geolocation_country_name_JOR'),
(3499, 7, 'geolocation_country_name_JPN'),
(3500, 7, 'geolocation_country_name_KAZ'),
(3501, 7, 'geolocation_country_name_KEN'),
(3502, 7, 'geolocation_country_name_KGZ'),
(3503, 7, 'geolocation_country_name_KHM'),
(3504, 7, 'geolocation_country_name_KIR'),
(3505, 7, 'geolocation_country_name_KNA'),
(3506, 7, 'geolocation_country_name_KOR'),
(3507, 7, 'geolocation_country_name_KWT'),
(3508, 7, 'geolocation_country_name_LAO'),
(3509, 7, 'geolocation_country_name_LBN'),
(3510, 7, 'geolocation_country_name_LBR'),
(3511, 7, 'geolocation_country_name_LBY'),
(3512, 7, 'geolocation_country_name_LCA'),
(3513, 7, 'geolocation_country_name_LIE'),
(3514, 7, 'geolocation_country_name_LKA'),
(3515, 7, 'geolocation_country_name_LSO'),
(3516, 7, 'geolocation_country_name_LTU'),
(3517, 7, 'geolocation_country_name_LUX'),
(3518, 7, 'geolocation_country_name_LVA'),
(3519, 7, 'geolocation_country_name_MAC'),
(3520, 7, 'geolocation_country_name_MAF'),
(3521, 7, 'geolocation_country_name_MAR'),
(3522, 7, 'geolocation_country_name_MCO'),
(3523, 7, 'geolocation_country_name_MDA'),
(3524, 7, 'geolocation_country_name_MDG'),
(3525, 7, 'geolocation_country_name_MDV'),
(3526, 7, 'geolocation_country_name_MEX'),
(3527, 7, 'geolocation_country_name_MHL'),
(3528, 7, 'geolocation_country_name_MKD'),
(3529, 7, 'geolocation_country_name_MLI'),
(3530, 7, 'geolocation_country_name_MLT'),
(3531, 7, 'geolocation_country_name_MMR'),
(3532, 7, 'geolocation_country_name_MNE'),
(3533, 7, 'geolocation_country_name_MNG'),
(3534, 7, 'geolocation_country_name_MNP'),
(3535, 7, 'geolocation_country_name_MOZ'),
(3536, 7, 'geolocation_country_name_MRT'),
(3537, 7, 'geolocation_country_name_MSR'),
(3538, 7, 'geolocation_country_name_MTQ'),
(3539, 7, 'geolocation_country_name_MUS'),
(3540, 7, 'geolocation_country_name_MWI'),
(3541, 7, 'geolocation_country_name_MYS'),
(3542, 7, 'geolocation_country_name_MYT'),
(3543, 7, 'geolocation_country_name_NAM'),
(3544, 7, 'geolocation_country_name_NCL'),
(3545, 7, 'geolocation_country_name_NER'),
(3546, 7, 'geolocation_country_name_NFK'),
(3547, 7, 'geolocation_country_name_NGA'),
(3548, 7, 'geolocation_country_name_NIC'),
(3549, 7, 'geolocation_country_name_NIU'),
(3550, 7, 'geolocation_country_name_NLD'),
(3551, 7, 'geolocation_country_name_NOR'),
(3552, 7, 'geolocation_country_name_NPL'),
(3553, 7, 'geolocation_country_name_NRU'),
(3554, 7, 'geolocation_country_name_NZL'),
(3555, 7, 'geolocation_country_name_OMN'),
(3556, 7, 'geolocation_country_name_PAK'),
(3557, 7, 'geolocation_country_name_PAN'),
(3558, 7, 'geolocation_country_name_PER'),
(3559, 7, 'geolocation_country_name_PHL'),
(3560, 7, 'geolocation_country_name_PLW'),
(3561, 7, 'geolocation_country_name_PNG'),
(3562, 7, 'geolocation_country_name_POL'),
(3563, 7, 'geolocation_country_name_PRI'),
(3564, 7, 'geolocation_country_name_PRK'),
(3565, 7, 'geolocation_country_name_PRT'),
(3566, 7, 'geolocation_country_name_PRY'),
(3567, 7, 'geolocation_country_name_PSE'),
(3568, 7, 'geolocation_country_name_PYF'),
(3569, 7, 'geolocation_country_name_QAT'),
(3570, 7, 'geolocation_country_name_REU'),
(3571, 7, 'geolocation_country_name_ROM'),
(3572, 7, 'geolocation_country_name_RUS'),
(3573, 7, 'geolocation_country_name_RWA'),
(3574, 7, 'geolocation_country_name_SAU'),
(3575, 7, 'geolocation_country_name_SCG'),
(3576, 7, 'geolocation_country_name_SDN'),
(3577, 7, 'geolocation_country_name_SEN'),
(3578, 7, 'geolocation_country_name_SGP'),
(3579, 7, 'geolocation_country_name_SGS'),
(3580, 7, 'geolocation_country_name_SLB'),
(3581, 7, 'geolocation_country_name_SLE'),
(3582, 7, 'geolocation_country_name_SLV'),
(3583, 7, 'geolocation_country_name_SMR'),
(3584, 7, 'geolocation_country_name_SOM'),
(3585, 7, 'geolocation_country_name_SPM'),
(3586, 7, 'geolocation_country_name_SRB'),
(3587, 7, 'geolocation_country_name_STP'),
(3588, 7, 'geolocation_country_name_SUR'),
(3589, 7, 'geolocation_country_name_SVK'),
(3590, 7, 'geolocation_country_name_SVN'),
(3591, 7, 'geolocation_country_name_SWE'),
(3592, 7, 'geolocation_country_name_SWZ'),
(3593, 7, 'geolocation_country_name_SYC'),
(3594, 7, 'geolocation_country_name_SYR'),
(3595, 7, 'geolocation_country_name_TCA'),
(3596, 7, 'geolocation_country_name_TCD'),
(3597, 7, 'geolocation_country_name_TGO'),
(3598, 7, 'geolocation_country_name_THA'),
(3599, 7, 'geolocation_country_name_TJK'),
(3600, 7, 'geolocation_country_name_TKL'),
(3601, 7, 'geolocation_country_name_TKM'),
(3602, 7, 'geolocation_country_name_TLS'),
(3603, 7, 'geolocation_country_name_TON'),
(3604, 7, 'geolocation_country_name_TTO'),
(3605, 7, 'geolocation_country_name_TUN'),
(3606, 7, 'geolocation_country_name_TUR'),
(3607, 7, 'geolocation_country_name_TUV'),
(3608, 7, 'geolocation_country_name_TWN'),
(3609, 7, 'geolocation_country_name_TZA'),
(3610, 7, 'geolocation_country_name_UGA'),
(3611, 7, 'geolocation_country_name_UKR'),
(3612, 7, 'geolocation_country_name_UMI'),
(3613, 7, 'geolocation_country_name_URY'),
(3614, 7, 'geolocation_country_name_USA'),
(3615, 7, 'geolocation_country_name_UZB'),
(3616, 7, 'geolocation_country_name_VAT'),
(3617, 7, 'geolocation_country_name_VCT'),
(3618, 7, 'geolocation_country_name_VEN'),
(3619, 7, 'geolocation_country_name_VGB'),
(3620, 7, 'geolocation_country_name_VIR'),
(3621, 7, 'geolocation_country_name_VNM'),
(3622, 7, 'geolocation_country_name_VUT'),
(3623, 7, 'geolocation_country_name_WLF'),
(3624, 7, 'geolocation_country_name_WSM'),
(3625, 7, 'geolocation_country_name_YEM'),
(3626, 7, 'geolocation_country_name_ZAF'),
(3627, 7, 'geolocation_country_name_ZMB'),
(3628, 7, 'geolocation_country_name_ZWE'),
(3665, 7, 'unique_local_page_error'),
(3790, 7, 'flags_users_reported'),
(3791, 7, 'flags_deleted'),
(3792, 7, 'dashboard_heading'),
(3798, 1, 'sidebar_menu_item_plugin_forum'),
(3808, 1, 'maintenance_page_title'),
(3813, 1, 'menu_item_users_suspended'),
(3814, 1, 'menu_item_users_unverified'),
(3815, 1, 'menu_item_users_unapproved'),
(3816, 1, 'user_status'),
(3819, 1, 'user_status_unapproved'),
(3817, 1, 'user_status_suspended'),
(3818, 1, 'user_status_unverified'),
(3735, 1, 'search_by_name'),
(3771, 7, 'flag_offence'),
(3772, 7, 'flag_illegal'),
(3773, 7, 'flag_as'),
(3774, 7, 'flag_flag'),
(3776, 7, 'flag_accepted'),
(3777, 7, 'flag_already_flagged'),
(3823, 1, 'user_search_result'),
(3820, 7, 'activity_stamp'),
(3821, 7, 'activity_online'),
(3843, 7, 'pages_add_submit'),
(15466, 1, 'themes_add_new_box_cap_label'),
(3828, 7, 'users'),
(3829, 7, 'for_approval'),
(3830, 7, 'flagged_content'),
(3831, 1, 'heading_user_roles'),
(3832, 1, 'heading_user_role'),
(3833, 1, 'back_to_roles'),
(3834, 1, 'sidebar_menu_item_permission'),
(3835, 1, 'sidebar_menu_item_roles'),
(3836, 1, 'sidebar_menu_item_permission_roles'),
(3837, 1, 'sidebar_menu_item_permission_moders'),
(3844, 7, 'pages_add_item'),
(3845, 7, 'pages_back'),
(3854, 7, 'forgot_password_success_message'),
(3852, 1, 'theme_change_success_message'),
(3851, 7, 'dashboard'),
(3858, 1, 'sidebar_menu_plugins_installed'),
(3859, 1, 'sidebar_menu_plugins_available'),
(3860, 1, 'sidebar_menu_plugins_add'),
(3861, 1, 'finance_settings'),
(3862, 1, 'currency'),
(3863, 1, 'manage_plugins_available_box_cap_label'),
(3864, 1, 'manage_plugins_plugin_not_found'),
(3865, 1, 'manage_plugins_delete_confirm_message'),
(3866, 1, 'manage_plugins_delete_button_label'),
(3867, 1, 'manage_plugins_uninstall_success_message'),
(3868, 1, 'page_title_manage_plugins_ftp_info'),
(3869, 1, 'manage_plugins_ftp_box_cap_label'),
(3870, 7, 'upload'),
(3871, 1, 'plugins_manage_ftp_form_login_label'),
(3872, 1, 'plugins_manage_ftp_form_password_label'),
(3873, 1, 'plugins_manage_ftp_form_submit_label'),
(3874, 1, 'plugins_manage_need_ftp_attrs_message'),
(3875, 1, 'plugins_manage_ftp_form_port_label'),
(5840, 7, 'reset_password_request_submit_label'),
(3878, 1, 'plugins_manage_ftp_attrs_invalid_host_message'),
(4126, 7, 'user_list_menu_item_birthdays'),
(3887, 1, 'plugins_manage_ftp_form_host_label'),
(3888, 7, 'forgot_password_label'),
(5839, 7, 'reset_password_request_form_text'),
(3892, 7, 'sign_in_remember_me_label'),
(5842, 7, 'reset_password_request_invalid_code_error_message'),
(3902, 1, 'manage_plugins_delete_success_message'),
(5125, 1, 'user_settings_email'),
(5126, 1, 'user_settings_confirm_email'),
(5124, 1, 'user_settings_confirm_email_desc'),
(3918, 1, 'plugins_manage_add_submit_label'),
(3920, 1, 'manage_plugins_add_box_cap_label'),
(3921, 7, 'tf_allow_pics'),
(3922, 7, 'tf_max_img_size'),
(3923, 7, 'tf_sett_section'),
(3924, 7, 'tf_img_url'),
(3925, 7, 'tf_insert'),
(3926, 7, 'tf_img_types'),
(3927, 7, 'tf_img_max_size'),
(3928, 7, 'tf_img_choose_file'),
(3929, 7, 'tf_img_from_url'),
(3930, 7, 'tf_img_gal'),
(3931, 7, 'mp_gal_show'),
(3932, 7, 'mp_gal_hide'),
(3933, 7, 'mp_gal_pic_url'),
(3934, 7, 'mp_gal_delete'),
(3935, 7, 'mp_gal_preview'),
(3936, 7, 'mp_gal_fullsize'),
(3937, 7, 'mp_gal_align'),
(3938, 7, 'mp_gal_none'),
(3939, 7, 'mp_gal_left'),
(3940, 7, 'mp_gal_center'),
(3941, 7, 'mp_gal_right'),
(3942, 7, 'mp_gal_ins_into_post'),
(3943, 1, 'manage_plugins_update_button_label'),
(3945, 7, 'billing_no_gateways'),
(3950, 1, 'manage_plugins_update_request_box_cap_label'),
(3951, 1, 'free_plugin_request_text'),
(3952, 1, 'plugin_update_yes_button_label'),
(3953, 1, 'plugin_update_no_button_label'),
(3956, 7, 'billing_pay_with'),
(5841, 7, 'reset_password_request_heading'),
(3987, 1, 'plugins_manage_ftp_attrs_invalid_login_params_message'),
(3988, 7, 'billing_currency_not_supported'),
(4004, 1, 'com_plugin_request_key_label'),
(4005, 1, 'license_form_leave_label'),
(4006, 1, 'license_form_submit_label'),
(4010, 1, 'com_plugin_request_text'),
(4012, 7, 'date_time_week_0'),
(4013, 7, 'date_time_week_1'),
(4014, 7, 'date_time_week_2'),
(4015, 7, 'date_time_week_3'),
(4016, 7, 'date_time_week_4'),
(4017, 7, 'date_time_week_5'),
(4018, 7, 'date_time_week_6'),
(4019, 1, 'plugins_manage_invalid_license_key_error_message'),
(4020, 7, 'user_search_submit_button_label'),
(4021, 7, 'user_search_display_name_search_label'),
(4022, 7, 'user_search_page_heading'),
(4032, 7, 'user_search_main_search_label'),
(4034, 7, 'user_search_menu_item_label'),
(4035, 7, 'user_search_back_to_search_from'),
(15465, 1, 'sidebar_menu_themes_add'),
(4038, 7, 'form_element_from'),
(4039, 7, 'form_element_to'),
(4040, 7, 'form_element_age_range'),
(4043, 7, 'user_search_authorization_warning'),
(4044, 7, 'authorization_action_base_search_users'),
(4046, 7, 'rate_cmp_owner_cant_rate_error_message'),
(4047, 7, 'comment_delete_confirm_message'),
(4048, 7, 'year'),
(4049, 7, 'month'),
(4050, 7, 'day'),
(4051, 1, 'permission_global_privacy_empty_pass_error_message'),
(4078, 1, 'permission_global_privacy_pass_length_error_message'),
(4087, 1, 'manage_plugins_uninstall_confirm_message'),
(4090, 7, 'base_sign_in_cap_label'),
(4091, 7, 'base_sign_in_or_label'),
(4100, 7, 'confirm_page_ok_label'),
(4101, 7, 'confirm_page_cancel_label'),
(4102, 7, 'email_notifications_setting_user_comment'),
(4103, 7, 'profile_comment_notification'),
(5836, 7, 'forgot_password_code_exists_error_message'),
(4128, 1, 'verify_site_email'),
(4129, 1, 'send_verification_email'),
(4130, 1, 'email_already_verify'),
(4131, 1, 'site_email_verify_promo'),
(4132, 7, 'site_email_verify_subject'),
(4133, 7, 'site_email_verify_template_text'),
(4134, 7, 'site_email_verify_template_html'),
(4140, 7, 'date_time_tomorrow'),
(4145, 1, 'manage_plugins_uninstall_request_box_cap_label'),
(4146, 1, 'plugin_uninstall_request_text'),
(4149, 7, 'form_validator_captcha_error_message'),
(4165, 7, 'form_validator_float_error_message'),
(4164, 7, 'form_validator_date_error_message'),
(4166, 7, 'form_validator_int_error_message'),
(4167, 7, 'form_validator_alphanumeric_error_message'),
(4168, 7, 'form_validator_url_error_message'),
(4169, 7, 'form_validator_email_error_message'),
(4170, 7, 'form_validator_regexp_error_message'),
(4171, 7, 'form_validator_string_error_message'),
(4515, 7, 'console_item_label_preferences'),
(4516, 7, 'console_item_label_profile'),
(4514, 7, 'console_item_label_dashboard'),
(4517, 7, 'console_item_label_mailbox'),
(4518, 7, 'console_item_label_sign_out'),
(4519, 1, 'notification_soft_update'),
(4520, 1, 'notification_plugins_to_update'),
(5838, 7, 'reset_password_request_cap_label'),
(4595, 1, 'manage_plugins_uninstall_error_message'),
(4598, 7, 'media_panel_file_deleted'),
(4939, 1, 'manage_plugins_update_success_message'),
(4766, 7, 'my_avatar_widget'),
(4767, 1, 'page_title_finance'),
(4770, 1, 'sidebar_menu_item_dashboard_finance'),
(4769, 7, 'join_error_username_restricted'),
(5843, 7, 'reset_password_heading'),
(4772, 1, 'sidebar_menu_item_restricted_usernames'),
(4773, 1, 'restrictedusernames'),
(4774, 1, 'restrictedusernames_add_username'),
(4775, 1, 'restrictedusernames_username_label'),
(4776, 1, 'restrictedusernames_add_username_button'),
(4777, 1, 'restrictedusernames_restricted_list_label'),
(4783, 1, 'restrictedusernames_username_added'),
(4785, 1, 'manage_plugins_manual_update_request'),
(4786, 1, 'plugin_manual_update_button_label'),
(4793, 7, 'billing_gateway_not_found'),
(4832, 1, 'plugin'),
(4810, 7, 'billing_sale_not_found'),
(5853, 7, 'reset_password_success_message'),
(4843, 7, 'billing_amount'),
(4842, 7, 'time'),
(4811, 7, 'billing_order_init_failed'),
(5852, 7, 'reset_password_length_error_message'),
(5851, 7, 'reset_password_not_equal_error_message'),
(4854, 7, 'billing_details'),
(4855, 7, 'billing_gateway'),
(4856, 7, 'billing_transaction_id'),
(4857, 7, 'billing_statistics'),
(4868, 1, 'questions_config_year_range_label'),
(4869, 7, 'form_element_year_range'),
(4870, 7, 'billing_gateway_unavailable'),
(4871, 7, 'billing_order_canceled'),
(4872, 7, 'billing_order_failed'),
(4873, 7, 'billing_order_completed_successfully'),
(4874, 7, 'billing_order_verified'),
(4875, 7, 'billing_order_processing'),
(4906, 7, 'billing_order_page_heading'),
(4907, 7, 'billing_order_status_page_heading'),
(5849, 7, 'reset_password_repeat_field_label'),
(5848, 7, 'reset_password_field_label'),
(5846, 7, 'reset_password_form_text'),
(5845, 7, 'forgot_password_instructions'),
(5844, 7, 'reset_password_cap_label'),
(5576, 1, 'massmailing_expire_text'),
(6079, 7, 'questions_question_7f2450f06779439551c75a8566c4070e_value_1'),
(6073, 7, 'authorization_action_market_post_jobs'),
(5847, 7, 'reset_password_submit_label'),
(6051, 7, 'reset_password_mail_template_content_txt'),
(6050, 7, 'reset_password_mail_template_content_html'),
(6048, 7, 'authorization_action_market_delete_comment_by_content_owner'),
(6046, 7, 'authorization_group_market'),
(6045, 1, 'questions_edit_username_warning'),
(6082, 7, 'questions_question_7f2450f06779439551c75a8566c4070e_value_8'),
(6081, 7, 'questions_question_7f2450f06779439551c75a8566c4070e_value_4'),
(6080, 7, 'questions_question_7f2450f06779439551c75a8566c4070e_value_2'),
(6047, 7, 'authorization_action_market_add_comment'),
(6020, 7, 'questions_question_c5dc53f371fe6ba3001a7c7e31bd95fc_value_1'),
(6021, 7, 'questions_question_c5dc53f371fe6ba3001a7c7e31bd95fc_value_2'),
(6022, 7, 'questions_question_c5dc53f371fe6ba3001a7c7e31bd95fc_value_4'),
(6023, 7, 'questions_question_c5dc53f371fe6ba3001a7c7e31bd95fc_value_8'),
(6024, 7, 'questions_question_c5dc53f371fe6ba3001a7c7e31bd95fc_value_16'),
(6083, 7, 'questions_question_7f2450f06779439551c75a8566c4070e_value_16'),
(6084, 7, 'questions_question_7f2450f06779439551c75a8566c4070e_value_32'),
(6155, 7, 'authorization_group_links'),
(6156, 7, 'authorization_action_links_add_comment'),
(6157, 7, 'authorization_action_links_add'),
(6158, 7, 'authorization_action_links_delete_comment_by_content_owner'),
(6159, 7, 'authorization_action_links_view'),
(6377, 1, 'css_edit_success_message'),
(6378, 7, 'comment_view_all'),
(6406, 7, 'ajax_floatbox_users_title'),
(6697, 7, 'feed_user_join'),
(6696, 7, 'feed_user_edit_profile'),
(6275, 7, 'cannot_delete_admin_user_msg'),
(6301, 7, 'white_spaces_dissalowed'),
(6308, 1, 'user_feedback_email_verified'),
(6306, 7, 'mark_email_verified_btn'),
(9251, 7, 'tag_search'),
(6366, 1, 'user_settings_avatar_image'),
(8574, 7, 'authorization_action_virtualgifts_send_gift'),
(8573, 7, 'authorization_group_virtualgifts'),
(6376, 1, 'plugins_manage_ftp_attrs_invalid_user'),
(6473, 1, 'user_settings_avatar_image_desc'),
(6477, 7, 'change'),
(6478, 7, 'cancel'),
(6486, 1, 'confirm_avatar_delete'),
(6487, 1, 'default_avatar_deleted'),
(6489, 7, 'empty_user_avatar_list'),
(6497, 7, 'avatar_user_list_select_count_label'),
(6498, 7, 'avatar_user_list_select_button_label'),
(6516, 7, 'user_page_heading_status'),
(7918, 7, 'authorization_action_event_add_comment'),
(7915, 7, 'authorization_group_event'),
(6568, 7, 'base_document_403_heading'),
(6569, 7, 'base_document_403'),
(6570, 7, 'base_document_404_title'),
(6571, 7, 'base_document_403_title'),
(7917, 7, 'authorization_action_event_view_event'),
(7916, 7, 'authorization_action_event_add_event'),
(9493, 7, 'form_element_submit_default_value'),
(7429, 7, 'empty_user_avatar_list_select'),
(9728, 7, 'questions_question_a5115de7f38988e748370a59ba0b311d_value_8'),
(9727, 7, 'questions_question_a5115de7f38988e748370a59ba0b311d_value_4'),
(9726, 7, 'questions_question_a5115de7f38988e748370a59ba0b311d_value_2'),
(9725, 7, 'questions_question_a5115de7f38988e748370a59ba0b311d_value_1'),
(8664, 7, 'authorization_group_usercredits'),
(6671, 7, 'avatar_feed_string'),
(6673, 7, 'widgets_enable_js'),
(6674, 7, 'widgets_disable_js'),
(6675, 7, 'reset_password_code_expired_cap_label'),
(6677, 7, 'reset_password_code_expired_text');
INSERT INTO `ow_base_language_key` (`id`, `prefixId`, `key`) VALUES
(6678, 1, 'total_users'),
(6714, 7, 'avatar_user_select_empty_list_message'),
(6779, 7, 'authorization_group_mailbox'),
(6780, 7, 'authorization_action_mailbox_read_message'),
(6781, 7, 'authorization_action_mailbox_send_message'),
(6823, 7, 'manage_plugins_add_success_message'),
(9509, 7, 'questions_question_7fbd88047415229961f4d2aac620fe25_value_8'),
(9508, 7, 'questions_question_7fbd88047415229961f4d2aac620fe25_value_4'),
(9507, 7, 'questions_question_7fbd88047415229961f4d2aac620fe25_value_2'),
(9506, 7, 'questions_question_7fbd88047415229961f4d2aac620fe25_value_1'),
(6861, 7, 'date_time_cap_hour'),
(6862, 7, 'date_time_cap_minute'),
(9510, 7, 'questions_question_7fbd88047415229961f4d2aac620fe25_value_16'),
(9495, 7, 'user_list_widget_settings_count'),
(9494, 7, 'user_list_widget_settings_title'),
(6890, 1, 'plugins_manage_no_available_items'),
(7218, 7, 'manage_plugins_install_empty_key_error_message'),
(7219, 7, 'manage_plugins_install_error_message'),
(7302, 1, 'add_language_pack_empty_file_error_message'),
(7304, 1, 'language_import_complete_success_message'),
(7528, 7, 'questions_question_joinStamp_label'),
(7828, 1, 'warning_cron_is_not_active'),
(8987, 7, 'authorization_group_forum'),
(8988, 7, 'authorization_action_forum_view'),
(8989, 7, 'authorization_action_forum_edit'),
(8990, 7, 'authorization_action_forum_subscribe'),
(8993, 1, 'avatar_label'),
(8994, 7, 'yes'),
(8995, 7, 'no'),
(8996, 1, 'display_avatar_label'),
(8997, 1, 'avatar_label_color'),
(8999, 1, 'permissions_role_updated'),
(9106, 7, 'checkout'),
(9129, 1, 'permissions_role_actions_label'),
(9133, 1, 'sidebar_menu_item_users_roles'),
(15464, 1, 'manage_theme_add_extract_error'),
(16076, 7, 'ignore'),
(9173, 7, 'usercredits_action_daily_login'),
(9174, 7, 'usercredits_action_user_join'),
(9175, 7, 'usercredits_action_search_users'),
(9176, 7, 'usercredits_action_add_comment'),
(9208, 7, 'your_rate_label'),
(9209, 7, 'total_score_label'),
(10306, 7, 'local_page_title_page_13904610'),
(9285, 1, 'add_new_role_block_cap_label'),
(9286, 1, 'user_role_permissions_cap_label'),
(9297, 1, 'questions_edit_account_types_button'),
(9291, 7, 'add_comment'),
(9293, 1, 'questions_values_count'),
(9294, 7, 'delete_comment_by_content_owner'),
(9295, 7, 'search_users'),
(9296, 1, 'auth_group_label'),
(9375, 1, 'question_column_question'),
(9377, 1, 'question_column_type'),
(9381, 1, 'theme_info_cap_label'),
(9382, 1, 'question_column_values'),
(9386, 1, 'pages_and_menus_instructions'),
(9387, 1, 'pages_and_menus_main_menu_label'),
(9388, 1, 'question_column_require'),
(9389, 1, 'pages_and_menus_bottom_menu_label'),
(9390, 1, 'pages_and_menus_hidden_pages_label'),
(9391, 1, 'question_column_sign_up'),
(9392, 1, 'pages_and_menus_hidden_desc'),
(9393, 1, 'question_column_profile_edit'),
(9395, 1, 'question_column_view'),
(9396, 1, 'pages_and_menus_item_label'),
(9397, 1, 'pages_and_menus_legend_everyone_label'),
(9398, 1, 'question_column_search'),
(9399, 1, 'pages_and_menus_legend_guests_label'),
(9400, 1, 'pages_and_menus_legend_members_label'),
(9401, 7, 'auth_view_profile'),
(9402, 1, 'pages_and_menus_legend_label'),
(9403, 1, 'or'),
(9404, 1, 'question_column_account_type'),
(9405, 1, 'question_column_exclusive_questions'),
(9406, 7, 'view_profile_no_permission'),
(18462, 1, 'questions_admin_add_new_values'),
(9417, 7, 'tag_search_empty_value_error'),
(9423, 7, 'form_element_submit_default_balue'),
(9462, 7, 'notification_section_label'),
(9469, 7, 'user_list_activity'),
(9467, 7, 'user_list_online'),
(9472, 1, 'soft_version'),
(9511, 7, 'questions_question_7fbd88047415229961f4d2aac620fe25_value_32'),
(9512, 7, 'questions_question_7fbd88047415229961f4d2aac620fe25_value_64'),
(9522, 1, 'clone_language_cap_label'),
(9528, 1, 'join_display_photo_upload'),
(9530, 1, 'join_display_terms_of_use'),
(9531, 1, 'join_page'),
(9532, 1, 'join_display_terms_of_use_desc'),
(9534, 1, 'join_display_photo_upload_desc'),
(9542, 7, 'local_page_title_page-119658'),
(16385, 1, 'account_type_sort_order'),
(9541, 7, 'page-119658'),
(9539, 7, 'questions_section_terms_of_use_label'),
(9540, 7, 'questions_question_user_terms_of_use_label'),
(9544, 7, 'local_page_content_page-119658'),
(9913, 1, 'language_edit_form_error_message'),
(9912, 1, 'language_edit_form_success_message'),
(9567, 1, 'use_military_time'),
(9568, 1, 'sidebar_menu_item_permission_role'),
(9683, 7, 'preference_index'),
(9694, 7, 'config_join_display_photo_upload_display_and_require_label'),
(9693, 7, 'config_join_display_photo_upload_display_label'),
(9686, 7, 'preference_submit_button'),
(9687, 7, 'preference_section_general'),
(9688, 7, 'preference_preference_data_was_saved'),
(9689, 7, 'preference_preference_data_not_changed'),
(9690, 7, 'preference_no_items'),
(9691, 7, 'preference_mass_mailing_subscribe_label'),
(9692, 7, 'preference_mass_mailing_subscribe_description'),
(9695, 7, 'config_join_display_photo_upload_not_display_label'),
(9911, 1, 'lang_edit_form_rtl_desc'),
(9910, 1, 'lang_edit_form_rtl_label'),
(9909, 1, 'edit_langs_cap_label'),
(9908, 1, 'btn_label_edit_values'),
(9870, 7, 'privacy_action_view_profile'),
(9871, 1, 'core_update_download_error'),
(9872, 1, 'sidebar_menu_item_user_settings'),
(9874, 1, 'menu_item_page_settings'),
(9875, 1, 'heading_page_settings'),
(9879, 1, 'page_settings_form_headcode_label'),
(9877, 1, 'settings_submit_error_message'),
(9878, 1, 'settings_submit_success_message'),
(9880, 1, 'page_settings_form_headcode_desc'),
(9881, 1, 'page_settings_form_bottomcode_label'),
(9882, 1, 'page_settings_form_bottomcode_desc'),
(9883, 1, 'page_settings_form_favicon_label'),
(9884, 1, 'page_settings_form_favicon_desc'),
(10253, 7, 'view_more_label'),
(10266, 7, 'ws_button_label_bold'),
(10267, 7, 'ws_button_label_italic'),
(10268, 7, 'ws_button_label_underline'),
(10269, 7, 'ws_button_label_orderedlist'),
(10270, 7, 'ws_button_label_unorderedlist'),
(10271, 7, 'ws_button_label_link'),
(10272, 7, 'ws_button_label_image'),
(10273, 7, 'ws_button_label_video'),
(10274, 7, 'ws_button_label_html'),
(10275, 7, 'ws_button_label_switch_html'),
(10282, 7, 'ws_add_label'),
(10283, 7, 'ws_insert_label'),
(10284, 7, 'ws_link_empty_fields'),
(10285, 7, 'ws_video_head_label'),
(10287, 7, 'ws_video_empty_field'),
(10288, 7, 'ws_html_head_label'),
(10289, 7, 'welcome_letter_subject'),
(18575, 1, 'admin_suspend_floatbox_title'),
(18576, 1, 'input_settings_avatar_max_upload_size_label'),
(10308, 7, 'local_page_content_page_13904610'),
(10578, 7, 'ws_button_label_more'),
(10580, 1, 'feed_content_registration'),
(10581, 1, 'feed_content_edit'),
(10689, 7, 'authorization_action_groups_add_topic'),
(10688, 7, 'authorization_action_groups_add_comment'),
(10687, 7, 'forgot_password_mail_template_content_txt'),
(10601, 1, 'menu_item_user_input_settings'),
(10602, 1, 'user_input_settings_user_content'),
(10605, 1, 'user_input_settings_comments'),
(10607, 1, 'user_input_settings_rich_media'),
(18660, 7, 'form_validator_range_error_message'),
(10609, 1, 'input_settings_max_upload_size_label'),
(10610, 1, 'input_settings_resource_list_label'),
(10611, 1, 'heading_user_input_settings'),
(10612, 7, 'ws_html_textarea_label'),
(10613, 7, 'ws_video_textarea_label'),
(10614, 1, 'feed_content_user_comment'),
(15470, 1, 'theme_add_extract_error'),
(10618, 1, 'menu_item_user_settings_general'),
(10619, 1, 'menu_item_user_settings_content_input'),
(10666, 1, 'input_settings_user_rich_media_disable_label'),
(10665, 1, 'input_settings_user_custom_html_disable_desc'),
(10664, 1, 'input_settings_user_custom_html_disable_label'),
(10623, 1, 'input_settings_resource_list_desc'),
(10626, 7, 'privacy_action_view_my_presence_on_site'),
(10667, 1, 'input_settings_user_rich_media_disable_desc'),
(10668, 1, 'input_settings_comments_rich_media_disable_label'),
(10669, 1, 'input_settings_comments_rich_media_disable_desc'),
(10685, 1, 'menu_item_user_settings'),
(10686, 7, 'forgot_password_mail_template_content_html'),
(10676, 1, 'page_settings_favicon_submit_error_message'),
(10690, 7, 'authorization_action_groups_create'),
(10678, 7, 'local_page_title_page_7680520'),
(10679, 7, 'local_page_meta_tags_page_7680520'),
(10680, 7, 'local_page_content_page_7680520'),
(10691, 7, 'authorization_action_groups_delete_comment_by_content_owner'),
(10692, 7, 'authorization_group_groups'),
(16065, 7, 'accept'),
(10725, 1, 'join_photo_upload_set_required'),
(10726, 1, 'join_photo_upload_set_required_desc'),
(10727, 7, 'local_page_content_page-290357'),
(10729, 7, 'local_page_title_page-290357'),
(10730, 7, 'page-290357'),
(10731, 7, 'local_page_content_page_24622628'),
(10733, 7, 'local_page_content_page_88027910'),
(10734, 7, 'local_page_meta_tags_page_24622628'),
(10737, 7, 'local_page_title_page_24622628'),
(10738, 7, 'local_page_title_page_45248787'),
(10739, 7, 'local_page_title_page_88027910'),
(10740, 7, 'page_13904610'),
(10741, 7, 'page_24622628'),
(10742, 7, 'page_45248787'),
(10743, 7, 'page_88027910'),
(11634, 7, 'questions_section_e46697c921740b10b1ac7223a14155b2_label'),
(11631, 1, 'manage_plugins_add_ftp_move_error'),
(10835, 1, 'found_users'),
(10836, 1, 'search_by'),
(10839, 7, 'questions_question_d8aa20d67fbb6c6864e46c474d0bde10_value_1'),
(10923, 7, 'attch_video_add_button_label'),
(10924, 7, 'attch_video_button_label'),
(10925, 7, 'attch_photo_button_label'),
(10926, 7, 'attch_add_video_button_label'),
(10927, 7, 'attch_attachment_label'),
(10928, 7, 'upload_file_max_upload_filesize_error'),
(10929, 7, 'upload_file_file_partially_uploaded_error'),
(10930, 7, 'upload_file_no_file_error'),
(10931, 7, 'upload_file_no_tmp_dir_error'),
(10932, 7, 'upload_file_cant_write_file_error'),
(10933, 7, 'upload_file_invalid_extention_error'),
(10934, 7, 'upload_file_fail'),
(10940, 7, 'questions_question_d8aa20d67fbb6c6864e46c474d0bde10_value_4'),
(10939, 7, 'questions_question_d8aa20d67fbb6c6864e46c474d0bde10_value_2'),
(10941, 7, 'questions_question_d8aa20d67fbb6c6864e46c474d0bde10_value_8'),
(10942, 7, 'questions_question_d8aa20d67fbb6c6864e46c474d0bde10_value_16'),
(10943, 7, 'questions_question_d8aa20d67fbb6c6864e46c474d0bde10_value_32'),
(10944, 7, 'questions_question_d8aa20d67fbb6c6864e46c474d0bde10_value_64'),
(10945, 7, 'questions_question_d8aa20d67fbb6c6864e46c474d0bde10_value_128'),
(10946, 7, 'questions_question_d8aa20d67fbb6c6864e46c474d0bde10_value_256'),
(10947, 7, 'questions_question_d8aa20d67fbb6c6864e46c474d0bde10_value_512'),
(11296, 7, 'comment_required_validator_message'),
(11310, 7, 'sidebar_menu_view_all_questions'),
(11311, 1, 'sidebar_menu_question_settings'),
(11312, 1, 'sidebar_menu_basic_label'),
(11313, 1, 'sidebar_menu_theme_css_label'),
(11314, 1, 'sidebar_menu_pages_menus_label'),
(11317, 7, 'widgets_avaliable_legend'),
(11318, 7, 'widgets_avaliable_description'),
(11573, 1, 'core_update_unzip_error'),
(11574, 7, 'ws_link_text_label'),
(11579, 1, 'page_settings_no_favicon_label'),
(11577, 7, 'ws_link_url_label'),
(11578, 7, 'ws_link_new_window_label'),
(11635, 7, 'max_upload_filesize'),
(15361, 1, 'massmailing_user_roles_label'),
(15362, 1, 'settings_max_upload_size_error'),
(15363, 1, 'user_feedback_email_unverified'),
(15364, 7, 'authorization_action_forum_move_topic_to_hidden'),
(15365, 7, 'authorization_role_gold'),
(15366, 7, 'authorization_role_silver'),
(15367, 7, 'authorization_role_silver1'),
(15368, 7, 'billing_gateway_products_binding'),
(15369, 7, 'billing_product'),
(15370, 7, 'billing_product_id'),
(15371, 7, 'block_user_confirmation_label'),
(15372, 7, 'cancel_button'),
(15373, 7, 'confirm_button'),
(15374, 7, 'local_page_content_page_10919570'),
(15375, 7, 'local_page_content_page_61525903'),
(15376, 7, 'local_page_meta_tags_page_10919570'),
(15377, 7, 'local_page_meta_tags_page_61525903'),
(15378, 7, 'local_page_title_page_10919570'),
(15379, 7, 'local_page_title_page_61525903'),
(15380, 7, 'maintenance_disable_message'),
(15381, 7, 'mark_email_unverified_btn'),
(15382, 7, 'massmailing_unsubscribe_confirmation'),
(15383, 7, 'page_10919570'),
(15385, 7, 'questions_account_type_77f92557420351da5a45e37a13857657'),
(15386, 7, 'questions_account_type_db5c851569c8660abb5ad2441d38d3fc'),
(15387, 7, 'questions_account_type_df9807bd2ba1808afb2ab52a7b74fc90'),
(15388, 7, 'questions_question_06c1ce07a38cb0267e45ec955ed84a6f_description'),
(15389, 7, 'questions_question_06c1ce07a38cb0267e45ec955ed84a6f_label'),
(15390, 7, 'questions_question_2be5f9666f2a291d33705d58a902d84a_description'),
(15391, 7, 'questions_question_2be5f9666f2a291d33705d58a902d84a_label'),
(15392, 7, 'questions_question_739a83996f701966485290779f4ff2b5_description'),
(15393, 7, 'questions_question_739a83996f701966485290779f4ff2b5_label'),
(15394, 7, 'questions_question_739a83996f701966485290779f4ff2b5_value_1'),
(15395, 7, 'questions_question_739a83996f701966485290779f4ff2b5_value_1024'),
(15396, 7, 'questions_question_739a83996f701966485290779f4ff2b5_value_128'),
(15397, 7, 'questions_question_739a83996f701966485290779f4ff2b5_value_16'),
(15398, 7, 'questions_question_739a83996f701966485290779f4ff2b5_value_16384'),
(15399, 7, 'questions_question_739a83996f701966485290779f4ff2b5_value_2'),
(15400, 7, 'questions_question_739a83996f701966485290779f4ff2b5_value_2048'),
(15401, 7, 'questions_question_739a83996f701966485290779f4ff2b5_value_256'),
(15402, 7, 'questions_question_739a83996f701966485290779f4ff2b5_value_32'),
(15403, 7, 'questions_question_739a83996f701966485290779f4ff2b5_value_32768'),
(15404, 7, 'questions_question_739a83996f701966485290779f4ff2b5_value_4'),
(15405, 7, 'questions_question_739a83996f701966485290779f4ff2b5_value_4096'),
(15406, 7, 'questions_question_739a83996f701966485290779f4ff2b5_value_512'),
(15407, 7, 'questions_question_739a83996f701966485290779f4ff2b5_value_64'),
(15408, 7, 'questions_question_739a83996f701966485290779f4ff2b5_value_8'),
(15409, 7, 'questions_question_739a83996f701966485290779f4ff2b5_value_8192'),
(15411, 7, 'questions_question_c5dc53f371fe6ba3001a7c7e31bd95fc_label'),
(15413, 7, 'questions_question_d8aa20d67fbb6c6864e46c474d0bde10_label'),
(15414, 7, 'questions_question_ecef9fe729d11241c04609c3a7ca468e_description'),
(15415, 7, 'questions_question_ecef9fe729d11241c04609c3a7ca468e_label'),
(15416, 7, 'user_block_btn_lbl'),
(15417, 7, 'user_block_confirm_message'),
(15418, 7, 'user_block_message'),
(15419, 7, 'user_feedback_profile_blocked'),
(15420, 7, 'user_feedback_profile_unblocked'),
(15421, 7, 'user_unblock_btn_lbl'),
(15473, 1, 'manage_plugins_add_empty_field_error_message'),
(15475, 1, 'manage_plugins_update_process_error'),
(15476, 1, 'manage_plugins_up_to_date_message'),
(15477, 1, 'manage_plugin_add_extract_error'),
(15478, 1, 'plugin_update_download_error'),
(15479, 1, 'plugin_update_request_error'),
(15480, 7, 'forgot_password_request_exists_error_message'),
(15481, 1, 'user_feedback_profiles_approved'),
(15482, 1, 'user_feedback_profiles_disapproved'),
(15483, 1, 'user_settings_avatar_size_error'),
(15484, 1, 'user_settings_avatar_size_label'),
(15485, 1, 'user_settings_big_avatar_size_error'),
(15486, 1, 'user_settings_big_avatar_size_label'),
(15487, 1, 'warning_url_fopen_disabled'),
(15488, 7, 'ajax_attachment_select_image'),
(15489, 7, 'ajax_attachment_select_image_title'),
(15490, 7, 'approve_user_btn'),
(15491, 7, 'disapprove_user_btn'),
(15492, 7, 'feed_activity_avatar_string'),
(15493, 7, 'feed_activity_avatar_string_like'),
(15494, 7, 'feed_activity_join_profile_string'),
(15495, 7, 'feed_activity_join_profile_string_like'),
(15496, 7, 'not_writable_avatar_dir'),
(15497, 7, 'upload_file_extension_is_not_allowed'),
(15500, 7, 'questions_question_55c95a36e50b0d7a795fb1caa8a8e520_value_1'),
(15501, 7, 'questions_question_55c95a36e50b0d7a795fb1caa8a8e520_value_2'),
(15502, 7, 'questions_question_55c95a36e50b0d7a795fb1caa8a8e520_value_4'),
(15503, 7, 'questions_question_7747d430cc0be5d22223baf1082b34c9_description'),
(15504, 7, 'questions_question_7747d430cc0be5d22223baf1082b34c9_label'),
(15505, 7, 'questions_question_7747d430cc0be5d22223baf1082b34c9_value_1'),
(15506, 7, 'questions_question_7747d430cc0be5d22223baf1082b34c9_value_2'),
(15507, 7, 'questions_question_7747d430cc0be5d22223baf1082b34c9_value_4'),
(15508, 7, 'questions_question_dc15d35b1be0e31b4c69bdaddb5298ff_description'),
(15509, 7, 'questions_question_dc15d35b1be0e31b4c69bdaddb5298ff_label'),
(15590, 1, 'questions_account_type_has_exclusive_questions'),
(15588, 1, 'cron_configuration_required_notice'),
(15589, 1, 'manage_plugins_install_error_message'),
(15513, 7, 'questions_question_presentation_range_label'),
(15515, 7, 'quick_links_cap_label'),
(15516, 7, 'sort_control_sortby'),
(15517, 7, 'tags_cloud_cap_label'),
(15518, 7, 'user_deleted_message'),
(15520, 7, 'local_page_title_page_81959573'),
(15522, 7, 'local_page_content_page_81959573'),
(15523, 1, 'console_item_admin_dashboard'),
(15524, 1, 'console_item_manage_pages'),
(15525, 1, 'console_item_manage_plugins'),
(15526, 1, 'console_item_manage_theme'),
(15527, 1, 'console_item_manage_users'),
(15528, 1, 'feed_content_avatar_change'),
(15529, 1, 'language_activated'),
(15530, 1, 'language_deactivated'),
(15531, 1, 'language_deleted'),
(15532, 1, 'msg_lang_clone_failed'),
(15533, 1, 'msg_lang_invalid_language_tag'),
(15534, 1, 'restrictedusernames_username_already_exists'),
(15535, 1, 'restrictedusernames_username_deleted'),
(15536, 7, 'authorization_role_admin'),
(15537, 7, 'auth_action_add_comment'),
(15538, 7, 'base_invisible_profile_field_tooltip'),
(15539, 7, 'base_sign_in_txt'),
(15540, 7, 'cannot_delete_admin_user_message'),
(15541, 7, 'console_item_invitations_label'),
(15542, 7, 'console_item_sign_up_label'),
(15543, 7, 'contex_action_comment_delete_label'),
(15544, 7, 'contex_action_user_delete_label'),
(15545, 7, 'custom_html_widget_no_content'),
(15546, 7, 'deleted_user'),
(15547, 7, 'flag_own_content_not_accepted'),
(15550, 7, 'local_page_content_page_65118983'),
(15551, 7, 'local_page_meta_tags_page_19271127'),
(15554, 7, 'local_page_title_page_19271127'),
(15555, 7, 'local_page_title_page_58148315'),
(15556, 7, 'local_page_title_page_65118983'),
(15557, 7, 'pages_wrong_local_url'),
(15558, 7, 'page_19271127'),
(15559, 7, 'page_3784014'),
(15560, 7, 'page_58148315'),
(15561, 7, 'page_65118983'),
(15562, 7, 'preference_menu_item'),
(15563, 7, 'questions_account_type_7f23216f76dfbd9e7f6dacd58ea58beb'),
(15564, 7, 'questions_question_44e544653804655d52235ac14aaa10fb_description'),
(15565, 7, 'questions_question_44e544653804655d52235ac14aaa10fb_label'),
(15566, 7, 'questions_section_a9073700994b20e339e21d061c44e5b0_label'),
(15567, 7, 'skalfa'),
(15568, 7, 'text_is_too_long'),
(15569, 7, 'user_deleted_page_message'),
(15570, 7, 'user_list_chat_now'),
(15591, 1, 'questions_cant_delete_default_account_type'),
(15592, 7, 'comment_form_element_invitation_text'),
(15593, 7, 'page_57271912'),
(15594, 7, 'profile_toolbar_group_moderation'),
(15595, 7, 'questions_account_type_8c103538900bda26f08d9ccd2aad61f8'),
(15596, 7, 'questions_question_07f4c1294598ea15ae43fafdefbc6919_description'),
(15597, 7, 'questions_question_07f4c1294598ea15ae43fafdefbc6919_label'),
(15598, 7, 'questions_question_07f4c1294598ea15ae43fafdefbc6919_value_1'),
(15599, 7, 'questions_question_07f4c1294598ea15ae43fafdefbc6919_value_2'),
(15600, 7, 'questions_question_07f4c1294598ea15ae43fafdefbc6919_value_4'),
(15601, 7, 'questions_question_2e9938cadc1786aa6ad39edea8d00ddf_description'),
(15602, 7, 'questions_question_2e9938cadc1786aa6ad39edea8d00ddf_label'),
(15604, 7, 'questions_question_googlemap_location_label'),
(15605, 7, 'questions_question_presentation_age_label'),
(15606, 7, 'questions_question_presentation_birthdate_label'),
(15607, 7, 'questions_question_presentation_radio_label'),
(15608, 7, 'questions_question_presentation_select_label'),
(15609, 7, 'questions_section_location_label'),
(15610, 7, 'tags_input_field_invitation'),
(15611, 7, 'widgets_default_settings_access_restrictions'),
(15612, 7, 'widgets_default_settings_restrict_view'),
(15613, 1, 'back_to_theme_list'),
(15614, 1, 'com_theme_request_name_label'),
(15615, 1, 'com_theme_request_text'),
(15616, 1, 'delete_content_warning'),
(15617, 1, 'free_theme_request_text'),
(15618, 1, 'manage_themes_theme_not_found'),
(15619, 1, 'manage_themes_update_process_error'),
(15620, 1, 'manage_themes_update_request_box_cap_label'),
(15621, 1, 'manage_themes_update_success_message'),
(15622, 1, 'manage_themes_up_to_date_message'),
(15624, 1, 'questions_delete_question_parent_confirmation'),
(16386, 1, 'account_type_translation'),
(15626, 1, 'sidebar_menu_mobile'),
(15627, 1, 'themes_manage_invalid_license_key_error_message'),
(15628, 1, 'theme_update_download_error'),
(15629, 1, 'theme_update_not_available_error'),
(15630, 1, 'theme_update_request_error'),
(15636, 7, 'authorization_role_ekip_yesi'),
(15637, 7, 'authorization_role_ewrwe'),
(15641, 7, 'authorization_role_ms_test'),
(15644, 7, 'desktop_version_menu_item'),
(15646, 7, 'index_menu_item'),
(15647, 7, 'local_page_content_page_31935233'),
(15648, 7, 'local_page_content_page_61962499'),
(15649, 7, 'local_page_content_page_80273168'),
(15650, 7, 'local_page_content_test'),
(15651, 7, 'local_page_content_test2'),
(15653, 7, 'local_page_meta_tags_page_61962499'),
(15654, 7, 'local_page_meta_tags_page_80273168'),
(15655, 7, 'local_page_meta_tags_test'),
(15656, 7, 'local_page_meta_tags_test2'),
(15657, 7, 'local_page_title_page_31935233'),
(15658, 7, 'local_page_title_page_61962499'),
(15659, 7, 'local_page_title_page_80273168'),
(15660, 7, 'local_page_title_test'),
(15661, 7, 'local_page_title_test2'),
(15662, 7, 'mobile_version_menu_item'),
(15663, 7, 'page_31935233'),
(15664, 7, 'page_38157820'),
(15665, 7, 'page_61962499'),
(15666, 7, 'page_73405194'),
(15667, 7, 'page_80273168'),
(15668, 7, 'profile_view_description'),
(15670, 7, 'questions_question_0fe69011e890106732951b49d131490c_description'),
(15671, 7, 'questions_question_0fe69011e890106732951b49d131490c_label'),
(15672, 7, 'questions_question_0fe69011e890106732951b49d131490c_value_1'),
(15673, 7, 'questions_question_0fe69011e890106732951b49d131490c_value_2'),
(15674, 7, 'questions_question_0fe69011e890106732951b49d131490c_value_4'),
(15675, 7, 'questions_question_0fe69011e890106732951b49d131490c_value_8'),
(15677, 7, 'questions_question_1fedc27c0e003f16fb8ab66d29727451_label'),
(15678, 7, 'questions_question_36e39f917cbcf4fb10aa753186ced60d_description'),
(15679, 7, 'questions_question_36e39f917cbcf4fb10aa753186ced60d_label'),
(15680, 7, 'questions_question_36e39f917cbcf4fb10aa753186ced60d_value_1'),
(15681, 7, 'questions_question_36e39f917cbcf4fb10aa753186ced60d_value_1024'),
(15682, 7, 'questions_question_36e39f917cbcf4fb10aa753186ced60d_value_1048576'),
(15683, 7, 'questions_question_36e39f917cbcf4fb10aa753186ced60d_value_1073741824'),
(15684, 7, 'questions_question_36e39f917cbcf4fb10aa753186ced60d_value_128'),
(15685, 7, 'questions_question_36e39f917cbcf4fb10aa753186ced60d_value_131072'),
(15686, 7, 'questions_question_36e39f917cbcf4fb10aa753186ced60d_value_134217728'),
(15687, 7, 'questions_question_36e39f917cbcf4fb10aa753186ced60d_value_16'),
(15688, 7, 'questions_question_36e39f917cbcf4fb10aa753186ced60d_value_16384'),
(15689, 7, 'questions_question_36e39f917cbcf4fb10aa753186ced60d_value_16777216'),
(15690, 7, 'questions_question_36e39f917cbcf4fb10aa753186ced60d_value_2'),
(15691, 7, 'questions_question_36e39f917cbcf4fb10aa753186ced60d_value_2048'),
(15692, 7, 'questions_question_36e39f917cbcf4fb10aa753186ced60d_value_2097152'),
(15693, 7, 'questions_question_36e39f917cbcf4fb10aa753186ced60d_value_256'),
(15694, 7, 'questions_question_36e39f917cbcf4fb10aa753186ced60d_value_262144'),
(15695, 7, 'questions_question_36e39f917cbcf4fb10aa753186ced60d_value_268435456'),
(15696, 7, 'questions_question_36e39f917cbcf4fb10aa753186ced60d_value_32'),
(15697, 7, 'questions_question_36e39f917cbcf4fb10aa753186ced60d_value_32768'),
(15698, 7, 'questions_question_36e39f917cbcf4fb10aa753186ced60d_value_33554432'),
(15699, 7, 'questions_question_36e39f917cbcf4fb10aa753186ced60d_value_4'),
(15700, 7, 'questions_question_36e39f917cbcf4fb10aa753186ced60d_value_4096'),
(15701, 7, 'questions_question_36e39f917cbcf4fb10aa753186ced60d_value_4194304'),
(15702, 7, 'questions_question_36e39f917cbcf4fb10aa753186ced60d_value_512'),
(15703, 7, 'questions_question_36e39f917cbcf4fb10aa753186ced60d_value_524288'),
(15704, 7, 'questions_question_36e39f917cbcf4fb10aa753186ced60d_value_536870912'),
(15705, 7, 'questions_question_36e39f917cbcf4fb10aa753186ced60d_value_64'),
(15706, 7, 'questions_question_36e39f917cbcf4fb10aa753186ced60d_value_65536'),
(15707, 7, 'questions_question_36e39f917cbcf4fb10aa753186ced60d_value_67108864'),
(15708, 7, 'questions_question_36e39f917cbcf4fb10aa753186ced60d_value_8'),
(15709, 7, 'questions_question_36e39f917cbcf4fb10aa753186ced60d_value_8192'),
(15710, 7, 'questions_question_36e39f917cbcf4fb10aa753186ced60d_value_8388608'),
(15713, 7, 'questions_question_557256153cd10f5f711ac4ee14a7b675_value_1'),
(15714, 7, 'questions_question_557256153cd10f5f711ac4ee14a7b675_value_2'),
(15715, 7, 'questions_question_557256153cd10f5f711ac4ee14a7b675_value_4'),
(15719, 7, 'questions_question_5eab269060488cd69d49fbe31c9cb0a1_label'),
(15720, 7, 'questions_question_5eab269060488cd69d49fbe31c9cb0a1_value_1'),
(15721, 7, 'questions_question_5eab269060488cd69d49fbe31c9cb0a1_value_2'),
(15722, 7, 'questions_question_5eab269060488cd69d49fbe31c9cb0a1_value_4'),
(15723, 7, 'questions_question_5eab269060488cd69d49fbe31c9cb0a1_value_8'),
(15724, 7, 'questions_question_6363dd2f3b50a8a775a5030b0da6bd65_value_1'),
(15725, 7, 'questions_question_6363dd2f3b50a8a775a5030b0da6bd65_value_16'),
(15726, 7, 'questions_question_6363dd2f3b50a8a775a5030b0da6bd65_value_2'),
(15727, 7, 'questions_question_6363dd2f3b50a8a775a5030b0da6bd65_value_4'),
(15728, 7, 'questions_question_6363dd2f3b50a8a775a5030b0da6bd65_value_8'),
(15732, 7, 'questions_question_96c41d906ac020757eae6a0ba339e398_label'),
(15733, 7, 'questions_question_96c41d906ac020757eae6a0ba339e398_value_1'),
(15734, 7, 'questions_question_96c41d906ac020757eae6a0ba339e398_value_2'),
(15735, 7, 'questions_question_96c41d906ac020757eae6a0ba339e398_value_4'),
(15736, 7, 'questions_question_96c41d906ac020757eae6a0ba339e398_value_8'),
(15737, 7, 'questions_question_a023dd4e406571f6e805e52e5dd9b9ef_description'),
(15738, 7, 'questions_question_a023dd4e406571f6e805e52e5dd9b9ef_label'),
(15739, 7, 'questions_question_a023dd4e406571f6e805e52e5dd9b9ef_value_1'),
(15740, 7, 'questions_question_a023dd4e406571f6e805e52e5dd9b9ef_value_2'),
(15741, 7, 'questions_question_a023dd4e406571f6e805e52e5dd9b9ef_value_4'),
(15742, 7, 'questions_question_a023dd4e406571f6e805e52e5dd9b9ef_value_8'),
(15743, 7, 'questions_question_a5115de7f38988e748370a59ba0b311d_description'),
(15744, 7, 'questions_question_a5115de7f38988e748370a59ba0b311d_label'),
(15745, 7, 'questions_question_b9b93e695cbc4475751d3fa98a417832_description'),
(15746, 7, 'questions_question_b9b93e695cbc4475751d3fa98a417832_label'),
(15747, 7, 'questions_question_b9b93e695cbc4475751d3fa98a417832_value_1'),
(15748, 7, 'questions_question_b9b93e695cbc4475751d3fa98a417832_value_2'),
(15749, 7, 'questions_question_b9b93e695cbc4475751d3fa98a417832_value_4'),
(15750, 7, 'questions_question_birthday_label_presentation_age'),
(15754, 7, 'questions_question_d88bae51bcd9f1a0c303164d567ea297_label'),
(15756, 7, 'questions_question_da61580794d0318812eab8c09b147cd6_label'),
(15757, 7, 'questions_question_da61580794d0318812eab8c09b147cd6_value_1'),
(15758, 7, 'questions_question_da61580794d0318812eab8c09b147cd6_value_2'),
(15759, 7, 'questions_question_da61580794d0318812eab8c09b147cd6_value_4'),
(15760, 7, 'questions_question_da61580794d0318812eab8c09b147cd6_value_8'),
(15761, 7, 'questions_question_e559834ab837e866e80aea0d1b453fc2_value_1'),
(15762, 7, 'questions_question_e559834ab837e866e80aea0d1b453fc2_value_2'),
(15763, 7, 'questions_question_e559834ab837e866e80aea0d1b453fc2_value_4'),
(15764, 7, 'questions_question_e559834ab837e866e80aea0d1b453fc2_value_8'),
(15766, 7, 'questions_question_match_739a83996f701966485290779f4ff2b5_label'),
(15768, 7, 'questions_question_match_age_label'),
(15770, 7, 'questions_question_sex_value_4'),
(15771, 7, 'questions_section_about_my_match_label'),
(15772, 7, 'test'),
(15773, 7, 'users_list_birthdays_meta_description'),
(15774, 7, 'users_list_latest_meta_description'),
(15775, 7, 'users_list_online_meta_description'),
(15776, 7, 'users_list_user_search_meta_description'),
(15777, 253, 'about'),
(15778, 253, 'admin_nav_adding_message'),
(15779, 253, 'admin_nav_bottom_section_label'),
(15780, 253, 'admin_nav_default_menu_name'),
(15781, 253, 'admin_nav_default_page_content'),
(15782, 253, 'admin_nav_default_page_title'),
(15783, 253, 'admin_nav_hidden_section_label'),
(15784, 253, 'admin_nav_item_content_field'),
(15785, 253, 'admin_nav_item_label_field'),
(15786, 253, 'admin_nav_item_title_field'),
(15787, 253, 'admin_nav_new_item_label'),
(15788, 253, 'admin_nav_settings_fb_title'),
(15789, 253, 'admin_nav_top_section_label'),
(15790, 253, 'admin_widgets_hidden_section_label'),
(15791, 253, 'admin_widgets_main_section_label'),
(15792, 253, 'mobile_admin_navigation'),
(15793, 253, 'mobile_admin_pages_dashboard'),
(15794, 253, 'mobile_admin_pages_index'),
(15795, 253, 'mobile_admin_pages_profile'),
(15796, 253, 'page_default_heading'),
(15797, 253, 'page_default_title'),
(15798, 253, 'sign_out'),
(15799, 253, 'view_profile'),
(15800, 253, 'widgets_admin_dashboard_heading'),
(15801, 253, 'widgets_admin_index_heading'),
(15802, 253, 'widgets_admin_profile_heading'),
(16033, 6, 'mobile_page_14788567'),
(16034, 6, 'mobile_page_14788567_title'),
(16035, 6, 'mobile_page_14788567_content'),
(16036, 253, 'mobile_pages_dashboard'),
(16037, 7, 'mobile_disabled_item_message'),
(16038, 7, 'mobile_notifications_console_empty'),
(16101, 7, 'page_61525903'),
(16103, 253, 'right_sidebar_guest_heading'),
(16383, 1, 'notification_themes_to_update'),
(16384, 253, 'page_is_not_available'),
(16391, 1, 'error_empty_credentials_provided'),
(16392, 1, 'error_empty_host_provided'),
(16393, 1, 'error_ftp_function_is_not_available'),
(16394, 1, 'error_invalid_credentials_provided'),
(16395, 1, 'heading_mobile_settings'),
(16396, 1, 'input_settings_attch_ext_list_desc'),
(16397, 1, 'input_settings_attch_ext_list_label'),
(16398, 1, 'input_settings_attch_max_upload_size_label'),
(16399, 1, 'manage_plugin_cant_add_duplicate_key_error'),
(16400, 1, 'mobile_settings_mobile_context_disable_desc'),
(16401, 1, 'mobile_settings_mobile_context_disable_label'),
(16402, 1, 'mobile_settings_tabe_heading'),
(16403, 1, 'possible_values_disable_message'),
(16404, 1, 'questions_account_type_was_updated'),
(16405, 1, 'questions_add_account_type_title'),
(16406, 1, 'questions_add_edit_type_title'),
(16407, 1, 'questions_add_profile_question_title'),
(16408, 1, 'questions_add_question_button'),
(16409, 1, 'questions_add_section_button'),
(18464, 1, 'questions_matched_question_values'),
(18465, 1, 'questions_possible_values_label'),
(16412, 1, 'questions_edit_account_type_title'),
(16413, 1, 'questions_edit_profile_question_title'),
(16415, 1, 'questions_page_description'),
(16416, 1, 'questions_save_account_type'),
(16417, 1, 'question_menu_account_types'),
(16418, 1, 'question_menu_properties'),
(16419, 1, 'themes_cant_delete_active_theme'),
(16420, 1, 'themes_cant_delete_default_theme'),
(16421, 1, 'themes_choose_delete_button_label'),
(16422, 1, 'themes_choose_delete_confirm_msg'),
(16423, 1, 'themes_delete_success_message'),
(16424, 1, 'user_input_settings_attachments'),
(16425, 253, 'mobile_admin_settings'),
(16427, 7, 'authorization_action_promotion'),
(16428, 7, 'authorization_limited_permissions'),
(16476, 7, 'base+questions_add_account_type'),
(16477, 7, 'base_document_auth_failed_heading'),
(16478, 7, 'btn_label_send'),
(16479, 7, 'comment_load_more_label'),
(16480, 7, 'complete_profile'),
(16481, 7, 'complete_profile_info'),
(16482, 7, 'complete_your_profile_page_heading'),
(16483, 7, 'complite_profile'),
(16484, 7, 'continue_button'),
(16485, 7, 'empty_comment_error_msg'),
(16486, 7, 'feed_activity_avatar_string_like_own'),
(16487, 7, 'feed_activity_avatar_string_own'),
(16594, 7, 'no_items'),
(16595, 7, 'or'),
(16672, 7, 'questions_account_type_1b4bbdb5419b2352aa276a7f58a585fa'),
(16677, 7, 'questions_add_account_type'),
(16679, 7, 'questions_edit_description_label_title'),
(16680, 7, 'questions_edit_question_label_title'),
(16681, 7, 'questions_edit_question_value_title'),
(16828, 7, 'questions_question_0fbf517c6c3eb5c266894b51bdd07700_value_1'),
(16829, 7, 'questions_question_0fbf517c6c3eb5c266894b51bdd07700_value_2'),
(16830, 7, 'questions_question_0fbf517c6c3eb5c266894b51bdd07700_value_4'),
(16831, 7, 'questions_question_0fbf517c6c3eb5c266894b51bdd07700_value_8'),
(16994, 7, 'questions_question_25397eeec0dd1715655bbd5e2488bb50_value_1'),
(16995, 7, 'questions_question_25397eeec0dd1715655bbd5e2488bb50_value_128'),
(16996, 7, 'questions_question_25397eeec0dd1715655bbd5e2488bb50_value_16'),
(16997, 7, 'questions_question_25397eeec0dd1715655bbd5e2488bb50_value_2'),
(16998, 7, 'questions_question_25397eeec0dd1715655bbd5e2488bb50_value_32'),
(16999, 7, 'questions_question_25397eeec0dd1715655bbd5e2488bb50_value_4'),
(17000, 7, 'questions_question_25397eeec0dd1715655bbd5e2488bb50_value_64'),
(17001, 7, 'questions_question_25397eeec0dd1715655bbd5e2488bb50_value_8'),
(17071, 7, 'questions_question_399c943d354454ee1f3280603d4cf01e_value_1'),
(17072, 7, 'questions_question_399c943d354454ee1f3280603d4cf01e_value_2'),
(17073, 7, 'questions_question_399c943d354454ee1f3280603d4cf01e_value_4'),
(17074, 7, 'questions_question_399c943d354454ee1f3280603d4cf01e_value_8'),
(17151, 7, 'questions_question_48078777a47f521a8d2db15e8c43aeb4_value_1'),
(17152, 7, 'questions_question_48078777a47f521a8d2db15e8c43aeb4_value_16'),
(17153, 7, 'questions_question_48078777a47f521a8d2db15e8c43aeb4_value_2'),
(17154, 7, 'questions_question_48078777a47f521a8d2db15e8c43aeb4_value_4'),
(17155, 7, 'questions_question_48078777a47f521a8d2db15e8c43aeb4_value_8'),
(17473, 7, 'questions_question_71ca7b196a4926b36ceb0e5f2f79f83f_value_1'),
(17474, 7, 'questions_question_71ca7b196a4926b36ceb0e5f2f79f83f_value_2'),
(17475, 7, 'questions_question_71ca7b196a4926b36ceb0e5f2f79f83f_value_32'),
(17476, 7, 'questions_question_71ca7b196a4926b36ceb0e5f2f79f83f_value_4'),
(17477, 7, 'questions_question_71ca7b196a4926b36ceb0e5f2f79f83f_value_64'),
(17526, 7, 'questions_question_757d226391f04cf0ccb26cfa570026e0_value_1'),
(17527, 7, 'questions_question_757d226391f04cf0ccb26cfa570026e0_value_2'),
(17528, 7, 'questions_question_757d226391f04cf0ccb26cfa570026e0_value_4'),
(17951, 7, 'questions_question_b9b93e695cbc4475751d3fa98a417832_value_16'),
(17952, 7, 'questions_question_b9b93e695cbc4475751d3fa98a417832_value_32'),
(17953, 7, 'questions_question_b9b93e695cbc4475751d3fa98a417832_value_8'),
(18025, 7, 'questions_question_c4b93fbdd34a1892021fe179bff33834_value_1'),
(18026, 7, 'questions_question_c4b93fbdd34a1892021fe179bff33834_value_16'),
(18027, 7, 'questions_question_c4b93fbdd34a1892021fe179bff33834_value_2'),
(18028, 7, 'questions_question_c4b93fbdd34a1892021fe179bff33834_value_4'),
(18029, 7, 'questions_question_c4b93fbdd34a1892021fe179bff33834_value_8'),
(18043, 7, 'questions_question_c897c809bc8a4f004f27a1e4637a99e6_description'),
(18044, 7, 'questions_question_c897c809bc8a4f004f27a1e4637a99e6_label'),
(18179, 7, 'questions_question_d570618c786b27617afb52192274c4e9_value_1'),
(18180, 7, 'questions_question_d570618c786b27617afb52192274c4e9_value_128'),
(18181, 7, 'questions_question_d570618c786b27617afb52192274c4e9_value_16'),
(18182, 7, 'questions_question_d570618c786b27617afb52192274c4e9_value_2'),
(18183, 7, 'questions_question_d570618c786b27617afb52192274c4e9_value_256'),
(18184, 7, 'questions_question_d570618c786b27617afb52192274c4e9_value_32'),
(18185, 7, 'questions_question_d570618c786b27617afb52192274c4e9_value_4'),
(18186, 7, 'questions_question_d570618c786b27617afb52192274c4e9_value_512'),
(18187, 7, 'questions_question_d570618c786b27617afb52192274c4e9_value_64'),
(18188, 7, 'questions_question_d570618c786b27617afb52192274c4e9_value_8'),
(18329, 7, 'questions_question_f17d6da3dec6687a509721adee152573_description'),
(18330, 7, 'questions_question_f17d6da3dec6687a509721adee152573_label'),
(18429, 7, 'questions_question__value_16'),
(18430, 7, 'questions_question__value_8'),
(18441, 7, 'questions_section_4e9e55a664473acae206ec14c58aa45e_label'),
(18459, 7, 'required_profile_questions'),
(18466, 1, 'question_possible_values_label'),
(18467, 7, 'avatar_back_profile_edit'),
(18468, 7, 'form_validate_common_error_message'),
(18469, 7, 'questions_admin_add_new_values'),
(18470, 7, 'questions_question_password_description'),
(18471, 7, 'submit_attachment_not_loaded'),
(18473, 253, 'admin_nav_item_type_field'),
(18474, 253, 'admin_nav_item_type_local'),
(18475, 253, 'admin_nav_item_url_field'),
(18476, 253, 'mobile_join_promo'),
(18477, 1, 'pages_page_field_content_desc'),
(18478, 1, 'questions_cant_delete_last_account_type'),
(18479, 1, 'themes_admin_list_cap_title'),
(18480, 7, 'comments_see_more_label'),
(18481, 7, 'questions_question_field_098faf82d91306b42c070711da8bf177_description'),
(18482, 7, 'questions_question_field_098faf82d91306b42c070711da8bf177_label'),
(18483, 7, 'questions_question_field_098faf82d91306b42c070711da8bf177_value_1'),
(18484, 7, 'questions_question_field_098faf82d91306b42c070711da8bf177_value_1024'),
(18485, 7, 'questions_question_field_098faf82d91306b42c070711da8bf177_value_1048576'),
(18486, 7, 'questions_question_field_098faf82d91306b42c070711da8bf177_value_128'),
(18487, 7, 'questions_question_field_098faf82d91306b42c070711da8bf177_value_131072'),
(18488, 7, 'questions_question_field_098faf82d91306b42c070711da8bf177_value_134217728'),
(18489, 7, 'questions_question_field_098faf82d91306b42c070711da8bf177_value_16'),
(18490, 7, 'questions_question_field_098faf82d91306b42c070711da8bf177_value_16384'),
(18491, 7, 'questions_question_field_098faf82d91306b42c070711da8bf177_value_16777216'),
(18492, 7, 'questions_question_field_098faf82d91306b42c070711da8bf177_value_2'),
(18493, 7, 'questions_question_field_098faf82d91306b42c070711da8bf177_value_2048'),
(18494, 7, 'questions_question_field_098faf82d91306b42c070711da8bf177_value_2097152'),
(18495, 7, 'questions_question_field_098faf82d91306b42c070711da8bf177_value_256'),
(18496, 7, 'questions_question_field_098faf82d91306b42c070711da8bf177_value_262144'),
(18497, 7, 'questions_question_field_098faf82d91306b42c070711da8bf177_value_32'),
(18498, 7, 'questions_question_field_098faf82d91306b42c070711da8bf177_value_32768'),
(18499, 7, 'questions_question_field_098faf82d91306b42c070711da8bf177_value_33554432'),
(18500, 7, 'questions_question_field_098faf82d91306b42c070711da8bf177_value_4'),
(18501, 7, 'questions_question_field_098faf82d91306b42c070711da8bf177_value_4096'),
(18502, 7, 'questions_question_field_098faf82d91306b42c070711da8bf177_value_4194304'),
(18503, 7, 'questions_question_field_098faf82d91306b42c070711da8bf177_value_512'),
(18504, 7, 'questions_question_field_098faf82d91306b42c070711da8bf177_value_524288'),
(18505, 7, 'questions_question_field_098faf82d91306b42c070711da8bf177_value_64'),
(18506, 7, 'questions_question_field_098faf82d91306b42c070711da8bf177_value_65536'),
(18507, 7, 'questions_question_field_098faf82d91306b42c070711da8bf177_value_67108864'),
(18508, 7, 'questions_question_field_098faf82d91306b42c070711da8bf177_value_8'),
(18509, 7, 'questions_question_field_098faf82d91306b42c070711da8bf177_value_8192'),
(18510, 7, 'questions_question_field_098faf82d91306b42c070711da8bf177_value_8388608'),
(18511, 7, 'questions_question_field_d4492405b06aa44625c25fce4f077e47_description'),
(18512, 7, 'questions_question_field_d4492405b06aa44625c25fce4f077e47_label'),
(18513, 7, 'questions_question_field_d4492405b06aa44625c25fce4f077e47_value_1'),
(18514, 7, 'questions_question_field_d4492405b06aa44625c25fce4f077e47_value_1024'),
(18515, 7, 'questions_question_field_d4492405b06aa44625c25fce4f077e47_value_1048576'),
(18516, 7, 'questions_question_field_d4492405b06aa44625c25fce4f077e47_value_1073741824'),
(18517, 7, 'questions_question_field_d4492405b06aa44625c25fce4f077e47_value_128'),
(18518, 7, 'questions_question_field_d4492405b06aa44625c25fce4f077e47_value_131072'),
(18519, 7, 'questions_question_field_d4492405b06aa44625c25fce4f077e47_value_134217728'),
(18520, 7, 'questions_question_field_d4492405b06aa44625c25fce4f077e47_value_16'),
(18521, 7, 'questions_question_field_d4492405b06aa44625c25fce4f077e47_value_16384'),
(18522, 7, 'questions_question_field_d4492405b06aa44625c25fce4f077e47_value_16777216'),
(18523, 7, 'questions_question_field_d4492405b06aa44625c25fce4f077e47_value_2'),
(18524, 7, 'questions_question_field_d4492405b06aa44625c25fce4f077e47_value_2048'),
(18525, 7, 'questions_question_field_d4492405b06aa44625c25fce4f077e47_value_2097152'),
(18526, 7, 'questions_question_field_d4492405b06aa44625c25fce4f077e47_value_256'),
(18527, 7, 'questions_question_field_d4492405b06aa44625c25fce4f077e47_value_262144'),
(18528, 7, 'questions_question_field_d4492405b06aa44625c25fce4f077e47_value_268435456'),
(18529, 7, 'questions_question_field_d4492405b06aa44625c25fce4f077e47_value_32'),
(18530, 7, 'questions_question_field_d4492405b06aa44625c25fce4f077e47_value_32768'),
(18531, 7, 'questions_question_field_d4492405b06aa44625c25fce4f077e47_value_33554432'),
(18532, 7, 'questions_question_field_d4492405b06aa44625c25fce4f077e47_value_4'),
(18533, 7, 'questions_question_field_d4492405b06aa44625c25fce4f077e47_value_4096'),
(18534, 7, 'questions_question_field_d4492405b06aa44625c25fce4f077e47_value_4194304'),
(18535, 7, 'questions_question_field_d4492405b06aa44625c25fce4f077e47_value_512'),
(18536, 7, 'questions_question_field_d4492405b06aa44625c25fce4f077e47_value_524288'),
(18537, 7, 'questions_question_field_d4492405b06aa44625c25fce4f077e47_value_536870912'),
(18538, 7, 'questions_question_field_d4492405b06aa44625c25fce4f077e47_value_64'),
(18539, 7, 'questions_question_field_d4492405b06aa44625c25fce4f077e47_value_65536'),
(18540, 7, 'questions_question_field_d4492405b06aa44625c25fce4f077e47_value_67108864'),
(18541, 7, 'questions_question_field_d4492405b06aa44625c25fce4f077e47_value_8'),
(18542, 7, 'questions_question_field_d4492405b06aa44625c25fce4f077e47_value_8192'),
(18543, 7, 'questions_question_field_d4492405b06aa44625c25fce4f077e47_value_8388608'),
(18544, 7, 'questions_question_field_f601014ed0ceba2d4e25606de1992eba_description'),
(18545, 7, 'questions_question_field_f601014ed0ceba2d4e25606de1992eba_label'),
(18546, 7, 'questions_question_field_f601014ed0ceba2d4e25606de1992eba_value_1'),
(18547, 7, 'questions_question_field_f601014ed0ceba2d4e25606de1992eba_value_1024'),
(18548, 7, 'questions_question_field_f601014ed0ceba2d4e25606de1992eba_value_1048576'),
(18549, 7, 'questions_question_field_f601014ed0ceba2d4e25606de1992eba_value_128'),
(18550, 7, 'questions_question_field_f601014ed0ceba2d4e25606de1992eba_value_131072'),
(18551, 7, 'questions_question_field_f601014ed0ceba2d4e25606de1992eba_value_134217728'),
(18552, 7, 'questions_question_field_f601014ed0ceba2d4e25606de1992eba_value_16'),
(18553, 7, 'questions_question_field_f601014ed0ceba2d4e25606de1992eba_value_16384'),
(18554, 7, 'questions_question_field_f601014ed0ceba2d4e25606de1992eba_value_16777216'),
(18555, 7, 'questions_question_field_f601014ed0ceba2d4e25606de1992eba_value_2'),
(18556, 7, 'questions_question_field_f601014ed0ceba2d4e25606de1992eba_value_2048'),
(18557, 7, 'questions_question_field_f601014ed0ceba2d4e25606de1992eba_value_2097152'),
(18558, 7, 'questions_question_field_f601014ed0ceba2d4e25606de1992eba_value_256'),
(18559, 7, 'questions_question_field_f601014ed0ceba2d4e25606de1992eba_value_262144'),
(18560, 7, 'questions_question_field_f601014ed0ceba2d4e25606de1992eba_value_268435456'),
(18561, 7, 'questions_question_field_f601014ed0ceba2d4e25606de1992eba_value_32'),
(18562, 7, 'questions_question_field_f601014ed0ceba2d4e25606de1992eba_value_32768'),
(18563, 7, 'questions_question_field_f601014ed0ceba2d4e25606de1992eba_value_33554432'),
(18564, 7, 'questions_question_field_f601014ed0ceba2d4e25606de1992eba_value_4'),
(18565, 7, 'questions_question_field_f601014ed0ceba2d4e25606de1992eba_value_4096'),
(18566, 7, 'questions_question_field_f601014ed0ceba2d4e25606de1992eba_value_4194304'),
(18567, 7, 'questions_question_field_f601014ed0ceba2d4e25606de1992eba_value_512'),
(18568, 7, 'questions_question_field_f601014ed0ceba2d4e25606de1992eba_value_524288'),
(18569, 7, 'questions_question_field_f601014ed0ceba2d4e25606de1992eba_value_64'),
(18570, 7, 'questions_question_field_f601014ed0ceba2d4e25606de1992eba_value_65536'),
(18571, 7, 'questions_question_field_f601014ed0ceba2d4e25606de1992eba_value_67108864'),
(18572, 7, 'questions_question_field_f601014ed0ceba2d4e25606de1992eba_value_8'),
(18573, 7, 'questions_question_field_f601014ed0ceba2d4e25606de1992eba_value_8192'),
(18574, 7, 'questions_question_field_f601014ed0ceba2d4e25606de1992eba_value_8388608'),
(18577, 1, 'manage_plugins_add_size_error_message'),
(18578, 1, 'manage_themes_add_empty_field_error_message'),
(18579, 1, 'questions_delete_section_confirmation_with_move_questions'),
(18580, 1, 'set_suspend_message_label'),
(18581, 7, 'auth_group_label'),
(18582, 7, 'avatar_changed'),
(18583, 7, 'avatar_choose_from_library'),
(18584, 7, 'avatar_drop_single_image'),
(18585, 7, 'avatar_has_been_approved'),
(18586, 7, 'avatar_image_too_small'),
(18587, 7, 'avatar_pending_approval'),
(18588, 7, 'avatar_update_string'),
(18589, 7, 'back'),
(18590, 7, 'check_all_to'),
(18591, 7, 'comment_added_string'),
(18592, 7, 'comment_content_label'),
(18593, 7, 'content_avatars_label'),
(18594, 7, 'content_avatar_label'),
(18595, 7, 'content_comments_label'),
(18596, 7, 'content_comment_label'),
(18597, 7, 'content_profiles_label'),
(18598, 7, 'content_profile_label'),
(18599, 7, 'crop_avatar_failed'),
(18600, 7, 'drag_image_or_browse'),
(18601, 7, 'drop_image_here'),
(18602, 7, 'flagged_time'),
(18603, 7, 'input_settings_avatar_max_upload_size_label'),
(18604, 7, 'moderation_action'),
(18605, 7, 'moderation_delete_confirmation'),
(18606, 7, 'moderation_delete_multiple_confirmation'),
(18607, 7, 'moderation_feedback_delete'),
(18608, 7, 'moderation_feedback_delete_multiple'),
(18609, 7, 'moderation_feedback_unflag'),
(18610, 7, 'moderation_feedback_unflag_multiple'),
(18611, 7, 'moderation_flags_item_string'),
(18612, 7, 'moderation_no_items'),
(18613, 7, 'moderation_no_items_warning'),
(18614, 7, 'moderation_panel'),
(18615, 7, 'moderation_reason'),
(18616, 7, 'moderation_reporter'),
(18617, 7, 'moderation_tools'),
(18618, 7, 'pending_approval'),
(18619, 7, 'set_suspend_message_label'),
(18661, 7, 'suspend_floatbox_title'),
(18621, 7, 'suspend_notification_html'),
(18622, 7, 'suspend_notification_subject'),
(18623, 7, 'suspend_notification_text'),
(18624, 7, 'unflag'),
(18625, 7, 'welcome_letter_template_html'),
(18626, 7, 'welcome_letter_template_text'),
(18627, 7, 'welcome_widget_content'),
(18628, 7, 'welcome_widget_legend'),
(18629, 7, 'welcome_widget_title'),
(18630, 1, 'add_password'),
(18654, 1, 'change_password'),
(18659, 7, 'join_index_new_to_site'),
(18662, 254, 'activity_string_self_status_like'),
(18663, 254, 'activity_string_status_comment'),
(18664, 254, 'activity_string_status_like'),
(18665, 254, 'activity_string_status_self_comment'),
(18666, 254, 'admin_allow_comments_label'),
(18667, 254, 'admin_allow_likes_label'),
(18668, 254, 'admin_comments_count_desc'),
(18669, 254, 'admin_comments_count_label'),
(18670, 254, 'admin_customization_legend'),
(18671, 254, 'admin_features_expanded_label'),
(18672, 254, 'admin_index_status_label'),
(18673, 254, 'admin_menu_item_customization'),
(18674, 254, 'admin_menu_item_settings'),
(18675, 254, 'admin_page_heading'),
(18676, 254, 'admin_page_title'),
(18677, 254, 'admin_save_btn'),
(18678, 254, 'admin_settings_title'),
(18679, 254, 'auth_action_label_add_comment'),
(18680, 254, 'auth_action_label_allow_status_update'),
(18681, 254, 'auth_group_label'),
(18682, 254, 'comment_btn_label'),
(18683, 254, 'content_group_label'),
(18684, 254, 'content_status_label'),
(18685, 254, 'customization_changed'),
(18686, 254, 'customization_not_changed'),
(18687, 254, 'delete_feed_item_label'),
(18688, 254, 'delete_feed_item_user_label'),
(18689, 254, 'email_notifications_empty_status_comment'),
(18690, 254, 'email_notifications_empty_status_like'),
(18691, 254, 'email_notifications_section_label'),
(18692, 254, 'email_notifications_setting_status_comment'),
(18693, 254, 'email_notifications_setting_status_like'),
(18694, 254, 'email_notifications_setting_user_status'),
(18695, 254, 'email_notifications_status_comment'),
(18696, 254, 'email_notifications_status_like'),
(18697, 254, 'empty_feed_message'),
(18698, 254, 'feed_action_deleted_message'),
(18699, 254, 'feed_activity_users'),
(18700, 254, 'feed_delete_item_label'),
(18701, 254, 'feed_likes_1_label'),
(18702, 254, 'feed_likes_2_label'),
(18703, 254, 'feed_likes_3_label'),
(18704, 254, 'feed_likes_list_label'),
(18705, 254, 'feed_view_more_btn'),
(18706, 254, 'follow_button'),
(18707, 254, 'follow_complete_message'),
(18708, 254, 'guest_like_error'),
(18709, 254, 'item_deleted_feedback'),
(18710, 254, 'like_btn_label'),
(18711, 254, 'mobile_disabled_actions_message'),
(18712, 254, 'newsfeed_feed'),
(18713, 254, 'notifications_user_status'),
(18714, 254, 'privacy_action_view_my_feed'),
(18715, 254, 'save_customization_btn_label'),
(18716, 254, 'settings_updated'),
(18717, 254, 'status_add_string'),
(18718, 254, 'status_btn_label'),
(18719, 254, 'status_field_invintation'),
(18720, 254, 'string_users_and_delim'),
(18721, 254, 'unfollow_button'),
(18722, 254, 'unfollow_complete_message'),
(18723, 254, 'unlike_btn_label'),
(18724, 254, 'usercredits_action_add_comment'),
(18725, 254, 'view_more_count_label'),
(18726, 254, 'widget_feed_title'),
(18727, 254, 'widget_settings_count'),
(18728, 254, 'widget_settings_view_more'),
(18729, 255, 'about_hour'),
(18730, 255, 'about_hours'),
(18731, 255, 'about_minute'),
(18732, 255, 'about_month'),
(18733, 255, 'about_year'),
(18734, 255, 'actions'),
(18735, 255, 'add_button'),
(18736, 255, 'add_message'),
(18737, 255, 'admin_config'),
(18738, 255, 'admin_settings_title'),
(18739, 255, 'ago'),
(18740, 255, 'and'),
(18741, 255, 'api_read_the_message'),
(18742, 255, 'attache_file_delete_button'),
(18743, 255, 'attachment'),
(18744, 255, 'attachments'),
(18745, 255, 'attach_files'),
(18746, 255, 'auth_action_label_chat'),
(18747, 255, 'auth_action_label_read_chat_message'),
(18748, 255, 'auth_action_label_read_message'),
(18749, 255, 'auth_action_label_read_message_alt'),
(18750, 255, 'auth_action_label_reply_to_chat_message'),
(18751, 255, 'auth_action_label_reply_to_message'),
(18752, 255, 'auth_action_label_reply_to_message_alt'),
(18753, 255, 'auth_action_label_send_chat_message'),
(18754, 255, 'auth_action_label_send_message'),
(18755, 255, 'auth_action_label_send_message_alt'),
(18756, 255, 'auth_action_label_use_chat'),
(18757, 255, 'auth_group_label'),
(18758, 255, 'a_day'),
(18759, 255, 'between'),
(18760, 255, 'bulk_delete_conversations_btn'),
(18761, 255, 'bulk_mark_as_read_btn'),
(18762, 255, 'bulk_mark_unread_btn'),
(18763, 255, 'bulk_options'),
(18764, 255, 'can_not_display_entitytype_message'),
(18765, 255, 'change_privacy_settings'),
(18766, 255, 'chat'),
(18767, 255, 'chat_message_empty'),
(18768, 255, 'chat_subject_prefix'),
(18769, 255, 'check_all'),
(18770, 255, 'check_now_button'),
(18771, 255, 'click_to_read_messages'),
(18772, 255, 'compose_message'),
(18773, 255, 'confirm_conversation_delete');
INSERT INTO `ow_base_language_key` (`id`, `prefixId`, `key`) VALUES
(18774, 255, 'confirm_delete_im'),
(18775, 255, 'console_request_item'),
(18776, 255, 'conversations'),
(18777, 255, 'conversation_box_info'),
(18778, 255, 'conversation_empty'),
(18779, 255, 'conversation_item_list_empty'),
(18780, 255, 'conversation_label'),
(18781, 255, 'conversation_meta_tilte'),
(18782, 255, 'conversation_not_found'),
(18783, 255, 'create_conversation_button'),
(18784, 255, 'create_conversation_fail_message'),
(18785, 255, 'create_conversation_message'),
(18786, 255, 'days'),
(18787, 255, 'delete_button'),
(18788, 255, 'delete_chat'),
(18789, 255, 'delete_chat_desc'),
(18790, 255, 'delete_confirm_message'),
(18791, 255, 'delete_content_warning'),
(18792, 255, 'delete_conversation_button'),
(18793, 255, 'delete_conversation_link'),
(18794, 255, 'delete_conversation_message'),
(18795, 255, 'delete_conversation_title'),
(18796, 255, 'delete_message'),
(18797, 255, 'disable_sounds'),
(18798, 255, 'email_notifications_comment'),
(18799, 255, 'email_notifications_new_message'),
(18800, 255, 'email_notifications_section_label'),
(18801, 255, 'enable_attachments'),
(18802, 255, 'enable_sounds'),
(18803, 255, 'enable_sound_label'),
(18804, 255, 'feedback_send_message_interval_exceed'),
(18805, 255, 'file_attachment_disabled'),
(18806, 255, 'find_contact'),
(18807, 255, 'friends_online'),
(18808, 255, 'from_now'),
(18809, 255, 'general_settings'),
(18810, 255, 'general_settings_title'),
(18811, 255, 'inbox_label'),
(18812, 255, 'inbox_meta_tilte'),
(18813, 255, 'keep_unread_button'),
(18814, 255, 'label_btn_chat'),
(18815, 255, 'label_btn_mail'),
(18816, 255, 'label_btn_mailchat'),
(18817, 255, 'label_btn_new_message'),
(18818, 255, 'label_invitation_conversation_search'),
(18819, 255, 'last_message_sent'),
(18820, 255, 'less_than_minute'),
(18821, 255, 'load_earlier'),
(18822, 255, 'mailbox'),
(18823, 255, 'mailbox_console_title'),
(18824, 255, 'mail_subject_prefix'),
(18825, 255, 'mark_as_read_button'),
(18826, 255, 'mark_as_unread_button'),
(18827, 255, 'mark_conversation_read_message'),
(18828, 255, 'mark_conversation_unread_message'),
(18829, 255, 'mark_read_fail_message'),
(18830, 255, 'mark_read_message'),
(18831, 255, 'mark_unread_conversation_title'),
(18832, 255, 'mark_unread_fail_message'),
(18833, 255, 'mark_unread_message'),
(18834, 255, 'mb'),
(18835, 255, 'messages_console_title'),
(18836, 255, 'messages_email_notifications_new_chat_message'),
(18837, 255, 'messages_email_notifications_new_message'),
(18838, 255, 'messages_email_notifications_section_label'),
(18839, 255, 'message_invitation'),
(18840, 255, 'message_too_long_error'),
(18841, 255, 'message_was_not_authorized'),
(18842, 255, 'minutes'),
(18843, 255, 'months'),
(18844, 255, 'msg_settings_saved'),
(18845, 255, 'new_conversation_link'),
(18846, 255, 'new_message'),
(18847, 255, 'new_message_count'),
(18848, 255, 'new_message_count_text'),
(18849, 255, 'new_message_title'),
(18850, 255, 'new_message_to'),
(18851, 255, 'notification_mail_subject'),
(18852, 255, 'notification_mail_template_html'),
(18853, 255, 'notification_mail_template_text'),
(18854, 255, 'no_contacts_online'),
(18855, 255, 'no_conversations'),
(18856, 255, 'others_online'),
(18857, 255, 'page_heading_messages'),
(18858, 255, 'page_title_uninstall'),
(18859, 255, 'permission_denied'),
(18860, 255, 'please_enter_captcha'),
(18861, 255, 'please_enter_valid_value'),
(18862, 255, 'plugin_configuration_notice'),
(18863, 255, 'plugin_installation_notice'),
(18864, 255, 'plugin_set_for_uninstall'),
(18865, 255, 'privacy_action_invite_to_chat'),
(18866, 255, 'read_message_permission_denied'),
(18867, 255, 'read_permission_denied'),
(18868, 255, 'read_the_message'),
(18869, 255, 'recipient_is_required'),
(18870, 255, 'reply_to_message_permission_denied'),
(18871, 255, 'save_btn'),
(18872, 255, 'selected_label'),
(18873, 255, 'select_all_checkbox'),
(18874, 255, 'send'),
(18875, 255, 'send_button'),
(18876, 255, 'send_message'),
(18877, 255, 'send_message_failed'),
(18878, 255, 'send_message_permission_denied'),
(18879, 255, 'sent_button'),
(18880, 255, 'sent_label'),
(18881, 255, 'sent_message_form_label'),
(18882, 255, 'sent_meta_tilte'),
(18883, 255, 'settings'),
(18884, 255, 'settings_desc_show_all_members'),
(18885, 255, 'settings_friends_only_label'),
(18886, 255, 'settings_label_active_mode_list'),
(18887, 255, 'settings_label_send_message_interval'),
(18888, 255, 'settings_label_send_message_interval_seconds'),
(18889, 255, 'settings_label_show_all_members'),
(18890, 255, 'settings_saved'),
(18891, 255, 'settings_updated'),
(18892, 255, 'show_all_users'),
(18893, 255, 'show_online_only'),
(18894, 255, 'status_invisible_label'),
(18895, 255, 'subject'),
(18896, 255, 'subject_is_required'),
(18897, 255, 'switch_to_chat_mode'),
(18898, 255, 'text'),
(18899, 255, 'text_message_invitation'),
(18900, 255, 'to'),
(18901, 255, 'uninstall_inprogress'),
(18902, 255, 'uninstall_inprogress_desc'),
(18903, 255, 'upload_file_cant_write_file_error'),
(18904, 255, 'upload_file_count_files_error'),
(18905, 255, 'upload_file_delete_fail'),
(18906, 255, 'upload_file_delete_success'),
(18907, 255, 'upload_file_extension_is_not_allowed'),
(18908, 255, 'upload_file_fail'),
(18909, 255, 'upload_file_file_partially_uploaded_error'),
(18910, 255, 'upload_file_invalid_extention_error'),
(18911, 255, 'upload_file_max_upload_filesize_error'),
(18912, 255, 'upload_file_name'),
(18913, 255, 'upload_file_not_found'),
(18914, 255, 'upload_file_no_file_error'),
(18915, 255, 'upload_file_no_tmp_dir_error'),
(18916, 255, 'upload_max_file_size'),
(18917, 255, 'usercredits_action_read_chat_message'),
(18918, 255, 'usercredits_action_read_message'),
(18919, 255, 'usercredits_action_reply_to_chat_message'),
(18920, 255, 'usercredits_action_reply_to_message'),
(18921, 255, 'usercredits_action_send_chat_message'),
(18922, 255, 'usercredits_action_send_message'),
(18923, 255, 'userlist'),
(18924, 255, 'user_is_deleted'),
(18925, 255, 'user_is_not_approved'),
(18926, 255, 'user_is_not_authorized_chat'),
(18927, 255, 'user_is_not_authorized_read_messages'),
(18928, 255, 'user_is_not_verified'),
(18929, 255, 'user_is_offline'),
(18930, 255, 'user_is_online'),
(18931, 255, 'user_is_suspended'),
(18932, 255, 'user_is_unreachable'),
(18933, 255, 'user_not_found'),
(18934, 255, 'user_offline'),
(18935, 255, 'user_settings_link'),
(18936, 255, 'user_settings_submit_label'),
(18937, 255, 'user_settings_title'),
(18938, 255, 'user_went_offline'),
(18939, 255, 'use_chat'),
(18940, 255, 'use_chat_permission_denied'),
(18941, 255, 'view_all'),
(18942, 255, 'warning_user_privacy_friends_only'),
(18943, 255, 'wink_conversation_subject'),
(18944, 255, 'write_here'),
(18945, 255, 'write_permission_denied'),
(18946, 255, 'write_reply'),
(18947, 255, 'years'),
(18948, 255, 'you'),
(18949, 256, 'config_day_desc'),
(18950, 256, 'config_day_label'),
(18951, 256, 'config_hour_desc'),
(18952, 256, 'config_hour_label'),
(18953, 256, 'config_page_heading'),
(18954, 256, 'config_page_title'),
(18955, 256, 'config_saved_message'),
(18956, 256, 'config_schedule_title'),
(18957, 256, 'config_title'),
(18958, 256, 'console_item_label'),
(18959, 256, 'console_menu_label'),
(18960, 256, 'dashboard_menu_item'),
(18961, 256, 'dashboard_menu_item_label'),
(18962, 256, 'email_html_bottom'),
(18963, 256, 'email_html_description'),
(18964, 256, 'email_html_head'),
(18965, 256, 'email_subject'),
(18966, 256, 'email_txt_bottom'),
(18967, 256, 'email_txt_head'),
(18968, 256, 'preferences_legend'),
(18969, 256, 'save_config_btn'),
(18970, 256, 'save_setting_btn_label'),
(18971, 256, 'schedule_auto'),
(18972, 256, 'schedule_automatic'),
(18973, 256, 'schedule_daily'),
(18974, 256, 'schedule_immediately'),
(18975, 256, 'schedule_never'),
(18976, 256, 'schedule_title'),
(18977, 256, 'schedule_weekly'),
(18978, 256, 'settings_changed'),
(18979, 256, 'settings_edit_label'),
(18980, 256, 'settings_not_changed'),
(18981, 256, 'settings_page_heading'),
(18982, 256, 'settings_page_title'),
(18983, 256, 'setup_page_heading'),
(18984, 256, 'setup_page_title'),
(18985, 256, 'unsubscribe_all_label'),
(18986, 256, 'unsubscribe_code_expired'),
(18987, 256, 'unsubscribe_completed'),
(18988, 256, 'unsubscribe_confirm_msg'),
(18989, 256, 'unsubscribe_one_label'),
(18990, 257, 'add_image'),
(18991, 257, 'add_new'),
(18992, 257, 'add_slide'),
(18993, 257, 'confirm_delete_plugin'),
(18994, 257, 'delete_content'),
(18995, 257, 'delete_content_desc'),
(18996, 257, 'delete_content_warning'),
(18997, 257, 'delete_slide_confirm'),
(18998, 257, 'edit_slide'),
(18999, 257, 'effect'),
(19000, 257, 'effect_fade'),
(19001, 257, 'effect_slide'),
(19002, 257, 'file'),
(19003, 257, 'images'),
(19004, 257, 'interval'),
(19005, 257, 'interval_long'),
(19006, 257, 'interval_medium'),
(19007, 257, 'interval_short'),
(19008, 257, 'label'),
(19009, 257, 'navigation'),
(19010, 257, 'no_images'),
(19011, 257, 'optional'),
(19012, 257, 'page_title_uninstall'),
(19013, 257, 'plugin_set_for_uninstall'),
(19014, 257, 'rearrange_tip'),
(19015, 257, 'settings'),
(19016, 257, 'uninstall_inprogress'),
(19017, 257, 'uninstall_inprogress_desc'),
(19018, 257, 'url'),
(19019, 257, 'widget_title'),
(19020, 258, 'activity_string'),
(19021, 258, 'activity_string_topic'),
(19022, 258, 'add_new'),
(19023, 258, 'add_new_comment'),
(19024, 258, 'add_new_forum_btn'),
(19025, 258, 'add_new_forum_description'),
(19026, 258, 'add_new_forum_name'),
(19027, 258, 'add_new_forum_section'),
(19028, 258, 'add_new_forum_submit'),
(19029, 258, 'add_new_forum_title'),
(19030, 258, 'add_post_btn'),
(19031, 258, 'add_post_title'),
(19032, 258, 'admin_config'),
(19033, 258, 'approve_topic'),
(19034, 258, 'attachments'),
(19035, 258, 'attachment_deleted'),
(19036, 258, 'attachment_filesize'),
(19037, 258, 'attach_files'),
(19038, 258, 'author'),
(19039, 258, 'auth_action_label_edit'),
(19040, 258, 'auth_action_label_move_topic_to_hidden'),
(19041, 258, 'auth_action_label_subscribe'),
(19042, 258, 'auth_action_label_view'),
(19043, 258, 'auth_group_label'),
(19044, 258, 'back_to_topic'),
(19045, 258, 'by'),
(19046, 258, 'chars_limit_exceeded'),
(19047, 258, 'cmp_widget_forum_topics_count'),
(19048, 258, 'cmp_widget_forum_topics_post_lenght'),
(19049, 258, 'confirm_delete_attachment'),
(19050, 258, 'confirm_delete_forum'),
(19051, 258, 'connect_forum_button'),
(19052, 258, 'connect_forum_to_entity'),
(19053, 258, 'content_add_string'),
(19054, 258, 'content_edited_string'),
(19055, 258, 'content_forums_label'),
(19056, 258, 'content_forum_label'),
(19057, 258, 'content_forum_post_in_topic'),
(19058, 258, 'content_forum_topic'),
(19059, 258, 'create_new_topic'),
(19060, 258, 'delete'),
(19061, 258, 'delete_content'),
(19062, 258, 'delete_content_desc'),
(19063, 258, 'delete_content_warning'),
(19064, 258, 'delete_group'),
(19065, 258, 'delete_group_confirm'),
(19066, 258, 'delete_post_confirm'),
(19067, 258, 'delete_section'),
(19068, 258, 'delete_section_confirm'),
(19069, 258, 'delete_topic'),
(19070, 258, 'delete_topic_confirm'),
(19071, 258, 'discussion'),
(19072, 258, 'edit'),
(19073, 258, 'edit_group'),
(19074, 258, 'edit_group_btn'),
(19075, 258, 'edit_group_description'),
(19076, 258, 'edit_group_name'),
(19077, 258, 'edit_group_title'),
(19078, 258, 'edit_post_title'),
(19079, 258, 'edit_section'),
(19080, 258, 'edit_section_btn'),
(19081, 258, 'edit_section_name'),
(19082, 258, 'edit_section_title'),
(19083, 258, 'edit_topic'),
(19084, 258, 'edit_topic_title'),
(19085, 258, 'email_notifications_section_label'),
(19086, 258, 'email_notifications_setting_post'),
(19087, 258, 'email_notification_post'),
(19088, 258, 'enable_attachments'),
(19089, 258, 'enter_username'),
(19090, 258, 'feed_activity_last_reply'),
(19091, 258, 'feed_activity_owner_topic_like'),
(19092, 258, 'feed_activity_topic_reply_string'),
(19093, 258, 'feed_activity_topic_string'),
(19094, 258, 'feed_activity_topic_string_like'),
(19095, 258, 'feed_content_label'),
(19096, 258, 'feed_content_replies_label'),
(19097, 258, 'feed_toolbar_discuss'),
(19098, 258, 'feed_toolbar_replies'),
(19099, 258, 'file_size_validation_error'),
(19100, 258, 'flag'),
(19101, 258, 'flags'),
(19102, 258, 'forum'),
(19103, 258, 'forum_already_connected'),
(19104, 258, 'forum_index'),
(19105, 258, 'forum_page_heading'),
(19106, 258, 'forum_quote'),
(19107, 258, 'forum_quote_from'),
(19108, 258, 'forum_settings'),
(19109, 258, 'forum_topics_widget'),
(19110, 258, 'general_settings'),
(19111, 258, 'goto_forum'),
(19112, 258, 'group_meta_description'),
(19113, 258, 'in'),
(19114, 258, 'is_private'),
(19115, 258, 'last_reply'),
(19116, 258, 'latest_reply_from'),
(19117, 258, 'locked'),
(19118, 258, 'lock_topic'),
(19119, 258, 'lock_topic_confirm'),
(19120, 258, 'meta_description_add_topic'),
(19121, 258, 'meta_description_forums'),
(19122, 258, 'meta_title_add_topic'),
(19123, 258, 'moved_from'),
(19124, 258, 'moved_to'),
(19125, 258, 'move_topic'),
(19126, 258, 'move_topic_btn'),
(19127, 258, 'move_topic_title'),
(19128, 258, 'new'),
(19129, 258, 'new_topic_body'),
(19130, 258, 'new_topic_btn'),
(19131, 258, 'new_topic_group'),
(19132, 258, 'new_topic_subject'),
(19133, 258, 'not_all_attachments_added'),
(19134, 258, 'no_group'),
(19135, 258, 'no_posts_found'),
(19136, 258, 'no_topic'),
(19137, 258, 'no_topics'),
(19138, 258, 'page_title_uninstall'),
(19139, 258, 'pending_approval'),
(19140, 258, 'permalink_label'),
(19141, 258, 'plugin_set_for_uninstall'),
(19142, 258, 'post_edited'),
(19143, 258, 'post_location'),
(19144, 258, 'quote'),
(19145, 258, 'replies'),
(19146, 258, 'search_invitation_all_forum'),
(19147, 258, 'search_invitation_group'),
(19148, 258, 'search_invitation_section'),
(19149, 258, 'search_invitation_topic'),
(19150, 258, 'search_page_heading'),
(19151, 258, 'select_group_error'),
(19152, 258, 'settings_updated'),
(19153, 258, 'sort_by_date'),
(19154, 258, 'sort_by_relevance'),
(19155, 258, 'sticky'),
(19156, 258, 'sticky_topic'),
(19157, 258, 'sticky_topic_confirm'),
(19158, 258, 'subscribe'),
(19159, 258, 'subscription-added'),
(19160, 258, 'subscription-canceled'),
(19161, 258, 'this_topic'),
(19162, 258, 'topic'),
(19163, 258, 'topics'),
(19164, 258, 'topic_attachments'),
(19165, 258, 'topic_is_locked'),
(19166, 258, 'topic_is_sticky'),
(19167, 258, 'topic_location'),
(19168, 258, 'topic_page_heading'),
(19169, 258, 'uninstall_inprogress'),
(19170, 258, 'uninstall_inprogress_desc'),
(19171, 258, 'unlock_topic'),
(19172, 258, 'unlock_topic_confirm'),
(19173, 258, 'unsticky_topic'),
(19174, 258, 'unsticky_topic_confirm'),
(19175, 258, 'upload_ini_value'),
(19176, 258, 'usercredits_action_add_post'),
(19177, 258, 'views'),
(19178, 258, 'visible_to'),
(19179, 258, 'widget_latest_topics_label'),
(19180, 259, 'activity_add_string'),
(19181, 259, 'activity_join_string'),
(19182, 259, 'additional_features'),
(19183, 259, 'add_new'),
(19184, 259, 'add_new_label'),
(19185, 259, 'admin_sidebar_menu_label'),
(19186, 259, 'auth_action_label_add_comment'),
(19187, 259, 'auth_action_label_add_topic'),
(19188, 259, 'auth_action_label_create'),
(19189, 259, 'auth_action_label_delete_comment_by_content_owner'),
(19190, 259, 'auth_action_label_view'),
(19191, 259, 'auth_action_label_wall_post'),
(19192, 259, 'auth_group_label'),
(19193, 259, 'comment_activity_string'),
(19194, 259, 'confirm_delete_groups'),
(19195, 259, 'console_notification_label'),
(19196, 259, 'content_groups_label'),
(19197, 259, 'content_group_label'),
(19198, 259, 'create_field_description_label'),
(19199, 259, 'create_field_image_label'),
(19200, 259, 'create_field_title_label'),
(19201, 259, 'create_heading'),
(19202, 259, 'create_new_topic'),
(19203, 259, 'create_no_permission'),
(19204, 259, 'create_page_description'),
(19205, 259, 'create_page_title'),
(19206, 259, 'create_submit_btn_label'),
(19207, 259, 'create_success_msg'),
(19208, 259, 'creator'),
(19209, 259, 'delete_complete_msg'),
(19210, 259, 'delete_confirm_msg'),
(19211, 259, 'delete_content'),
(19212, 259, 'delete_content_desc'),
(19213, 259, 'delete_content_warning'),
(19214, 259, 'delete_feed_item_confirmation'),
(19215, 259, 'delete_feed_item_label'),
(19216, 259, 'delete_group_label'),
(19217, 259, 'delete_group_user_confirmation'),
(19218, 259, 'delete_group_user_label'),
(19219, 259, 'delete_user_success_message'),
(19220, 259, 'edit_back_label'),
(19221, 259, 'edit_btn_label'),
(19222, 259, 'edit_submit_btn_label'),
(19223, 259, 'edit_success_msg'),
(19224, 259, 'email_notification_comment'),
(19225, 259, 'email_notification_comment_setting'),
(19226, 259, 'email_notification_invite'),
(19227, 259, 'email_notification_section_label'),
(19228, 259, 'errors_image_invalid'),
(19229, 259, 'errors_image_upload'),
(19230, 259, 'error_forum_disconnected'),
(19231, 259, 'feed_activity_joined'),
(19232, 259, 'feed_activity_users'),
(19233, 259, 'feed_content_label'),
(19234, 259, 'feed_create_string'),
(19235, 259, 'feed_follow_complete_msg'),
(19236, 259, 'feed_group_follow'),
(19237, 259, 'feed_group_unfollow'),
(19238, 259, 'feed_join_string'),
(19239, 259, 'feed_unfollow_complete_msg'),
(19240, 259, 'flags'),
(19241, 259, 'form_who_can_invite_creator'),
(19242, 259, 'form_who_can_invite_label'),
(19243, 259, 'form_who_can_invite_participants'),
(19244, 259, 'form_who_can_view_anybody'),
(19245, 259, 'form_who_can_view_invite'),
(19246, 259, 'form_who_can_view_label'),
(19247, 259, 'forum_connected'),
(19248, 259, 'general_settings'),
(19249, 259, 'groups_widget_empty'),
(19250, 259, 'group_already_exists'),
(19251, 259, 'group_edited_string'),
(19252, 259, 'group_list_heading'),
(19253, 259, 'group_list_menu_item_invite'),
(19254, 259, 'group_list_menu_item_latest'),
(19255, 259, 'group_list_menu_item_my'),
(19256, 259, 'group_list_menu_item_popular'),
(19257, 259, 'group_owner_delete_error'),
(19258, 259, 'invitation_join_string_1'),
(19259, 259, 'invitation_join_string_2'),
(19260, 259, 'invitation_join_string_many'),
(19261, 259, 'invitation_join_string_other_users'),
(19262, 259, 'invite_accept_label'),
(19263, 259, 'invite_btn_label'),
(19264, 259, 'invite_declined_message'),
(19265, 259, 'invite_decline_label'),
(19266, 259, 'invite_fb_title'),
(19267, 259, 'invite_list_heading'),
(19268, 259, 'invite_list_page_title'),
(19269, 259, 'join_complete_message'),
(19270, 259, 'latest_list_page_description'),
(19271, 259, 'latest_list_page_title'),
(19272, 259, 'leave_complete_message'),
(19273, 259, 'listing_no_items_msg'),
(19274, 259, 'listing_users_label'),
(19275, 259, 'main_menu_list'),
(19276, 259, 'my_groups'),
(19277, 259, 'my_list_page_title'),
(19278, 259, 'notifications_new_message'),
(19279, 259, 'page_title_uninstall'),
(19280, 259, 'plugin_set_for_uninstall'),
(19281, 259, 'popular_list_page_description'),
(19282, 259, 'popular_list_page_title'),
(19283, 259, 'post_reply_permission_error'),
(19284, 259, 'privacy_action_view_my_groups'),
(19285, 259, 'private_group_text'),
(19286, 259, 'private_page_heading'),
(19287, 259, 'private_page_title'),
(19288, 259, 'topic_page_heading'),
(19289, 259, 'uninstall_inprogress'),
(19290, 259, 'uninstall_inprogress_desc'),
(19291, 259, 'usercredits_action_add_comment'),
(19292, 259, 'usercredits_action_add_group'),
(19293, 259, 'usercredits_action_add_post'),
(19294, 259, 'users_invite_success_message'),
(19295, 259, 'user_groups_page_description'),
(19296, 259, 'user_groups_page_title'),
(19297, 259, 'user_groups_widget_empty'),
(19298, 259, 'user_group_list_heading'),
(19299, 259, 'user_join_activity_string'),
(19300, 259, 'user_list_widget_empty'),
(19301, 259, 'view_all_topics'),
(19302, 259, 'view_no_permission'),
(19303, 259, 'view_page_description'),
(19304, 259, 'view_page_title'),
(19305, 259, 'wall_widget_label'),
(19306, 259, 'widgets_panel_heading'),
(19307, 259, 'widget_brief_info_admin'),
(19308, 259, 'widget_brief_info_create_date'),
(19309, 259, 'widget_brief_info_label'),
(19310, 259, 'widget_groups_count_setting'),
(19311, 259, 'widget_groups_show_titles_setting'),
(19312, 259, 'widget_groups_title'),
(19313, 259, 'widget_invite_button_title'),
(19314, 259, 'widget_join_button'),
(19315, 259, 'widget_join_button_title'),
(19316, 259, 'widget_leave_button'),
(19317, 259, 'widget_leave_button_title'),
(19318, 259, 'widget_users_settings_count'),
(19319, 259, 'widget_users_title'),
(19320, 259, 'widget_users_view_all'),
(19321, 259, 'widget_user_groups_settings_count'),
(19322, 259, 'widget_user_groups_title'),
(19323, 259, 'widget_user_groups_view_all'),
(19324, 260, 'accepted_filesize'),
(19325, 260, 'accepted_filesize_desc'),
(19326, 260, 'activity_string'),
(19327, 260, 'activity_string_multiple'),
(19328, 260, 'add_description'),
(19329, 260, 'add_new'),
(19330, 260, 'add_photos'),
(19331, 260, 'add_tags'),
(19332, 260, 'admin_config'),
(19333, 260, 'admin_menu_general'),
(19334, 260, 'admin_menu_view'),
(19335, 260, 'advanced_upload'),
(19336, 260, 'advanced_upload_add_more'),
(19337, 260, 'advanced_upload_browse'),
(19338, 260, 'advanced_upload_complete'),
(19339, 260, 'advanced_upload_confirm'),
(19340, 260, 'advanced_upload_desc'),
(19341, 260, 'advanced_upload_processing'),
(19342, 260, 'advanced_upload_upload'),
(19343, 260, 'advanced_upload_uploading'),
(19344, 260, 'advanced_upload_yes'),
(19345, 260, 'album'),
(19346, 260, 'albums_by'),
(19347, 260, 'album_by'),
(19348, 260, 'album_deleted'),
(19349, 260, 'album_delete_not_allowed'),
(19350, 260, 'album_desc'),
(19351, 260, 'album_my_photos'),
(19352, 260, 'album_name'),
(19353, 260, 'album_quota'),
(19354, 260, 'album_quota_desc'),
(19355, 260, 'album_quota_exceeded'),
(19356, 260, 'album_updated'),
(19357, 260, 'approve_photo'),
(19358, 260, 'are_you_sure'),
(19359, 260, 'auth_action_label_add_comment'),
(19360, 260, 'auth_action_label_delete_comment_by_content_owner'),
(19361, 260, 'auth_action_label_upload'),
(19362, 260, 'auth_action_label_view'),
(19363, 260, 'auth_edit_permissions'),
(19364, 260, 'auth_group_label'),
(19365, 260, 'auth_upload_permissions'),
(19366, 260, 'auth_view_permissions'),
(19367, 260, 'btn_edit'),
(19368, 260, 'btn_upload'),
(19369, 260, 'check_all'),
(19370, 260, 'choose_album'),
(19371, 260, 'choose_existing_or_create'),
(19372, 260, 'close_alert'),
(19373, 260, 'cmp_widget_photo_albums_count'),
(19374, 260, 'cmp_widget_photo_albums_show_titles'),
(19375, 260, 'cmp_widget_photo_count'),
(19376, 260, 'comments_count'),
(19377, 260, 'comment_activity_string'),
(19378, 260, 'comment_count'),
(19379, 260, 'confirm_delete'),
(19380, 260, 'confirm_delete_album'),
(19381, 260, 'confirm_delete_photos'),
(19382, 260, 'content_add_string'),
(19383, 260, 'content_edited_string'),
(19384, 260, 'content_group_label'),
(19385, 260, 'content_photo_label'),
(19386, 260, 'cover_original'),
(19387, 260, 'cover_preview'),
(19388, 260, 'create_album'),
(19389, 260, 'crop_photo_title'),
(19390, 260, 'delete_album'),
(19391, 260, 'delete_content'),
(19392, 260, 'delete_content_desc'),
(19393, 260, 'delete_content_warning'),
(19394, 260, 'delete_fullsize_confirm'),
(19395, 260, 'delete_fullsize_photos'),
(19396, 260, 'delete_photo'),
(19397, 260, 'delete_selected'),
(19398, 260, 'describe_photo'),
(19399, 260, 'describe_photos'),
(19400, 260, 'description'),
(19401, 260, 'description_desc'),
(19402, 260, 'dnd_not_support'),
(19403, 260, 'dnd_support'),
(19404, 260, 'done'),
(19405, 260, 'download_accept_label'),
(19406, 260, 'download_photo'),
(19407, 260, 'drop_here'),
(19408, 260, 'edit_album'),
(19409, 260, 'edit_cover_label'),
(19410, 260, 'effects'),
(19411, 260, 'effect_fade'),
(19412, 260, 'effect_slide'),
(19413, 260, 'email_notifications_comment'),
(19414, 260, 'email_notifications_section_label'),
(19415, 260, 'email_notifications_setting_comment'),
(19416, 260, 'enable_advanced_upload'),
(19417, 260, 'error_cant_write'),
(19418, 260, 'error_extension'),
(19419, 260, 'error_form_size'),
(19420, 260, 'error_ini_size'),
(19421, 260, 'error_no_file'),
(19422, 260, 'error_no_tmp_dir'),
(19423, 260, 'error_partial'),
(19424, 260, 'feed_activity_owner_photo_like'),
(19425, 260, 'feed_activity_owner_photo_string'),
(19426, 260, 'feed_activity_photo_string'),
(19427, 260, 'feed_activity_photo_string_like'),
(19428, 260, 'feed_content_label'),
(19429, 260, 'feed_goto_album_label'),
(19430, 260, 'feed_more_items'),
(19431, 260, 'feed_move_photo_descriptions'),
(19432, 260, 'feed_multiple_descriptions'),
(19433, 260, 'feed_single_description'),
(19434, 260, 'file_size_validation_error'),
(19435, 260, 'flags'),
(19436, 260, 'fullsize_resolution'),
(19437, 260, 'fullsize_resolution_desc'),
(19438, 260, 'height_validation_error'),
(19439, 260, 'main_size'),
(19440, 260, 'main_size_desc'),
(19441, 260, 'mark_featured'),
(19442, 260, 'menu_albums'),
(19443, 260, 'menu_explore'),
(19444, 260, 'menu_featured'),
(19445, 260, 'menu_latest'),
(19446, 260, 'menu_most_discussed'),
(19447, 260, 'menu_my_photos'),
(19448, 260, 'menu_photos'),
(19449, 260, 'menu_tagged'),
(19450, 260, 'menu_toprated'),
(19451, 260, 'meta_description_photo_featured'),
(19452, 260, 'meta_description_photo_latest'),
(19453, 260, 'meta_description_photo_most_discussed'),
(19454, 260, 'meta_description_photo_tagged'),
(19455, 260, 'meta_description_photo_tagged_as'),
(19456, 260, 'meta_description_photo_toprated'),
(19457, 260, 'meta_description_photo_upload'),
(19458, 260, 'meta_description_photo_useralbum'),
(19459, 260, 'meta_description_photo_useralbums'),
(19460, 260, 'meta_description_photo_view'),
(19461, 260, 'meta_title_photo_featured'),
(19462, 260, 'meta_title_photo_latest'),
(19463, 260, 'meta_title_photo_most_discussed'),
(19464, 260, 'meta_title_photo_tagged'),
(19465, 260, 'meta_title_photo_tagged_as'),
(19466, 260, 'meta_title_photo_toprated'),
(19467, 260, 'meta_title_photo_upload'),
(19468, 260, 'meta_title_photo_useralbum'),
(19469, 260, 'meta_title_photo_useralbums'),
(19470, 260, 'meta_title_photo_view'),
(19471, 260, 'mobile_choose_photo'),
(19472, 260, 'mobile_photo'),
(19473, 260, 'mobile_replace_photo'),
(19474, 260, 'move_to_album'),
(19475, 260, 'move_to_new_album'),
(19476, 260, 'my_albums'),
(19477, 260, 'newsfeed_album'),
(19478, 260, 'newsfeed_album_error_msg'),
(19479, 260, 'next'),
(19480, 260, 'not_all_photos_uploaded'),
(19481, 260, 'no_album_found'),
(19482, 260, 'no_items'),
(19483, 260, 'no_photo'),
(19484, 260, 'no_photo_found'),
(19485, 260, 'no_photo_selected'),
(19486, 260, 'no_photo_uploaded'),
(19487, 260, 'of'),
(19488, 260, 'page_title_browse_photos'),
(19489, 260, 'page_title_uninstall'),
(19490, 260, 'page_title_user_albums'),
(19491, 260, 'pending_approval'),
(19492, 260, 'permission_exceeded'),
(19493, 260, 'per_page'),
(19494, 260, 'per_page_desc'),
(19495, 260, 'photo'),
(19496, 260, 'photos_deleted'),
(19497, 260, 'photos_in_album'),
(19498, 260, 'photos_uploaded'),
(19499, 260, 'photos_uploaded_pending_approval'),
(19500, 260, 'photo_added'),
(19501, 260, 'photo_album_updated'),
(19502, 260, 'photo_deleted'),
(19503, 260, 'photo_index'),
(19504, 260, 'photo_list_widget'),
(19505, 260, 'photo_not_deleted'),
(19506, 260, 'photo_success_moved'),
(19507, 260, 'photo_updated'),
(19508, 260, 'photo_uploaded_pending_approval'),
(19509, 260, 'photo_upload_error'),
(19510, 260, 'pic_number'),
(19511, 260, 'play_pause'),
(19512, 260, 'please_wait'),
(19513, 260, 'plugin_set_for_uninstall'),
(19514, 260, 'preview_size'),
(19515, 260, 'preview_size_desc'),
(19516, 260, 'previous'),
(19517, 260, 'privacy_action_view_album'),
(19518, 260, 'quotas'),
(19519, 260, 'quota_exceeded'),
(19520, 260, 'rating'),
(19521, 260, 'rating_total'),
(19522, 260, 'rating_your'),
(19523, 260, 'recently_uploaded'),
(19524, 260, 'remove_from_featured'),
(19525, 260, 'save_as_avatar'),
(19526, 260, 'save_as_cover'),
(19527, 260, 'search_invitation'),
(19528, 260, 'search_result_empty'),
(19529, 260, 'select_one_photo_warning'),
(19530, 260, 'settings_updated'),
(19531, 260, 'set_as_album_cover'),
(19532, 260, 'set_as_cover_label'),
(19533, 260, 'show_by'),
(19534, 260, 'simple_upload'),
(19535, 260, 'size_limit'),
(19536, 260, 'slideshow_interval'),
(19537, 260, 'slideshow_settings'),
(19538, 260, 'status_changed'),
(19539, 260, 'store_fullsize'),
(19540, 260, 'store_full_size'),
(19541, 260, 'tags'),
(19542, 260, 'tags_desc'),
(19543, 260, 'tag_search'),
(19544, 260, 'tag_search_result'),
(19545, 260, 'tb_edit_photo'),
(19546, 260, 'total_albums'),
(19547, 260, 'to_small_cover_img'),
(19548, 260, 'type_error'),
(19549, 260, 'uninstall_inprogress'),
(19550, 260, 'uninstall_inprogress_desc'),
(19551, 260, 'upload'),
(19552, 260, 'upload_ini_value'),
(19553, 260, 'upload_photos'),
(19554, 260, 'upload_settings'),
(19555, 260, 'usercredits_action_add_comment'),
(19556, 260, 'usercredits_action_add_photo'),
(19557, 260, 'user_photo_albums_widget'),
(19558, 260, 'user_quota'),
(19559, 260, 'user_quota_desc'),
(19560, 260, 'view_fullsize'),
(19561, 260, 'view_settings'),
(19562, 260, 'view_user_albums'),
(19563, 260, 'width_validation_error'),
(19564, 261, 'activity_string'),
(19565, 261, 'added'),
(19566, 261, 'add_new'),
(19567, 261, 'admin_config'),
(19568, 261, 'admin_menu_general'),
(19569, 261, 'auth_action_label_add'),
(19570, 261, 'auth_action_label_add_comment'),
(19571, 261, 'auth_action_label_delete_comment_by_content_owner'),
(19572, 261, 'auth_action_label_view'),
(19573, 261, 'auth_add_permissions'),
(19574, 261, 'auth_group_label'),
(19575, 261, 'auth_view_permissions'),
(19576, 261, 'btn_add'),
(19577, 261, 'btn_edit'),
(19578, 261, 'clips_by'),
(19579, 261, 'clip_added'),
(19580, 261, 'clip_add_string'),
(19581, 261, 'clip_deleted'),
(19582, 261, 'clip_edited_string'),
(19583, 261, 'clip_not_deleted'),
(19584, 261, 'clip_updated'),
(19585, 261, 'cmp_widget_user_video_show_titles'),
(19586, 261, 'cmp_widget_video_count'),
(19587, 261, 'cmp_widget_video_count_msg'),
(19588, 261, 'code'),
(19589, 261, 'code_desc'),
(19590, 261, 'comment_activity_string'),
(19591, 261, 'confirm_delete'),
(19592, 261, 'content_video_group_label'),
(19593, 261, 'content_video_label'),
(19594, 261, 'description'),
(19595, 261, 'description_desc'),
(19596, 261, 'email_notifications_comment'),
(19597, 261, 'email_notifications_section_label'),
(19598, 261, 'email_notifications_setting_comment'),
(19599, 261, 'feed_activity_owner_video_like'),
(19600, 261, 'feed_activity_owner_video_string'),
(19601, 261, 'feed_activity_video_string'),
(19602, 261, 'feed_activity_video_string_like'),
(19603, 261, 'feed_content_label'),
(19604, 261, 'flags'),
(19605, 261, 'mark_featured'),
(19606, 261, 'menu_featured'),
(19607, 261, 'menu_latest'),
(19608, 261, 'menu_tagged'),
(19609, 261, 'menu_toprated'),
(19610, 261, 'meta_description_user_video'),
(19611, 261, 'meta_description_video_add'),
(19612, 261, 'meta_description_video_featured'),
(19613, 261, 'meta_description_video_latest'),
(19614, 261, 'meta_description_video_tagged'),
(19615, 261, 'meta_description_video_tagged_as'),
(19616, 261, 'meta_description_video_toprated'),
(19617, 261, 'meta_description_video_view'),
(19618, 261, 'meta_title_user_video'),
(19619, 261, 'meta_title_video_add'),
(19620, 261, 'meta_title_video_featured'),
(19621, 261, 'meta_title_video_latest'),
(19622, 261, 'meta_title_video_tagged'),
(19623, 261, 'meta_title_video_tagged_as'),
(19624, 261, 'meta_title_video_toprated'),
(19625, 261, 'meta_title_video_view'),
(19626, 261, 'my_video'),
(19627, 261, 'no_video'),
(19628, 261, 'no_video_found'),
(19629, 261, 'other_video'),
(19630, 261, 'page_title_add_video'),
(19631, 261, 'page_title_browse_video'),
(19632, 261, 'page_title_video_by'),
(19633, 261, 'pending_approval_feedback'),
(19634, 261, 'per_page'),
(19635, 261, 'per_page_desc'),
(19636, 261, 'player_size'),
(19637, 261, 'privacy_action_view_video'),
(19638, 261, 'quota'),
(19639, 261, 'quotas'),
(19640, 261, 'quota_desc'),
(19641, 261, 'quota_exceeded'),
(19642, 261, 'remove_from_featured'),
(19643, 261, 'resource_not_allowed'),
(19644, 261, 'settings_updated'),
(19645, 261, 'size_desc'),
(19646, 261, 'status_changed'),
(19647, 261, 'status_not_changed'),
(19648, 261, 'tags'),
(19649, 261, 'tags_desc'),
(19650, 261, 'tag_search'),
(19651, 261, 'tag_search_result'),
(19652, 261, 'tb_edit_clip'),
(19653, 261, 'title'),
(19654, 261, 'total_video'),
(19655, 261, 'usercredits_action_add_comment'),
(19656, 261, 'usercredits_action_add_video'),
(19657, 261, 'video'),
(19658, 261, 'video_add_tip'),
(19659, 261, 'video_by'),
(19660, 261, 'video_info'),
(19661, 261, 'video_list_widget'),
(19662, 261, 'view_settings'),
(19663, 262, 'accept_request'),
(19664, 262, 'add_event_meta_description'),
(19665, 262, 'add_form_date_desc'),
(19666, 262, 'add_form_date_label'),
(19667, 262, 'add_form_desc_desc'),
(19668, 262, 'add_form_desc_label'),
(19669, 262, 'add_form_empty_image_error_message'),
(19670, 262, 'add_form_end_date_desc'),
(19671, 262, 'add_form_end_date_label'),
(19672, 262, 'add_form_image_desc'),
(19673, 262, 'add_form_image_label'),
(19674, 262, 'add_form_invalid_end_date_error_message'),
(19675, 262, 'add_form_location_desc'),
(19676, 262, 'add_form_location_label'),
(19677, 262, 'add_form_submit_label'),
(19678, 262, 'add_form_success_message'),
(19679, 262, 'add_form_title_desc'),
(19680, 262, 'add_form_title_label'),
(19681, 262, 'add_form_who_can_invite_desc'),
(19682, 262, 'add_form_who_can_invite_label'),
(19683, 262, 'add_form_who_can_invite_option_creator'),
(19684, 262, 'add_form_who_can_invite_option_participants'),
(19685, 262, 'add_form_who_can_view_desc'),
(19686, 262, 'add_form_who_can_view_label'),
(19687, 262, 'add_form_who_can_view_option_anybody'),
(19688, 262, 'add_form_who_can_view_option_invit_only'),
(19689, 262, 'add_new_button_label'),
(19690, 262, 'add_new_link_label'),
(19691, 262, 'add_page_heading'),
(19692, 262, 'add_page_title'),
(19693, 262, 'all_day'),
(19694, 262, 'attend_maybe_btn_label'),
(19695, 262, 'attend_no_btn_label'),
(19696, 262, 'attend_yes_btn_label'),
(19697, 262, 'auth_action_label_add_comment'),
(19698, 262, 'auth_action_label_add_event'),
(19699, 262, 'auth_action_label_view_event'),
(19700, 262, 'auth_group_label'),
(19701, 262, 'avatar_user_list_bottom_link_label'),
(19702, 262, 'avatar_user_list_link_label_1'),
(19703, 262, 'avatar_user_list_link_label_2'),
(19704, 262, 'avatar_user_list_link_label_3'),
(19705, 262, 'cmp_widget_events_count'),
(19706, 262, 'common_list_type_invited_label'),
(19707, 262, 'common_list_type_joined_label'),
(19708, 262, 'common_list_type_latest_label'),
(19709, 262, 'common_list_type_past_label'),
(19710, 262, 'console_notification_label'),
(19711, 262, 'content_events_label'),
(19712, 262, 'content_event_label'),
(19713, 262, 'creator'),
(19714, 262, 'current_status_change_label'),
(19715, 262, 'dashboard_widget_menu_my_events_label'),
(19716, 262, 'dashboard_widget_menu_part_events_label'),
(19717, 262, 'delete_button_label'),
(19718, 262, 'delete_confirm_message'),
(19719, 262, 'delete_success_message'),
(19720, 262, 'edit_button_label'),
(19721, 262, 'edit_form_end_date_error_message'),
(19722, 262, 'edit_form_submit_label'),
(19723, 262, 'edit_form_success_message'),
(19724, 262, 'edit_page_heading'),
(19725, 262, 'edit_page_title'),
(19726, 262, 'email_notification_comment'),
(19727, 262, 'email_notification_comment_setting'),
(19728, 262, 'email_notification_invite'),
(19729, 262, 'event_created_by_me_page_heading'),
(19730, 262, 'event_created_by_me_page_title'),
(19731, 262, 'event_create_string'),
(19732, 262, 'event_edited_string'),
(19733, 262, 'event_joined_by_me_page_heading'),
(19734, 262, 'event_joined_by_me_page_title'),
(19735, 262, 'event_view_page_heading'),
(19736, 262, 'event_view_permission_error_message'),
(19737, 262, 'feed_actiovity_attend_string'),
(19738, 262, 'feed_activity_comment_string'),
(19739, 262, 'feed_activity_event_string_like'),
(19740, 262, 'feed_activity_event_string_like_own'),
(19741, 262, 'feed_activity_joined'),
(19742, 262, 'feed_activity_own_comment_string'),
(19743, 262, 'feed_activity_users'),
(19744, 262, 'feed_add_item_label'),
(19745, 262, 'feed_content_label'),
(19746, 262, 'feed_user_join_string'),
(19747, 262, 'friends_invite_button_label'),
(19748, 262, 'ignore_request'),
(19749, 262, 'invitation_join_string_1'),
(19750, 262, 'invitation_join_string_2'),
(19751, 262, 'invitation_join_string_many'),
(19752, 262, 'invited_events_page_heading'),
(19753, 262, 'invited_events_page_title'),
(19754, 262, 'invite_btn_label'),
(19755, 262, 'latest_events_page_desc'),
(19756, 262, 'latest_events_page_heading'),
(19757, 262, 'latest_events_page_title'),
(19758, 262, 'main_menu_item'),
(19759, 262, 'moderation_status_pending_approval'),
(19760, 262, 'my_events_widget_block_cap_label'),
(19761, 262, 'notifications_new_message'),
(19762, 262, 'notifications_section_label'),
(19763, 262, 'no_events_label'),
(19764, 262, 'no_index_events_label'),
(19765, 262, 'past_events_page_desc'),
(19766, 262, 'past_events_page_heading'),
(19767, 262, 'past_events_page_title'),
(19768, 262, 'privacy_action_view_attend_events'),
(19769, 262, 'private_event_text'),
(19770, 262, 'private_page_heading'),
(19771, 262, 'private_page_title'),
(19772, 262, 'profile_events_widget_block_cap_label'),
(19773, 262, 'time_field_invitation_label'),
(19774, 262, 'up_events_widget_block_cap_label'),
(19775, 262, 'usercredits_action_add_comment'),
(19776, 262, 'usercredits_action_add_event'),
(19777, 262, 'users_invite_success_message'),
(19778, 262, 'user_list_page_desc_1'),
(19779, 262, 'user_list_page_desc_2'),
(19780, 262, 'user_list_page_desc_3'),
(19781, 262, 'user_list_page_heading_1'),
(19782, 262, 'user_list_page_heading_2'),
(19783, 262, 'user_list_page_heading_3'),
(19784, 262, 'user_participated_events_page_desc'),
(19785, 262, 'user_participated_events_page_heading'),
(19786, 262, 'user_participated_events_page_title'),
(19787, 262, 'user_status_author_cant_leave_error'),
(19788, 262, 'user_status_label_1'),
(19789, 262, 'user_status_label_2'),
(19790, 262, 'user_status_label_3'),
(19791, 262, 'user_status_not_changed_error'),
(19792, 262, 'user_status_updated'),
(19793, 262, 'view_all_label'),
(19794, 262, 'view_page_created_label'),
(19795, 262, 'view_page_date_label'),
(19796, 262, 'view_page_desc_label'),
(19797, 262, 'view_page_details_block_cap_label'),
(19798, 262, 'view_page_end_date_label'),
(19799, 262, 'view_page_image_block_cap_label'),
(19800, 262, 'view_page_location_label'),
(19801, 262, 'view_page_users_block_cap_label'),
(19802, 263, 'action_action_data_not_changed'),
(19803, 263, 'action_action_data_was_saved'),
(19804, 263, 'bottom warning'),
(19805, 263, 'no_items'),
(19806, 263, 'privacy_description'),
(19807, 263, 'privacy_everybody'),
(19808, 263, 'privacy_index'),
(19809, 263, 'privacy_no_permission_heading'),
(19810, 263, 'privacy_no_permission_message'),
(19811, 263, 'privacy_only_for_me'),
(19812, 263, 'privacy_submit_button'),
(19813, 264, 'accept_request'),
(19814, 264, 'activity_content'),
(19815, 264, 'activity_title'),
(19816, 264, 'add_to_friends'),
(19817, 264, 'auth_action_label_add_friend'),
(19818, 264, 'auth_group_label'),
(19819, 264, 'cancel_request'),
(19820, 264, 'comment_activity_string'),
(19821, 264, 'confirmed_mail_html'),
(19822, 264, 'confirmed_mail_subject'),
(19823, 264, 'confirmed_mail_txt'),
(19824, 264, 'console_requests_title'),
(19825, 264, 'console_request_item'),
(19826, 264, 'email_notifications_setting_accept'),
(19827, 264, 'email_notifications_setting_request'),
(19828, 264, 'feedback_cancelled'),
(19829, 264, 'feedback_request_accepted'),
(19830, 264, 'feedback_request_already_sent_error_message'),
(19831, 264, 'feedback_request_ignored'),
(19832, 264, 'feedback_request_was_sent'),
(19833, 264, 'feed_content_label'),
(19834, 264, 'friendship_management_area'),
(19835, 264, 'friends_tab'),
(19836, 264, 'friend_requests'),
(19837, 264, 'got_requests_tab'),
(19838, 264, 'ignore_request'),
(19839, 264, 'like_activity_string'),
(19840, 264, 'my_friends_page_heading'),
(19841, 264, 'my_friends_page_title'),
(19842, 264, 'newsfeed_action_string'),
(19843, 264, 'new_friend_added'),
(19844, 264, 'notification_section_label'),
(19845, 264, 'notify_accept'),
(19846, 264, 'notify_request'),
(19847, 264, 'notify_request_content'),
(19848, 264, 'notify_request_content_string'),
(19849, 264, 'notify_request_string'),
(19850, 264, 'privacy_action_view_friends'),
(19851, 264, 'privacy_friends_only'),
(19852, 264, 'remove_from_friends'),
(19853, 264, 'remove_from_friendship_button'),
(19854, 264, 'request_friendship_button'),
(19855, 264, 'request_mail_html'),
(19856, 264, 'request_mail_subject'),
(19857, 264, 'request_mail_txt'),
(19858, 264, 'sent_requests_tab'),
(19859, 264, 'usercredits_action_add_friend'),
(19860, 264, 'user_friends_page_heading'),
(19861, 264, 'user_friends_page_title'),
(19862, 264, 'user_widget_empty'),
(19863, 264, 'user_widget_settings_count'),
(19864, 264, 'user_widget_title'),
(19865, 264, 'view_profile'),
(19866, 264, 'widget_friends'),
(19867, 264, 'widget_got_requests'),
(19868, 264, 'widget_sent_requests'),
(19869, 264, 'widget_title'),
(19870, 7, 'authorization_role_home_chef'),
(19871, 7, 'authorization_role_delivery_man'),
(19872, 7, 'questions_question_field_a5ef6451a409b2a29341c14da9ef3a10_description'),
(19873, 7, 'questions_question_field_a5ef6451a409b2a29341c14da9ef3a10_label'),
(19876, 7, 'questions_question_field_8b2c06c64a01e377eabeda9788507496_description'),
(19877, 7, 'questions_question_field_8b2c06c64a01e377eabeda9788507496_label'),
(19878, 7, 'questions_question_field_8b2c06c64a01e377eabeda9788507496_value_1'),
(19879, 7, 'questions_question_field_8b2c06c64a01e377eabeda9788507496_value_2'),
(19880, 7, 'questions_question_field_8b2c06c64a01e377eabeda9788507496_value_4'),
(19881, 7, 'questions_question_field_8b2c06c64a01e377eabeda9788507496_value_8'),
(19882, 7, 'questions_question_field_8b2c06c64a01e377eabeda9788507496_value_16'),
(19883, 7, 'questions_question_field_99ffe3d7824012d456c2f6233a01f64f_value_1'),
(19884, 7, 'questions_question_field_99ffe3d7824012d456c2f6233a01f64f_value_2'),
(19885, 7, 'questions_question_field_99ffe3d7824012d456c2f6233a01f64f_value_4'),
(19886, 7, 'questions_question_field_99ffe3d7824012d456c2f6233a01f64f_value_8'),
(19887, 7, 'questions_question_field_99ffe3d7824012d456c2f6233a01f64f_value_16'),
(19888, 7, 'questions_question_field_99ffe3d7824012d456c2f6233a01f64f_value_32'),
(19889, 7, 'questions_question_field_99ffe3d7824012d456c2f6233a01f64f_value_64'),
(19890, 7, 'questions_question_field_99ffe3d7824012d456c2f6233a01f64f_value_128'),
(19891, 7, 'questions_question_field_99ffe3d7824012d456c2f6233a01f64f_value_256'),
(19892, 7, 'questions_question_field_99ffe3d7824012d456c2f6233a01f64f_value_512'),
(19893, 7, 'questions_question_field_a5ef6451a409b2a29341c14da9ef3a10_value_1'),
(19894, 7, 'questions_question_field_a5ef6451a409b2a29341c14da9ef3a10_value_2'),
(19895, 7, 'questions_question_field_a5ef6451a409b2a29341c14da9ef3a10_value_4'),
(19896, 7, 'questions_question_field_a5ef6451a409b2a29341c14da9ef3a10_value_8'),
(19897, 7, 'questions_question_field_a5ef6451a409b2a29341c14da9ef3a10_value_16'),
(19898, 7, 'questions_question_field_a5ef6451a409b2a29341c14da9ef3a10_value_32'),
(19903, 7, 'questions_question_field_4b22ad6c6dfb72bfeb21ca1c506ee611_label'),
(19908, 7, 'questions_question_field_092b4458c1b7b87172ea65ec903ec424_description'),
(19909, 7, 'questions_question_field_092b4458c1b7b87172ea65ec903ec424_label'),
(19906, 7, 'questions_question_field_50ba07a7fecc690fcb602e5ef814e65e_description'),
(19907, 7, 'questions_question_field_50ba07a7fecc690fcb602e5ef814e65e_label'),
(19916, 7, 'questions_question_field_9ae9b8ce63b74df91fa205f4093d948e_description'),
(19917, 7, 'questions_question_field_9ae9b8ce63b74df91fa205f4093d948e_label'),
(19918, 7, 'questions_question_field_9ae9b8ce63b74df91fa205f4093d948e_value_1'),
(19919, 7, 'questions_question_field_9ae9b8ce63b74df91fa205f4093d948e_value_2'),
(19920, 7, 'questions_question_field_9ae9b8ce63b74df91fa205f4093d948e_value_4'),
(19921, 7, 'questions_question_field_9ae9b8ce63b74df91fa205f4093d948e_value_8'),
(19922, 265, 'admin_plugin_required_notification'),
(19923, 265, 'hint_info'),
(19924, 265, 'hint_info_label'),
(19925, 265, 'hint_info_preview'),
(19926, 265, 'privacy_action_view_followers'),
(19927, 265, 'quick_links_label'),
(19928, 265, 'snippet_label'),
(19929, 265, 'snippet_preview'),
(19930, 265, 'user_followers_page_heading'),
(19931, 265, 'user_followers_page_title'),
(19932, 265, 'widget_empty'),
(19933, 265, 'widget_settings_count'),
(19934, 265, 'widget_title'),
(19935, 265, 'widget_view_all'),
(20730, 268, 'config_publish_newproduct_onwall_infotect'),
(20731, 268, 'config_publish_updateproduct_onwall'),
(20732, 268, 'config_publish_updateproduct_onwall_infotect'),
(20733, 268, 'config_replace_btobr'),
(20734, 268, 'config_save'),
(20735, 268, 'config_select_payments'),
(20736, 268, 'config_setuprole_permision'),
(20737, 268, 'config_shopmode_all'),
(20738, 268, 'config_shopmode_classifieds'),
(20739, 268, 'config_shopmode_shop'),
(20740, 268, 'config_shop_mode'),
(20741, 268, 'config_shop_modetheme'),
(20742, 268, 'config_show_grid'),
(20743, 268, 'config_show_list'),
(20744, 268, 'config_webtopay_account'),
(20745, 268, 'config_webtopay_account_crc'),
(20746, 268, 'config_yes'),
(20747, 268, 'confirm_buyaction'),
(20748, 268, 'credits_restore_to_mmber'),
(20749, 268, 'custom_html_widget_menu'),
(20750, 268, 'edit_categorys_groups'),
(20751, 268, 'error'),
(20752, 268, 'error_forbaingyoumastpaypoints'),
(20753, 268, 'error_form_enetertitle'),
(20754, 268, 'error_form_enterdescription'),
(20755, 268, 'error_form_enter_email_seler'),
(20756, 268, 'error_form_requirepayforsale'),
(20757, 268, 'error_form_selectcategory'),
(20758, 268, 'error_form_select_classifieds_type'),
(20759, 268, 'error_notenought_credits'),
(20760, 268, 'error_payment'),
(20761, 268, 'error_payment_detect'),
(20762, 268, 'error_youhavetosmmalcredits'),
(20763, 268, 'goback'),
(20764, 268, 'group_active'),
(20765, 268, 'group_delete'),
(20766, 268, 'group_gid'),
(20767, 268, 'group_id'),
(20768, 268, 'group_order'),
(20769, 268, 'group_title'),
(20770, 268, 'im_readed_and_agree_termofuse'),
(20771, 268, 'index_page_heading'),
(20772, 268, 'index_page_title'),
(20773, 268, 'info_editcategory'),
(20774, 268, 'last_cost_incredits'),
(20775, 268, 'main_menu_item'),
(20776, 268, 'map'),
(20777, 268, 'map_lan'),
(20778, 268, 'map_lat'),
(20779, 268, 'max_product_desc_chars'),
(20780, 268, 'member_was_buy_item'),
(20781, 268, 'member_was_buy_item_url'),
(20782, 268, 'menu_addnew_cat'),
(20783, 268, 'menu_colbut_color_from_to'),
(20784, 268, 'menu_colbut_color_hover'),
(20785, 268, 'menu_colbut_color_open'),
(20786, 268, 'menu_colbut_color_shadow'),
(20787, 268, 'menu_colbut_color_text'),
(20788, 268, 'menu_delete_cat'),
(20789, 268, 'menu_edit_cat'),
(20790, 268, 'notfoundseleraccount'),
(20791, 268, 'notification_string'),
(20792, 268, 'notification_string_update'),
(20793, 268, 'notyfy_sel_message'),
(20794, 268, 'notyfy_sel_subject'),
(20795, 268, 'op_currency'),
(20796, 268, 'op_currencyx'),
(20797, 268, 'op_info_options'),
(20798, 268, 'op_inlimited'),
(20799, 268, 'op_inlimitedx'),
(20800, 268, 'op_items'),
(20801, 268, 'op_lp'),
(20802, 268, 'op_name'),
(20803, 268, 'op_price'),
(20804, 268, 'payment_accepted'),
(20805, 268, 'payment_accepted_additional_payment_information'),
(20806, 268, 'payment_accepted_but_not_committed'),
(20807, 268, 'payment_accepted_not_committed'),
(20808, 268, 'payment_accepted_was_successful'),
(20809, 268, 'payment_canceled'),
(20810, 268, 'price_one'),
(20811, 268, 'price_options'),
(20812, 268, 'product_accepted'),
(20813, 268, 'product_agree_for_dec_credits'),
(20814, 268, 'product_available'),
(20815, 268, 'product_baypromotion_for_points'),
(20816, 268, 'product_baypromotion_for_points_info'),
(20817, 268, 'product_buy_credits'),
(20818, 268, 'product_classifieds'),
(20819, 268, 'product_classifiedss'),
(20820, 268, 'product_classifieds_title'),
(20821, 268, 'product_condition'),
(20822, 268, 'product_condition_na'),
(20823, 268, 'product_condition_new'),
(20824, 268, 'product_condition_used'),
(20825, 268, 'product_confirm_baynow'),
(20826, 268, 'product_confirm_buy_action_description'),
(20827, 268, 'product_confirm_buy_action_description_mail'),
(20828, 268, 'product_confirm_buy_action_information'),
(20829, 268, 'product_confirm_buy_action_information_mail'),
(20830, 268, 'product_confirm_cancel'),
(20831, 268, 'product_credits'),
(20832, 268, 'product_curent_status'),
(20833, 268, 'product_error_noforsale'),
(20834, 268, 'product_filter_status'),
(20835, 268, 'product_info_cost_sale'),
(20836, 268, 'product_location'),
(20837, 268, 'product_loginfirst'),
(20838, 268, 'product_map_location'),
(20839, 268, 'product_notaccepted'),
(20840, 268, 'product_not_found'),
(20841, 268, 'product_not_found_orwaitingforaprove'),
(20842, 268, 'product_order_status'),
(20843, 268, 'product_path'),
(20844, 268, 'product_require'),
(20845, 268, 'product_save_new_status'),
(20846, 268, 'product_select_type_classifieds'),
(20847, 268, 'product_showfromaallcategory'),
(20848, 268, 'product_showfromallcategory'),
(20849, 268, 'product_show_all'),
(20850, 268, 'product_status_delivered'),
(20851, 268, 'product_status_error'),
(20852, 268, 'product_status_init'),
(20853, 268, 'product_status_prepared'),
(20854, 268, 'product_status_processing'),
(20855, 268, 'product_status_verified'),
(20856, 268, 'product_table_actionstore'),
(20857, 268, 'product_table_active'),
(20858, 268, 'product_table_addnewproduct'),
(20859, 268, 'product_table_add_type_classified'),
(20860, 268, 'product_table_add_type_paybaycredits'),
(20861, 268, 'product_table_add_type_shop'),
(20862, 268, 'product_table_adstype'),
(20863, 268, 'product_table_adstype_info'),
(20864, 268, 'product_table_approvedlist'),
(20865, 268, 'product_table_baynow'),
(20866, 268, 'product_table_bayusingcredits'),
(20867, 268, 'product_table_bayusingcreditspay'),
(20868, 268, 'product_table_category'),
(20869, 268, 'product_table_change_status'),
(20870, 268, 'product_table_confirm_paycredit'),
(20871, 268, 'product_table_contactseler'),
(20872, 268, 'product_table_contacttoseler'),
(20873, 268, 'product_table_days'),
(20874, 268, 'product_table_del'),
(20875, 268, 'product_table_delete'),
(20876, 268, 'product_table_deleted'),
(20877, 268, 'product_table_deletefile'),
(20878, 268, 'product_table_deleteimage'),
(20879, 268, 'product_table_description'),
(20880, 268, 'product_table_disapprov'),
(20881, 268, 'product_table_doapprov'),
(20882, 268, 'product_table_edit'),
(20883, 268, 'product_table_filefordownload'),
(20884, 268, 'product_table_filefordownload_download'),
(20885, 268, 'product_table_filefordownload_notexist'),
(20886, 268, 'product_table_isfilefordownload'),
(20887, 268, 'product_table_moderation'),
(20888, 268, 'product_table_next'),
(20889, 268, 'product_table_nofileinthisproduct'),
(20890, 268, 'product_table_noitems'),
(20891, 268, 'product_table_paynow'),
(20892, 268, 'product_table_prev'),
(20893, 268, 'product_table_price'),
(20894, 268, 'product_table_procuctfile'),
(20895, 268, 'product_table_procuctimage'),
(20896, 268, 'product_table_product_free'),
(20897, 268, 'product_table_select'),
(20898, 268, 'product_table_select_new_status'),
(20899, 268, 'product_table_seler'),
(20900, 268, 'product_table_selyourproduct'),
(20901, 268, 'product_table_showbasket'),
(20902, 268, 'product_table_showmyitems'),
(20903, 268, 'product_table_showorder'),
(20904, 268, 'product_table_sort'),
(20905, 268, 'product_table_timepublish'),
(20906, 268, 'product_table_title'),
(20907, 268, 'product_table_unlimited'),
(20908, 268, 'product_table_username'),
(20909, 268, 'product_table_wasdownloaded'),
(20910, 268, 'product_type_classifieds'),
(20911, 268, 'product_wanted'),
(20912, 268, 'product_was_deleted'),
(20913, 268, 'product_youhave_credits'),
(20914, 268, 'product_youhave_points'),
(20915, 268, 'qestion_anuluj_payment'),
(20916, 268, 'question_aprove_payment'),
(20917, 268, 'return_credit_succesfull'),
(20918, 268, 'save'),
(20919, 268, 'saved_succesfull'),
(20920, 268, 'seller_setting'),
(20921, 268, 'show_location'),
(20922, 268, 'termofuse'),
(20923, 268, 'tothismember'),
(20924, 268, 'send_post'),
(20925, 268, 'post_reply'),
(20926, 268, 'your_rate'),
(20927, 268, 'total_rate'),
(20928, 268, 'comments'),
(20929, 268, 'turnon_comentsandrate_ex'),
(20930, 268, 'turnon_comentsandrate'),
(20931, 268, 'wasupdaterate'),
(20932, 268, 'wasrated');
INSERT INTO `ow_base_language_key` (`id`, `prefixId`, `key`) VALUES
(20933, 268, 'productwascommented'),
(20934, 268, 'hint_bad'),
(20935, 268, 'poor'),
(20936, 268, 'hint_regular'),
(20937, 268, 'hint_good'),
(20938, 268, 'hint_gorgeous'),
(20939, 268, 'product_table_showbasket_mypursages'),
(20940, 268, 'config_paypal_currency_default'),
(20941, 268, 'recently_added'),
(20942, 268, 'shop_slider'),
(20943, 268, 'more'),
(20944, 268, 'product_table_contactseler_claimnow'),
(20945, 268, 'auth_action_label_addshopproduct'),
(20946, 268, 'auth_action_label_addclassifieds'),
(20947, 268, 'hide_seller_avatar_onthelist'),
(20948, 268, 'hide_product_small_details'),
(20949, 268, 'hide_seller_small_icon'),
(20950, 268, 'hide_more_button_onproductlist'),
(20951, 268, 'empty_add_category'),
(20952, 268, 'try_hide_empty_category'),
(20953, 268, 'selling_file_allowinmodeonly'),
(20954, 268, 'you_can_not_changeineditmode'),
(20955, 268, 'short_qty'),
(20956, 268, 'show_quty_inproduct'),
(20957, 268, 'search_by_buyer'),
(20958, 268, 'count_view'),
(20959, 268, 'count_downloads'),
(20960, 268, 'only_for_owner'),
(20961, 268, 'turn_on_ciew_couter'),
(20962, 268, 'subject_ask_product'),
(20963, 268, 'send_message'),
(20964, 268, 'default_message'),
(20965, 268, 'mesage_was_send'),
(20966, 268, 'you_must_first_login'),
(20967, 268, 'comments_require_aproved'),
(20968, 268, 'comments_only_for_admin'),
(20969, 268, 'corect_exif'),
(20970, 268, 'corect_exif_info'),
(20971, 268, 'send_question'),
(20972, 268, 'ask_seller'),
(20973, 268, 'message_title'),
(20974, 268, 'message_content'),
(20975, 268, 'message_was_send'),
(20976, 268, 'messge_was_not_send'),
(20977, 268, 'show_askbutton'),
(20978, 268, 'hide_timeout_product'),
(20979, 268, 'product_table_product_free_ads'),
(20980, 268, 'order_defaults'),
(20981, 268, 'order_name_asc'),
(20982, 268, 'order_name_desc'),
(20983, 268, 'order_data_asc'),
(20984, 268, 'order_data_desc'),
(20985, 268, 'order_popularity_asc'),
(20986, 268, 'order_popularity_desc'),
(20987, 268, 'edit_shop_profile_detail'),
(20988, 268, 'shop_addres_setting'),
(20729, 268, 'config_publish_newproduct_onwall'),
(20728, 268, 'config_przelewy24_account'),
(20727, 268, 'config_paypal_currency'),
(20726, 268, 'config_paypal_account'),
(20725, 268, 'config_pay24_currency'),
(20724, 268, 'config_pay24_account_crc'),
(20723, 268, 'config_pay24_account'),
(20722, 268, 'config_page_on_top_shop_title'),
(20721, 268, 'config_page_on_top_shop'),
(20719, 268, 'config_mode_yes_memberscanselling'),
(20717, 268, 'config_mode_woutsidebar'),
(20714, 268, 'config_mode_sellingfiles'),
(20713, 268, 'config_mode_no_memberscanselling'),
(20705, 268, 'config_mode_inwidget'),
(20711, 268, 'config_mode_member_accounttype_cansale'),
(20706, 268, 'config_mode_membercanpromotion_bypoints'),
(20707, 268, 'config_mode_membercanseling_bypoints'),
(20708, 268, 'config_mode_membercanshell'),
(20989, 268, 'edit_shop_profile_detail_back'),
(20990, 268, 'menu_colbut_sub_menu_bg'),
(20720, 268, 'config_no'),
(20991, 268, 'menu_colbut_bg_color'),
(20992, 268, 'settings'),
(20993, 268, 'settings_for_plugin_credits'),
(20994, 268, 'settings_menu'),
(20995, 268, 'settings_other'),
(20996, 268, 'you_must_set_item_price'),
(20997, 268, 'you_must_set_item_noumbers'),
(20712, 268, 'config_mode_member_role_cansale'),
(20704, 268, 'config_mode_inform_seler_for_baingbyemil'),
(20715, 268, 'config_mode_userscansellfiles'),
(20716, 268, 'config_mode_userscantsellfiles'),
(20709, 268, 'config_mode_membergepointsfrombaing'),
(20710, 268, 'config_mode_membermastpaybyseling'),
(20685, 268, 'cat_id'),
(20686, 268, 'cat_order'),
(20687, 268, 'cat_title'),
(20688, 268, 'change_status_error'),
(20689, 268, 'change_status_succesfull'),
(20690, 268, 'change_status_to'),
(20691, 268, 'close_popup'),
(20692, 268, 'config_add_account_types'),
(20693, 268, 'config_global_setting'),
(20694, 268, 'config_items'),
(20695, 268, 'config_max_cat_title_chars'),
(20696, 268, 'config_max_inwidget'),
(20697, 268, 'config_max_product_desc_chars'),
(20698, 268, 'config_max_product_title_chars'),
(20699, 268, 'config_max_showperpage'),
(20700, 268, 'config_mem_cam_all_sale'),
(20701, 268, 'config_mode'),
(20702, 268, 'config_mode_ads_approval'),
(20703, 268, 'config_mode_inform_seler_for_baing'),
(20718, 268, 'config_mode_wsidebar'),
(20664, 268, 'auth_action_label_classifieds'),
(20665, 268, 'auth_action_label_shop'),
(20666, 268, 'auth_group_label'),
(20667, 268, 'bay_change_order_status'),
(20668, 268, 'bay_error_donothavecredits'),
(20669, 268, 'bay_error_item_wassaled'),
(20670, 268, 'bay_error_notbayselproducts'),
(20671, 268, 'bay_error_whilesavingtostore'),
(20672, 268, 'bay_result_canceled'),
(20673, 268, 'bay_result_ipn_corect'),
(20674, 268, 'bay_result_succesfull'),
(20675, 268, 'bay_result_succes_noinform'),
(20676, 268, 'bay_succes'),
(20677, 268, 'bay_succes_bycredits'),
(20678, 268, 'cant_sel_product_acount_type'),
(20679, 268, 'cat_active'),
(20680, 268, 'cat_cat'),
(20681, 268, 'cat_cid'),
(20682, 268, 'cat_delete'),
(20683, 268, 'cat_fsubcat'),
(20684, 268, 'cat_group'),
(20998, 268, 'you_must_set_item_name'),
(20999, 268, 'cost_for_sale'),
(21000, 268, 'promotion_your_item'),
(21001, 268, 'product_details'),
(21002, 268, 'selling_mode'),
(21003, 268, 'product_description'),
(21004, 268, 'product_images'),
(21005, 268, 'list_view'),
(21006, 268, 'grid_view'),
(21007, 268, 'defaut_view'),
(21008, 268, 'view_setting_grid'),
(21009, 268, 'item_border_color'),
(21010, 268, 'item_background_content_color'),
(21011, 268, 'item_price_backgroud_color'),
(21012, 268, 'item_thumbal_width'),
(21013, 268, 'item_image_thumbal_height'),
(21014, 268, 'nly_grid_view'),
(21015, 268, 'only_grid_view'),
(21016, 268, 'hide_location'),
(21017, 268, 'hide_condition'),
(21018, 268, 'hide_map_lat_lon'),
(21019, 268, 'hide_wanted_avaiable'),
(21020, 268, 'from'),
(21021, 268, 'to'),
(21022, 268, 'product_table_open_product'),
(21023, 268, 'config_shop_modetheme_n'),
(21024, 268, 'config_mode_woutsidebar_n'),
(21025, 268, 'config_mode_wsidebar_n'),
(21026, 268, 'its_your_product'),
(21027, 268, ''),
(21028, 6, 'mobile_page_1852670'),
(21029, 6, 'mobile_page_1852670_title'),
(21030, 6, 'mobile_page_1852670_content'),
(21031, 6, 'mobile_page_62712968'),
(21032, 6, 'mobile_page_62712968_title'),
(21033, 6, 'mobile_page_62712968_content');

-- --------------------------------------------------------

--
-- Table structure for table `ow_base_language_prefix`
--

CREATE TABLE IF NOT EXISTS `ow_base_language_prefix` (
  `id` int(11) NOT NULL AUTO_INCREMENT,
  `prefix` varchar(255) NOT NULL,
  `label` varchar(255) NOT NULL,
  PRIMARY KEY (`id`),
  UNIQUE KEY `prefix` (`prefix`)
) ENGINE=MyISAM  DEFAULT CHARSET=utf8 AUTO_INCREMENT=269 ;

--
-- Dumping data for table `ow_base_language_prefix`
--

INSERT INTO `ow_base_language_prefix` (`id`, `prefix`, `label`) VALUES
(1, 'admin', 'Admin'),
(6, 'ow_custom', 'Custom'),
(7, 'base', 'BASE'),
(11, 'nav', 'Navigation'),
(253, 'mobile', 'Mobile'),
(254, 'newsfeed', 'Newsfeed'),
(255, 'mailbox', 'Messages'),
(256, 'notifications', 'Email Notifications'),
(257, 'slideshow', 'Image Slideshow'),
(258, 'forum', 'Forum'),
(259, 'groups', 'Groups'),
(260, 'photo', 'Photo'),
(261, 'video', 'Video'),
(262, 'event', 'Event'),
(263, 'privacy', 'Privacy'),
(264, 'friends', 'Friends'),
(265, 'followlist', 'Followers'),
(268, 'shoppro', 'Shop Pro');

-- --------------------------------------------------------

--
-- Table structure for table `ow_base_language_value`
--

CREATE TABLE IF NOT EXISTS `ow_base_language_value` (
  `id` int(11) NOT NULL AUTO_INCREMENT,
  `languageId` int(11) NOT NULL DEFAULT '0',
  `keyId` int(11) NOT NULL DEFAULT '0',
  `value` text NOT NULL,
  PRIMARY KEY (`id`),
  UNIQUE KEY `keyId` (`keyId`,`languageId`)
) ENGINE=MyISAM  DEFAULT CHARSET=utf8 AUTO_INCREMENT=64464 ;

--
-- Dumping data for table `ow_base_language_value`
--

INSERT INTO `ow_base_language_value` (`id`, `languageId`, `keyId`, `value`) VALUES
(53, 1, 1603, 'You are editing'),
(54, 1, 1604, 'Check <a href="languages/mod">other languages</a>'),
(55, 1, 1605, 'Add New Text'),
(56, 1, 1606, 'Go'),
(57, 1, 1607, 'Search results for keyword: <i><b>{$keyword}</i></b>'),
(58, 1, 1608, 'Search'),
(59, 1, 1609, 'Original value: {$label} ({$tag})'),
(60, 1, 1610, 'Translation: {$label} ({$tag})'),
(61, 1, 1611, 'Delete'),
(62, 1, 1612, 'Custom keys'),
(63, 1, 1613, 'Save this page'),
(64, 1, 1614, 'Section'),
(65, 1, 1615, 'All Sections'),
(66, 1, 1616, 'Missing text'),
(67, 1, 1617, 'Drag''n''drop'),
(68, 1, 1618, 'Language order to display on site. The first language will be set as  default one on the site.'),
(69, 1, 1619, 'There should be at least one active language.'),
(70, 1, 1620, 'Empty'),
(71, 1, 1621, 'Missing keys'),
(72, 1, 1622, 'Active languages'),
(73, 1, 1623, 'Language'),
(74, 1, 1624, 'Edit'),
(75, 1, 1625, 'Clone'),
(76, 1, 1626, 'Deactivate'),
(77, 1, 1627, 'Activate'),
(78, 1, 1628, 'Delete'),
(132, 1, 1682, 'Here you can upload the file that contains a language for one plugin ( <b>.XML</b> file) or several languages for plugins ( <b>.ZIP</b> file).'),
(133, 1, 1683, 'Add New Language (Language Pack)'),
(134, 1, 1684, 'Select what you would like to import from this language package.'),
(135, 1, 1685, 'Check all languages for all plugins'),
(136, 1, 1686, 'Import selected'),
(137, 1, 1687, 'Export languages'),
(138, 1, 1688, 'You can export/backup any languages for any plugins you have installed on your site.'),
(139, 1, 1689, 'Export'),
(140, 1, 1690, 'Select items you would like  to export from all languages and plugins'),
(141, 1, 1691, 'Export selected'),
(142, 1, 1692, 'Show:'),
(143, 1, 1693, 'Edit Language'),
(144, 1, 1694, 'Available Languages'),
(145, 1, 1695, 'Key'),
(146, 1, 1696, 'Text in {$label} ( {$tag} )'),
(147, 1, 1697, 'Add'),
(148, 1, 1698, 'Language File:'),
(149, 1, 1699, 'Inactive Languages'),
(150, 1, 1700, 'Clone language'),
(151, 1, 1701, 'Language'),
(152, 1, 1702, 'Add new text'),
(153, 1, 1703, 'Example: <b>English</b>'),
(154, 1, 1704, 'Are you sure?'),
(155, 1, 1705, 'ISO tag\r\n<a class="ow_lbutton ow_red" target="_blank" href="http://en.wikipedia.org/wiki/ISO_3166-1_alpha-2#Officially_assigned_code_elements">?</a>'),
(156, 1, 1706, '<p class="ow_smallmargin">You need to enter language code that corresponds to <a href="http://en.wikipedia.org/wiki/ISO_3166-1_alpha-2#Officially_assigned_code_elements">Alpha-2 ISO language tags</a>.</p>\r\nExample: <b>en-US</b> or <b>en-GB-custom</b>.'),
(158, 1, 1708, 'Add'),
(159, 1, 1709, 'No values with <i><b>{$keyword}</i></b> keyword'),
(160, 1, 1710, 'No values'),
(161, 1, 1711, 'Go'),
(162, 1, 1712, 'default'),
(163, 1, 1713, 'Sorry, the key already exists'),
(191, 1, 1741, 'February'),
(192, 1, 1742, 'August'),
(193, 1, 1743, 'September'),
(195, 1, 1745, 'All'),
(196, 1, 1746, 'Archive'),
(197, 1, 1747, 'Are you sure?'),
(202, 1, 1752, 'Comments'),
(204, 1, 1754, 'By'),
(205, 1, 1755, 'More'),
(218, 1, 1768, 'Flag'),
(219, 1, 1769, 'Edit'),
(220, 1, 1770, 'Delete'),
(223, 1, 1773, 'Approve'),
(224, 1, 1774, 'Disapprove'),
(305, 1, 1855, 'Avatar is a graphic picture/photo of a reduced size displayed for your profile.'),
(306, 1, 1856, 'Your Avatar'),
(307, 1, 1857, 'Upload new avatar'),
(308, 1, 1858, 'Crop Avatar'),
(309, 1, 1859, 'Choose an area of your avatar for cropping with the help of mouse cursor. The cropping result will be displayed on the right. Once you are satisfied with the result click the "Apply crop" button.'),
(310, 1, 1860, 'Your avatar picture'),
(311, 1, 1861, 'Apply crop'),
(59819, 1, 16389, 'Default Role'),
(313, 1, 1863, 'Preview'),
(336, 1, 1886, 'User Roles'),
(337, 1, 1887, 'Language'),
(339, 1, 1889, 'Pages &amp; Menus'),
(340, 1, 1890, 'Activate'),
(341, 1, 1891, 'Save'),
(1038, 1, 2582, '{$count} emails were sent'),
(343, 1, 1893, 'This theme doesn''t have any customization settings.'),
(344, 1, 1894, 'The image is not valid'),
(345, 1, 1895, 'User photo'),
(346, 1, 1896, 'File type not allowed'),
(347, 1, 1897, 'Choose Theme'),
(348, 1, 1898, 'Password should have less than 15 characters'),
(349, 1, 1899, 'Password should have more than 4 characters'),
(350, 1, 1900, 'Please enter a valid password'),
(351, 1, 1901, 'Sorry, this email is already used'),
(352, 1, 1902, 'Please, enter a valid email address'),
(353, 1, 1903, 'Please, enter a valid username'),
(354, 1, 1904, 'Available Themes'),
(355, 1, 1905, 'Choose Theme'),
(356, 1, 1906, 'Sorry, this username already exists'),
(368, 1, 1918, 'Delete'),
(369, 1, 1919, 'Today'),
(370, 1, 1920, 'Save'),
(371, 1, 1921, 'Update successful'),
(372, 1, 1922, '{$site_name} Admin Page'),
(373, 1, 1923, '{$site_name} Admin'),
(376, 1, 1926, '{$title}'),
(377, 1, 1927, 'My Profile'),
(378, 1, 1928, 'What is cooking'),
(380, 1, 1930, '{$site_name} - social networking'),
(381, 1, 1931, '{$site_name}'),
(382, 1, 1932, '{$site_name} community'),
(383, 1, 1933, 'openwack, free software, open source software, community software, open source community software, free community software, open source social networking software, free social networking software, php, mysql'),
(384, 1, 1934, 'Edit Theme'),
(385, 1, 1935, 'Settings'),
(386, 1, 1936, 'Pages &amp; Menus'),
(387, 1, 1937, 'Appearance'),
(388, 1, 1938, 'Users'),
(389, 1, 1939, 'Plugins'),
(390, 1, 1940, 'Sign In'),
(392, 1, 1942, 'Edit Theme'),
(393, 1, 1943, 'Edit CSS'),
(394, 1, 1944, 'Save'),
(398, 1, 1948, 'Browse by Tags'),
(399, 1, 1949, 'Moderators'),
(400, 1, 1950, 'Global Privacy Settings'),
(401, 1, 1951, 'Photo'),
(402, 1, 1952, 'Forum'),
(403, 1, 1953, 'Existing CSS Styles (read only)'),
(404, 1, 1954, 'Image has been deleted'),
(405, 1, 1955, 'Image has not been uploaded'),
(406, 1, 1956, 'Image has been uploaded'),
(407, 1, 1957, 'Upload'),
(408, 1, 1958, 'Delete'),
(409, 1, 1959, 'URL'),
(410, 1, 1960, 'Image Preview'),
(411, 1, 1961, 'Images List'),
(412, 1, 1962, 'Upload Image'),
(413, 1, 1963, 'Account Type'),
(620, 1, 2170, 'Tagline'),
(415, 1, 1965, 'Theme Customization'),
(416, 1, 1966, 'Author URL'),
(417, 1, 1967, 'Author'),
(418, 1, 1968, 'Pages:'),
(420, 1, 1970, 'Admin'),
(421, 1, 1971, 'within 1 minute'),
(422, 1, 1972, '1 minute ago'),
(423, 1, 1973, '{$minutes} minutes ago'),
(424, 1, 1974, 'Chefs & Cravers'),
(426, 1, 1976, 'Compatibility'),
(427, 1, 1977, 'Add New'),
(428, 1, 1978, 'Version'),
(932, 1, 2476, 'Description'),
(10345, 1, 3807, 'Privacy & Permissions'),
(442, 1, 1992, 'Add'),
(443, 1, 1993, 'The Wall'),
(444, 1, 1994, 'Upload'),
(445, 1, 1995, 'Available formats for Avatar uploading are <span class="ow_txt_value">JPG</span>/<span class="ow_txt_value">GIF</span>/<span class="ow_txt_value">PNG</span>'),
(448, 1, 1998, 'Change avatar'),
(449, 1, 1999, 'No section'),
(450, 1, 2000, 'Add new account type'),
(458, 1, 2008, 'Continue'),
(459, 1, 2009, 'Join'),
(63304, 1, 19874, 'please list your favorite cuisines here'),
(462, 1, 2012, 'Interests'),
(463, 1, 2013, 'Photo'),
(464, 1, 2014, 'Video'),
(465, 1, 2015, 'Error occurred while processing your request'),
(466, 1, 2016, 'Error occurred while posting comment'),
(467, 1, 2017, 'No comments'),
(468, 1, 2018, 'Delete'),
(469, 1, 2019, 'one hour ago'),
(470, 1, 2020, '{$hours} hours ago'),
(471, 1, 2021, 'Yesterday'),
(472, 1, 2022, 'at'),
(475, 1, 2025, 'Sep'),
(476, 1, 2026, 'Jan'),
(477, 1, 2027, 'Feb'),
(478, 1, 2028, 'Mar'),
(479, 1, 2029, 'Apr'),
(480, 1, 2030, 'May'),
(481, 1, 2031, 'Jun'),
(482, 1, 2032, 'Jul'),
(483, 1, 2033, 'Aug'),
(484, 1, 2034, 'Oct'),
(485, 1, 2035, 'Nov'),
(486, 1, 2036, 'Dec'),
(487, 1, 2037, 'Graphics'),
(488, 1, 2038, 'CSS'),
(489, 1, 2039, 'Theme Settings'),
(491, 1, 2041, 'Repeat password'),
(492, 1, 2042, 'Password'),
(493, 1, 2043, 'Email'),
(494, 1, 2044, 'Profile Questions'),
(497, 1, 2047, 'Username'),
(850, 1, 2397, 'General User'),
(501, 1, 2051, 'Privacy & Permissions'),
(508, 1, 2058, 'Customize this page'),
(509, 1, 2059, 'Change Avatar'),
(510, 1, 2060, 'Edit my profile'),
(511, 1, 2061, 'Page not found'),
(512, 1, 2062, 'Sorry, this document doesn''t exist.'),
(515, 1, 2065, 'View all'),
(516, 1, 2066, 'December'),
(520, 1, 2070, 'Latest'),
(521, 1, 2071, 'Featured'),
(522, 1, 2072, 'Finish customizing'),
(523, 1, 2073, 'Reset'),
(524, 1, 2074, 'Custom text/HTML'),
(525, 1, 2075, 'Dashboard'),
(526, 1, 2076, 'Available widgets'),
(527, 1, 2077, 'Overview'),
(528, 1, 2078, 'User Dashboard'),
(529, 1, 2079, 'User Profile'),
(530, 1, 2080, 'Join Now'),
(531, 1, 2081, 'Manage Plugins'),
(532, 1, 2082, 'Guest'),
(1067, 1, 2611, 'You have been successfully unsubscribed.\r\n<br />\r\nThank you.'),
(535, 1, 2085, 'Edit'),
(536, 1, 2086, 'Delete'),
(538, 1, 2088, 'Content (text/HTML)'),
(543, 1, 2093, 'Convert new line to <br />'),
(546, 1, 2096, 'Video'),
(547, 1, 2097, 'Add Video'),
(548, 1, 2098, 'View Video'),
(549, 1, 2099, 'Photo'),
(550, 1, 2100, 'View photo'),
(551, 1, 2101, 'Upload photo'),
(552, 1, 2102, 'Comment photo'),
(553, 1, 2103, 'The content owner can delete comments'),
(554, 1, 2104, 'Basic permissions'),
(555, 1, 2105, 'Write on comment walls'),
(556, 1, 2106, 'The author can delete wall comments'),
(557, 1, 2107, 'Back to site'),
(558, 1, 2108, 'General widget settings'),
(559, 1, 2109, 'Title'),
(560, 1, 2110, 'Show title'),
(561, 1, 2111, 'Icon'),
(562, 1, 2112, 'Wrap in box'),
(563, 1, 2113, 'Freeze'),
(564, 1, 2114, '<span class="ow_mild_green">Drag''n''drop</span> items to the page sample below to add features or custom components.'),
(565, 1, 2115, '<span class="ow_mild_red">Red items</span> are "frozen". Frozen items'' positions are fixed and can not be moved or edited by user. They always occupy the upper positions in containers.'),
(566, 1, 2116, 'You can let users customize this page components. However they will not be able to change page layout.'),
(567, 1, 2117, 'Are you sure you want to delete this widget?'),
(568, 1, 2118, 'Allow users to customize this page'),
(572, 1, 2122, 'Settings'),
(580, 1, 2130, 'Admin'),
(575, 1, 2125, 'Number of comments to show'),
(576, 1, 2126, 'Display mode'),
(577, 1, 2127, 'With paging'),
(578, 1, 2128, 'Full list'),
(581, 1, 2131, 'Oops, no profiles'),
(582, 1, 2132, 'Online'),
(584, 1, 2134, 'Customize this page'),
(585, 1, 2135, 'Birthday'),
(591, 1, 2141, 'Admin dashboard'),
(592, 1, 2142, 'Browse Users'),
(593, 1, 2143, 'Main Settings'),
(594, 1, 2144, 'Profile Details'),
(595, 1, 2145, 'RSS'),
(596, 1, 2146, 'Item count'),
(597, 1, 2147, 'URL'),
(598, 1, 2148, 'Enter valid URL'),
(707, 1, 2257, 'Are you sure you want to delete this question?'),
(605, 1, 2155, 'Join our fast-growing community. Find new friends, date up, share photo and video.\r\nEnjoy!'),
(611, 1, 2161, 'Main settings'),
(612, 1, 2162, 'Basic'),
(46644, 1, 9873, 'User Settings'),
(614, 1, 2164, 'Choose account type'),
(615, 1, 2165, 'Should contain only letters and digits'),
(616, 1, 2166, 'Should be valid'),
(617, 1, 2167, 'Join our community'),
(618, 1, 2168, 'Site Installation'),
(619, 1, 2169, 'Site Name'),
(621, 1, 2171, 'Short, catchy, one-string description of your site.'),
(622, 1, 2172, 'Description'),
(623, 1, 2173, 'Please write a couple of sentences to describe your site.'),
(624, 1, 2174, 'Time Settings'),
(625, 1, 2175, 'TimeZone'),
(626, 1, 2176, 'Use relative date/time'),
(627, 1, 2177, '"Yesterday, 5:31" instead of "June 1 ''09, 5:31"'),
(628, 1, 2178, 'Gender'),
(629, 1, 2179, '&nbsp;'),
(630, 1, 2180, 'Male'),
(631, 1, 2181, 'Female'),
(632, 1, 2182, 'Account type'),
(633, 1, 2183, 'Yes'),
(634, 1, 2184, 'No'),
(635, 1, 2185, 'Settings have been updated'),
(636, 1, 2186, 'No content'),
(637, 1, 2187, 'Titles only'),
(638, 1, 2188, 'Basic'),
(10350, 1, 3812, 'Recently active'),
(646, 1, 2196, 'User Roles'),
(650, 1, 2200, 'No value'),
(657, 1, 2207, 'Blogs'),
(658, 1, 2208, 'Add comments'),
(664, 1, 2214, 'Add some info about yourself here'),
(665, 1, 2215, 'About Me'),
(666, 1, 2216, 'Description updated'),
(667, 1, 2217, 'Browse Users'),
(668, 1, 2218, 'No users'),
(669, 1, 2219, 'Check all'),
(670, 1, 2220, 'Selected:'),
(681, 1, 2231, 'Joined'),
(682, 1, 2232, 'User'),
(683, 1, 2233, 'Select'),
(684, 1, 2234, 'Write here...'),
(685, 1, 2235, '{$count} user(s) deleted'),
(686, 1, 2236, 'Are you sure you want to delete selected users?'),
(706, 1, 2256, 'Question has been deleted'),
(16894, 1, 4514, 'Dashboard'),
(1011, 1, 2555, 'Send'),
(719, 1, 2269, 'Username/Email'),
(720, 1, 2270, 'Rate'),
(721, 1, 2271, 'Section has been deleted'),
(883, 1, 2427, 'Basic'),
(775, 1, 2324, 'Account type has been added'),
(1262, 1, 2791, 'Who can join:'),
(758, 1, 2307, 'Edit'),
(759, 1, 2308, 'Delete'),
(1261, 1, 2790, 'Remove rights for ''Admin'' from this moderator before you can remove them completely.'),
(779, 1, 2328, 'Profile Questions'),
(763, 1, 2312, 'Enter your email'),
(764, 1, 2313, 'Your email address'),
(765, 1, 2314, 'Account type has been deleted'),
(766, 1, 2315, 'New password for your account'),
(20357, 1, 6052, 'Reset code for new password'),
(780, 1, 2329, 'Add Question'),
(781, 1, 2330, 'Edit Account Types'),
(816, 1, 2365, 'Settings'),
(59818, 1, 16388, 'Add new values: <span class="ow_small ow_highlight">Separate by comma</span>'),
(784, 1, 2333, 'You are not allowed to write comment'),
(785, 1, 2334, 'Text'),
(58783, 1, 15500, 'qqqqqqqqqqqqqqqqqqqqqqqqqqqqqqqqqqqqqqqqqqqqqqqqqqqqqqqqqqqqqqqqqqqqqqqqqqqqqqqqqqqqqqqqqqqqqqqqqqqqqqqqqqqqqqqqqqqqqqqqqqqqqqqqqqqqqqqqqqqqqqqqqqqqqqqqqqqqqq'),
(58782, 1, 15499, 'qwe'),
(788, 1, 2337, 'Extended text'),
(789, 1, 2338, 'Yes/No'),
(790, 1, 2339, 'Multiple choice'),
(791, 1, 2340, 'Date'),
(792, 1, 2341, 'URL'),
(793, 1, 2342, 'Password'),
(992, 1, 2536, 'Add new account type'),
(1116, 1, 2654, 'Verification email successfully sent'),
(1117, 1, 2655, 'Suspend'),
(1118, 1, 2656, 'Suspend'),
(1119, 1, 2657, 'Profile suspended'),
(1121, 1, 2659, 'Profiles suspended'),
(1122, 1, 2660, '<center>Sorry your account is suspended. Please contact site administrator.</center>'),
(817, 1, 2366, 'If you have many profile questions it may be helpful to view sections as tabs on profile view page.'),
(806, 1, 2355, 'Blogs'),
(807, 1, 2356, 'Links'),
(1263, 1, 2792, 'Anyone'),
(818, 1, 2367, 'View sections as tabs'),
(819, 1, 2368, 'Add a blog post'),
(821, 1, 2370, 'View'),
(825, 1, 2374, 'Save'),
(826, 1, 2375, 'User data updated'),
(827, 1, 2376, 'Profile Edit'),
(843, 1, 2390, 'Edit section name'),
(834, 1, 2381, 'Dashboard'),
(835, 1, 2382, 'Manage Plugins'),
(836, 1, 2383, 'Active Plugins'),
(837, 1, 2384, 'Inactive Plugins'),
(838, 1, 2385, 'Settings'),
(839, 1, 2386, 'Deactivate'),
(840, 1, 2387, 'Activate'),
(841, 1, 2388, 'Uninstall'),
(842, 1, 2389, 'Install'),
(844, 1, 2391, 'Edit question value'),
(845, 1, 2392, 'Edit question name'),
(846, 1, 2393, 'Edit question description'),
(847, 1, 2394, 'All account types'),
(848, 1, 2395, 'Edit account type name'),
(849, 1, 2396, '"{$plugin}" plugin successfully installed'),
(859, 1, 2406, 'Standard'),
(1041, 1, 2585, 'To unsubscribe from this mailing list please click here: {$link}'),
(1040, 1, 2584, '<br />\r\n<br />\r\nTo unsubscribe from this mailing list please <a href="{$link}" >click here</a>'),
(1037, 1, 2581, 'Rate successful'),
(1104, 1, 2642, 'Real name'),
(1010, 1, 2554, 'Email Verification'),
(880, 1, 2425, 'Invalid username or email'),
(881, 1, 2426, 'Invalid password'),
(885, 1, 2429, 'Question'),
(886, 1, 2430, 'Short description if necessary'),
(887, 1, 2431, 'Authentication success, please wait...'),
(892, 1, 2436, ' Copyright {$site_name}'),
(924, 1, 2468, 'Cloned'),
(925, 1, 2469, 'Profile Questions'),
(1264, 1, 2793, 'By my invitation only'),
(928, 1, 2472, 'Language'),
(929, 1, 2473, 'Showing questions for account type'),
(930, 1, 2474, 'New section'),
(931, 1, 2475, 'Question'),
(933, 1, 2477, 'For account type'),
(934, 1, 2478, 'Select an appropriate account type for the question <i>only</i> if it doesn''t fit other types.</b> E.g.: <b><i>Gender</i></b> corresponds to <b><i>Single</i></b> but doesn''t fit <b><i>Couple</i></b>.'),
(935, 1, 2479, 'Section'),
(936, 1, 2480, 'Answer type'),
(58802, 1, 15519, 'Privacy Policy'),
(942, 1, 2486, 'You can add up to 31 values'),
(943, 1, 2487, 'Columns count'),
(944, 1, 2488, 'Required'),
(945, 1, 2489, 'The form will not submit if the user doesn''t enter valid answer for this question'),
(946, 1, 2490, 'On <b>Sign Up</b>'),
(947, 1, 2491, 'The question should be on the registration page'),
(948, 1, 2492, 'On <b>Profile Edit</b>'),
(949, 1, 2493, 'The question should be available for user to edit'),
(950, 1, 2494, 'On <b>Profile View</b>'),
(951, 1, 2495, 'The question should be shown on profile view page'),
(952, 1, 2496, 'The question should be used for User Search'),
(953, 1, 2497, 'On <b>Search</b>'),
(954, 1, 2498, 'Save and Add New'),
(1039, 1, 2583, 'Edit Role'),
(957, 1, 2501, 'Question has been added'),
(960, 1, 2504, 'Question updated'),
(961, 1, 2505, 'OR'),
(61902, 1, 18472, 'External'),
(61903, 1, 18473, 'Page type'),
(962, 1, 2506, 'Are you sure?'),
(967, 1, 2511, 'Extra meta tags for your page''s header section.'),
(969, 1, 2513, 'Question description'),
(971, 1, 2515, 'Existing values'),
(972, 1, 2516, 'Drag''n''drop to rearrange'),
(973, 1, 2517, 'Add new question values'),
(974, 1, 2518, 'Question was not updated'),
(975, 1, 2519, 'Question was not updated'),
(978, 1, 2522, 'Add values (one per line)'),
(979, 1, 2523, 'You can add up to 31 values'),
(1207, 1, 2736, 'Page content'),
(981, 1, 2525, 'Add'),
(982, 1, 2526, 'Pages'),
(987, 1, 2531, 'No value'),
(985, 1, 2529, 'Question does not exist'),
(989, 1, 2533, 'Add {$count} question value(s)'),
(997, 1, 2541, 'Section has been added'),
(996, 1, 2540, 'Account type has been added'),
(998, 1, 2542, 'Here you can change information added by users about themselves. You can change, rearrange, and add new profile questions.'),
(999, 1, 2543, '<span class="ow_highlight">Drag''n''drop</span> questions and sections to change their order.'),
(1000, 1, 2544, 'Add New Question'),
(1001, 1, 2545, 'Profile Question Sections'),
(1002, 1, 2546, 'If you have a lot of profile questions you may want to divide them into sections. You might have the following sections "<b><i>Basic info</i></b>", "<b><i>Contacts</i></b>", "<b><i>Interests</i></b>", so on and so forth.'),
(1003, 1, 2547, 'New section'),
(1005, 1, 2549, 'Are you sure you want to delete this section?'),
(1012, 1, 2556, 'Dear {$username},<br />\r\n<br />\r\nThank you for registering at {$site_name}! Now you need to verify your email by <a href="{$url}">clicking here</a><br />\r\n<br />\r\nAlternatively you can insert this code at the <a href="{$verification_page_url}">verification page</a>: {$code}<br />\r\n<br />\r\nThank you,<br />\r\n{$site_name} administration'),
(1013, 1, 2557, 'Dear {$username},\r\n\r\nThank you for registering at {$site_name}! Now you need to verify your email by clicking this link: {$url}\r\n\r\nAlternatively you can insert this code at the verification page {$verification_page_url} : \r\n{$code}\r\n\r\nThank you,\r\n{$site_name} administration'),
(1014, 1, 2558, 'Email address confirmed'),
(1015, 1, 2559, 'Add'),
(59529, 1, 15769, ''),
(1017, 1, 2561, 'You have {$count} new messages'),
(1018, 1, 2562, 'Language'),
(1020, 1, 2564, '<p>\r\nPlease confirm your email address.<br />Click "Send" button to receive a letter with the confirmation code to your email address.\r\n</p>\r\n<p>\r\n<b>If you don''t receive email</b> please add <i>{$site_email}</i> to your whitelist/address book/contact list.\r\n</p>'),
(1021, 1, 2565, 'Sorry, email address not confirmed.<br/> Most likely:<br/> \r\n<br/> \r\n1) Confirmation link you have used is incorrect. Please copy the correct URL and insert it into the address bar.\r\n<br/><br/>\r\n2) Confirmation URL expired as it hasn''t been used within 5 days. Please send confirmation request again.'),
(1024, 1, 2568, 'Edit'),
(1025, 1, 2569, 'Add'),
(1026, 1, 2570, 'Ignore unsubscribe preference'),
(1027, 1, 2571, 'HTML'),
(1028, 1, 2572, 'Text'),
(1029, 1, 2573, 'Email body'),
(1030, 1, 2574, 'Subject'),
(1031, 1, 2575, 'Email format'),
(1032, 1, 2576, 'User selection'),
(1033, 1, 2577, '<b>Total:</b> <i>{$count}</i> active members'),
(1034, 1, 2578, 'Preview'),
(1035, 1, 2579, 'Compose Email'),
(1036, 1, 2580, 'Start Mailing'),
(1044, 1, 2588, 'Role Name:'),
(1045, 1, 2589, 'New role added'),
(1051, 1, 2595, 'Please, select at least one role'),
(1049, 1, 2593, 'Unsubscribe'),
(1050, 1, 2594, 'Role(s) deleted'),
(1055, 1, 2599, 'User Role'),
(1056, 1, 2600, '# of Users'),
(1057, 1, 2601, 'default'),
(1058, 1, 2602, 'Check all | Selected:'),
(1059, 1, 2603, 'Delete'),
(1060, 1, 2604, 'Are you sure?'),
(1061, 1, 2605, 'Go to <a href="{$url}">permissions page</a> to set which features are allowed for specific user roles.'),
(1065, 1, 2609, 'Free'),
(1068, 1, 2612, 'Unsubscription failed. \r\n<br />\r\nPlease make sure you entered unsubscribe link correctly.'),
(1069, 1, 2613, 'Mass Mailing'),
(1074, 1, 2615, 'User photo'),
(1075, 1, 2616, 'Captcha'),
(1079, 1, 2620, 'You can use the following variables:'),
(6072, 1, 2850, 'User Customization'),
(1085, 1, 2626, 'Display Settings'),
(1086, 1, 2627, 'Avatar Settings'),
(1087, 1, 2628, 'User settings updated'),
(1088, 1, 2629, 'Avatar size'),
(1089, 1, 2630, 'Big avatar size'),
(1091, 1, 2632, 'Show profile name as:'),
(1092, 1, 2633, 'Normally you would need to choose between <b><i>Username</i></b> (traditional) and a real name (as on Facebook). This is a site-wide setting.'),
(1093, 1, 2634, 'Shown in all listings. You will also need to change your theme CSS.'),
(1094, 1, 2635, 'Shown on profile page'),
(1123, 1, 2661, 'Profile re-activated'),
(1124, 1, 2662, 'Re-activate'),
(1214, 1, 2743, 'Reset'),
(1206, 1, 2735, 'Visible For'),
(6099, 1, 2877, 'No users'),
(59528, 1, 2708, ''),
(1296, 1, 2823, 'Comment video'),
(1203, 1, 2732, 'Menu Name'),
(1287, 1, 2815, '<center>No items</center>'),
(1129, 1, 2667, 'User Dashboard'),
(1130, 1, 2668, 'User Profile Settings'),
(1202, 1, 2731, 'Visible for'),
(1201, 1, 2730, 'Open in a new window'),
(1132, 1, 2670, 'Registration successful'),
(1133, 1, 2671, '<center>Suspended user</center>'),
(61890, 1, 18460, ''),
(1135, 1, 2673, '{$username}'),
(1136, 1, 2674, '{$username}'),
(1137, 1, 2675, 'My profile'),
(1138, 1, 2676, 'My profile'),
(1139, 1, 2677, 'Are you sure you want to reset your customizations?'),
(1142, 1, 2680, 'Are you sure you want to delete this image?'),
(59527, 1, 2560, ''),
(1198, 1, 2727, 'Menu name'),
(1199, 1, 2728, 'URL'),
(1200, 1, 2729, 'You need to sign in to comment'),
(63331, 1, 19901, 'Unit Number'),
(63330, 1, 19900, ''),
(63329, 1, 19899, 'Contacts'),
(1208, 1, 2737, 'Guests'),
(1209, 1, 2738, 'Registered Members'),
(1210, 1, 2739, 'Menu Name'),
(1211, 1, 2740, 'Page Content'),
(1212, 1, 2741, 'Page Address'),
(1216, 1, 2745, 'Create community site'),
(1217, 1, 2746, 'Community software'),
(1218, 1, 2747, 'Image Preview'),
(1295, 1, 2822, 'Mass Mailing'),
(1255, 1, 2784, 'Permissions successfully updated'),
(6082, 1, 2860, 'Add New'),
(1254, 1, 2783, 'Privacy & Permissions'),
(1256, 1, 2785, 'User not found'),
(1257, 1, 2786, 'Moderator has been added'),
(1260, 1, 2789, 'User removed from moderators'),
(1259, 1, 2788, '{$username} is already a moderator'),
(1105, 1, 2643, 'First name and Last name'),
(1205, 1, 2734, 'URL'),
(1204, 1, 2733, 'Page Title'),
(1265, 1, 2794, 'Who can invite:'),
(1266, 1, 2795, 'All users'),
(1267, 1, 2796, 'Admin only'),
(1269, 1, 2798, 'Mandatory member approve'),
(1270, 1, 2799, 'Moderators will approve all members manually <b>before</b> letting them in'),
(1271, 1, 2800, 'Guests can view the site'),
(1272, 1, 2801, 'Yes'),
(1273, 1, 2802, 'No'),
(1275, 1, 2804, 'With password:'),
(1276, 1, 2805, 'If not <b>''Yes''</b> will override all other permission settings'),
(1277, 1, 2806, 'Save'),
(1297, 1, 2824, 'The content owner can delete comments'),
(1279, 1, 2807, 'User'),
(1281, 1, 2809, 'Add New Moderator'),
(1282, 1, 2810, 'Username'),
(10328, 1, 3790, 'Number of users who reported this content'),
(1284, 1, 2812, 'Make Moderator'),
(1219, 1, 2748, 'My Profile'),
(4993, 1, 2834, 'Go to <a href="{$url}">role management page</a> to create/edit/delete user roles.'),
(4984, 1, 2825, 'Are you sure you want to suspend selected user(s)?'),
(4986, 1, 2827, 'The content owner can delete comments'),
(4988, 1, 2829, 'Browse Users'),
(4989, 1, 2830, '"{$plugin}" plugin activated'),
(4990, 1, 2831, '"{$plugin}" plugin deactivated'),
(4994, 1, 2835, 'You can''t view this page due to limited permissions'),
(6065, 1, 2844, 'Required'),
(6066, 1, 2845, 'The Wall'),
(6067, 1, 2846, 'Avatar'),
(6068, 1, 2847, 'Email verification'),
(6064, 1, 2843, 'Oops, looks like you don''t have enough permissions'),
(6090, 1, 2868, '123'),
(59526, 1, 2699, ''),
(59525, 1, 15767, ''),
(59524, 1, 15765, ''),
(59523, 1, 7529, ''),
(6098, 1, 2876, 'Values updated'),
(6102, 1, 2880, 'Site Email'),
(6103, 1, 2881, 'Email address from which your users will receive notifications and mass mailing.'),
(6106, 1, 2884, 'Latest Activity'),
(6117, 1, 2895, 'January'),
(6121, 1, 2899, 'User marked as featured'),
(6122, 1, 2900, 'User removed from featured'),
(6123, 1, 2901, 'Mark as featured'),
(6124, 1, 2902, 'Remove from featured'),
(6125, 1, 2903, 'Friends'),
(6126, 1, 2904, 'Add Friend'),
(6128, 1, 2906, 'Please choose image file'),
(7434, 1, 3294, 'Hi,\r\n\r\nWe invite you to join our website - {$site_name}.\r\nPlease join here: {$url}\r\n\r\nAdministration\r\n{$site_url}'),
(7431, 1, 3291, 'Invitations successfully sent'),
(7430, 1, 3290, 'You should enter at least one email address'),
(7429, 1, 3289, 'Please enter max 50 emails'),
(7428, 1, 3288, 'Invite'),
(7427, 1, 3287, 'Enter list of emails (max 50, one email per line)'),
(7426, 1, 3286, 'Invite new members'),
(7425, 1, 3285, 'Invite new members'),
(7424, 1, 3284, 'With splash screen you can explicitly ask your members if they agree to enter your website.'),
(7432, 1, 3292, 'Invitation to {$site_name}'),
(7433, 1, 3293, '<p>\r\nHi,\r\n</p>\r\n<p>\r\nWe invite you to join our website - {$site_name}.<br />\r\nPlease register <a href="{$url}">here</a>\r\n</p>\r\nAdministration<br />\r\n{$site_url}'),
(7423, 1, 3283, 'Enable'),
(9887, 1, 3349, 'or sign in with'),
(59522, 1, 15603, ''),
(7400, 1, 3260, 'Leave'),
(7399, 1, 3259, 'Settings updated'),
(7396, 1, 3256, 'Splash screen settings'),
(7398, 1, 3258, 'Splash screen settings'),
(7401, 1, 3261, 'Splash Screen'),
(7393, 1, 3253, 'Enter'),
(7392, 1, 3252, 'Are you sure you want to enter this website?'),
(7391, 1, 3251, 'Where visitors go if choose to leave'),
(7390, 1, 3250, '''Leave'' URL'),
(7389, 1, 3249, 'Custom button label to enter the site'),
(7388, 1, 3248, '''Enter'' button label'),
(7387, 1, 3247, 'Splash screen content. Supports HTML.'),
(7386, 1, 3246, 'Text/HTML'),
(7384, 1, 3244, ''),
(7383, 1, 3243, ''),
(7382, 1, 3242, ''),
(7381, 1, 3241, ''),
(7380, 1, 3240, 'Invalid password'),
(7379, 1, 3239, 'Redirecting...'),
(7378, 1, 3238, 'Enter'),
(7377, 1, 3237, 'Sorry, site is closed for public view.'),
(7376, 1, 3236, 'Enter Password'),
(7375, 1, 3235, 'Settings saved'),
(10366, 1, 3828, 'Users'),
(9883, 1, 3345, 'Moderator Panel'),
(9884, 1, 3346, 'Approve users'),
(7414, 1, 3274, 'Sorry, site registration is closed'),
(7372, 1, 3232, 'OR'),
(7371, 1, 3231, 'Sign in with'),
(7370, 1, 3230, 'Register your profile'),
(9891, 1, 3353, 'User approved'),
(7397, 1, 3257, 'Splash screen'),
(9886, 1, 3348, 'Mandatory user approve'),
(7335, 1, 3116, 'y.o.'),
(58781, 1, 15498, 'qwe'),
(7327, 1, 3108, 'November'),
(7326, 1, 3107, 'October'),
(7324, 1, 3105, 'June'),
(7325, 1, 3106, 'July'),
(7323, 1, 3104, 'May'),
(7321, 1, 3102, 'April'),
(7320, 1, 3101, 'March'),
(7319, 1, 3100, 'SMTP test success. You can start sending emails using this connection.'),
(7318, 1, 3099, 'Test connection'),
(7315, 1, 3096, 'Test SMTP connection'),
(7317, 1, 3098, 'Make sure you test your SMTP connection before you start sending emails using it. Otherwise, your site may stop sending emails at all.'),
(7316, 1, 3097, 'Off'),
(7311, 1, 3092, 'SMTP Settings'),
(7309, 1, 3090, 'SMTP connection security type'),
(7308, 1, 3089, 'Secure connection'),
(7307, 1, 3088, 'Password'),
(7306, 1, 3087, 'Username'),
(7305, 1, 3086, 'Host:Port'),
(7304, 1, 3085, 'Please do not enable if you don''t know what you are doing. Your site may stop sending emails!'),
(7303, 1, 3084, 'Enable'),
(7302, 1, 3083, 'SMTP'),
(7301, 1, 3082, 'SMTP settings updated'),
(7300, 1, 3081, 'Are you sure you want to delete this user?'),
(7298, 1, 3079, 'Account was removed<br />\r\nGo back to <a href="{$site_url}">site</a>'),
(7297, 1, 3078, 'Delete confirmation'),
(7296, 1, 3077, 'Delete'),
(43372, 1, 9399, 'visible to guests only'),
(7287, 1, 3068, 'qqqq'),
(7289, 1, 3070, 'qqq'),
(7291, 1, 3072, 'qqq'),
(7285, 1, 3066, 'aaa'),
(10396, 1, 3858, 'Installed Plugins'),
(7275, 1, 3056, 'Delete user content'),
(7273, 1, 3054, 'Settings have been updated'),
(7272, 1, 3053, 'day/month/year'),
(7271, 1, 3052, 'month/day/year'),
(7270, 1, 3051, 'Date format'),
(7268, 1, 3049, 'Please, enter verification code.'),
(7267, 1, 3048, 'Submit'),
(7269, 1, 3050, 'Invalid verification code'),
(7265, 1, 3046, 'Code'),
(7264, 1, 3045, 'Are you sure you want to delete your profile?'),
(7260, 1, 3041, 'Delete Profile'),
(7259, 1, 3040, 'Edit Profile Details'),
(7258, 1, 3039, 'Delete profile'),
(7257, 1, 3038, 'Delete'),
(7255, 1, 3036, 'sfdaf'),
(7253, 1, 3034, '2q3r3'),
(7256, 1, 3037, 'Cancel'),
(7251, 1, 3032, 'sdfsdfsdf'),
(7249, 1, 3030, '8aaxaxa'),
(7246, 1, 3027, 'sdfsdf'),
(7244, 1, 3025, 'sdf'),
(7242, 1, 3023, 'sdffsdf'),
(7237, 1, 3018, 'whoohaa'),
(7248, 1, 3029, '8aaxaxa'),
(7235, 1, 3016, 'whoohaa'),
(7240, 1, 3021, 'sdfsd'),
(7231, 1, 3012, 'Guests are not allowed to rate'),
(7230, 1, 3011, 'Contact Importer'),
(7216, 1, 2997, 'Join'),
(7142, 1, 2923, 'Change Password'),
(7143, 1, 2924, 'Old password'),
(7144, 1, 2925, 'New password'),
(7145, 1, 2926, 'Repeat new password'),
(7146, 1, 2927, 'Password changed'),
(7147, 1, 2928, 'Password not changed'),
(7151, 1, 2932, '<a href="{$userUrl}">{$user}</a> changed their avatar.'),
(7153, 1, 2934, '<a href="{$userUrl}">{$user}</a> joined our site!'),
(7154, 1, 2935, '<a href="{$userUrl}"><img src="{$avatarUrl}" alt="{$user}"></a>'),
(7155, 1, 2936, '<a href="{$userUrl}">{$user}</a> edited their profile details'),
(7177, 1, 2958, 'Are you sure you want to reset your profile customization?'),
(7212, 1, 2993, 'Re-activate'),
(7213, 1, 2994, 'Selected users have been re-activated'),
(7214, 1, 2995, 'Selected user(s) re-activated'),
(46459, 1, 9690, 'no items'),
(46460, 1, 9691, 'Subscribe to newsletter'),
(46462, 1, 9693, 'display'),
(10589, 1, 4051, 'Please enter password'),
(10588, 1, 4050, 'Day'),
(10587, 1, 4049, 'Month'),
(10585, 1, 4047, 'Are you sure you want to delete comment?'),
(10586, 1, 4048, 'Year'),
(10584, 1, 4046, 'You can''t rate your own content'),
(10581, 1, 4043, 'You are not authorized to search users'),
(10582, 1, 4044, 'Search users'),
(10577, 1, 4039, 'to'),
(10578, 1, 4040, '(Age Range)'),
(10576, 1, 4038, 'from'),
(10573, 1, 4035, 'Back to search from'),
(10572, 1, 4034, 'Search'),
(10570, 1, 4032, 'Main Search'),
(10554, 1, 4016, 'Thursday'),
(10555, 1, 4017, 'Friday'),
(10556, 1, 4018, 'Saturday'),
(10557, 1, 4019, 'Please enter valid license key'),
(10558, 1, 4020, 'Search'),
(10559, 1, 4021, 'Search by Name'),
(10560, 1, 4022, 'User Search'),
(10552, 1, 4014, 'Tuesday'),
(10553, 1, 4015, 'Wednesday'),
(10550, 1, 4012, 'Sunday'),
(10551, 1, 4013, 'Monday'),
(10548, 1, 4010, 'Are you sure you want to update <i>''{$name}''</i> plugin from version <b>{$oldVersion}</b> to <b>{$newVersion}</b>? The plugin is commercial, to update it please enter license key and press ''Update'' button.'),
(10544, 1, 4006, 'Update'),
(10543, 1, 4005, 'Back to plugin list'),
(10542, 1, 4004, 'License Key'),
(10525, 1, 3987, 'Invalid params for FTP login provided'),
(10526, 1, 3988, 'Payment provider does not support site active currency (<b>{$currency}</b>)'),
(10494, 1, 3956, 'Pay securely with'),
(10491, 1, 3953, 'No'),
(10490, 1, 3952, 'Yes'),
(10489, 1, 3951, 'Are you sure you want to update <i>''{$name}''</i> plugin from version <b>{$oldVersion}</b> to <b>{$newVersion}</b>?'),
(10488, 1, 3950, 'Plugin update request'),
(10483, 1, 3945, 'No payment gateways activated'),
(10473, 1, 3935, 'Preview'),
(10474, 1, 3936, 'Fullsize'),
(10475, 1, 3937, 'Align'),
(10476, 1, 3938, 'None'),
(10477, 1, 3939, 'Left'),
(10478, 1, 3940, 'Center'),
(10479, 1, 3941, 'Right'),
(10480, 1, 3942, 'Insert into post'),
(10481, 1, 3943, 'Update'),
(10471, 1, 3933, 'URL'),
(10472, 1, 3934, 'remove'),
(10470, 1, 3932, 'hide'),
(10469, 1, 3931, 'show'),
(10468, 1, 3930, 'Gallery'),
(10467, 1, 3929, 'From URL'),
(10466, 1, 3928, 'Choose File'),
(10465, 1, 3927, 'File size limit is'),
(10462, 1, 3924, 'Image URL'),
(10463, 1, 3925, 'Insert'),
(10464, 1, 3926, 'Acceptable file types:'),
(10461, 1, 3923, 'Rich text user input'),
(10460, 1, 3922, 'Maximum file size'),
(10459, 1, 3921, 'Allow picture upload'),
(10458, 1, 3920, 'Add new plugin'),
(10456, 1, 3918, 'Upload'),
(10440, 1, 3902, '"{$plugin}" deleted'),
(10430, 1, 3892, 'Remember me'),
(10425, 1, 3887, 'Host'),
(10426, 1, 3888, 'Forgot Password'),
(14322, 1, 4126, 'Birthdays'),
(10416, 1, 3878, 'Connection failed, please check host and port details'),
(10413, 1, 3875, 'Port'),
(10411, 1, 3873, 'Enter'),
(10412, 1, 3874, 'FTP access needed to complete the operation'),
(10409, 1, 3871, 'Login'),
(10410, 1, 3872, 'Password'),
(10408, 1, 3870, 'Upload'),
(10407, 1, 3869, 'Enter Attributes'),
(10406, 1, 3868, 'FTP Attributes'),
(10405, 1, 3867, '"{$plugin}" plugin successfully uninstalled'),
(10404, 1, 3866, 'Delete'),
(10401, 1, 3863, 'Available Plugins'),
(10403, 1, 3865, 'Are you sure you want completely delete plugin `{$pluginName}`'),
(10402, 1, 3864, 'Plugin not found'),
(10400, 1, 3862, 'Currency'),
(10399, 1, 3861, 'Finance'),
(10398, 1, 3860, 'Add New'),
(10397, 1, 3859, 'Available Plugins'),
(10392, 1, 3854, 'The information on changing and confirming your new password sent to your email'),
(10389, 1, 3851, 'Dashboard'),
(10390, 1, 3852, 'Theme changed'),
(10383, 1, 3845, 'Back'),
(10381, 1, 3843, 'Submit'),
(10382, 1, 3844, 'Add Item'),
(10373, 1, 3835, 'User Roles'),
(10374, 1, 3836, 'User Roles'),
(10375, 1, 3837, 'Moderators'),
(10372, 1, 3834, 'Global Privacy'),
(10371, 1, 3833, 'Back to user roles'),
(10370, 1, 3832, 'User role: {$role}'),
(10368, 1, 3830, 'Flagged content'),
(10369, 1, 3831, 'User roles management'),
(10367, 1, 3829, 'For approval'),
(10358, 1, 3820, 'Activity:'),
(10359, 1, 3821, 'Online now'),
(10361, 1, 3823, 'User search result for: "<b>{$for}</b>"'),
(10357, 1, 3819, 'unapproved'),
(10356, 1, 3818, 'unverified'),
(10355, 1, 3817, 'suspended'),
(10354, 1, 3816, 'Status'),
(10353, 1, 3815, 'Unapproved'),
(10352, 1, 3814, 'Unverified'),
(10351, 1, 3813, 'Suspended'),
(10346, 1, 3808, 'Maintenance page'),
(20387, 1, 6082, '123'),
(10312, 1, 3774, 'flag'),
(10309, 1, 3771, 'Offence'),
(10310, 1, 3772, 'Illegal'),
(10311, 1, 3773, 'Flag this as...'),
(10166, 1, 3628, 'Zimbabwe'),
(10165, 1, 3627, 'Zambia'),
(10164, 1, 3626, 'South Africa'),
(10163, 1, 3625, 'Yemen'),
(10162, 1, 3624, 'Samoa'),
(10160, 1, 3622, 'Vanuatu'),
(10161, 1, 3623, 'Wallis And Futuna'),
(10158, 1, 3620, 'Virgin Islands, U.s.'),
(10159, 1, 3621, 'Viet Nam'),
(10157, 1, 3619, 'Virgin Islands, British'),
(10156, 1, 3618, 'Venezuela'),
(10155, 1, 3617, 'Saint Vincent And The Grenadines'),
(10154, 1, 3616, 'Holy See (vatican City State)'),
(10153, 1, 3615, 'Uzbekistan'),
(10152, 1, 3614, 'United States'),
(10151, 1, 3613, 'Uruguay'),
(10147, 1, 3609, 'United Republic Of Tanzania'),
(10148, 1, 3610, 'Uganda'),
(10149, 1, 3611, 'Ukraine'),
(10150, 1, 3612, 'United States Minor Outlying Islands'),
(10146, 1, 3608, 'Taiwan'),
(10143, 1, 3605, 'Tunisia'),
(10144, 1, 3606, 'Turkey'),
(10145, 1, 3607, 'Tuvalu'),
(10142, 1, 3604, 'Trinidad And Tobago'),
(10141, 1, 3603, 'Tonga'),
(10140, 1, 3602, 'Timor-leste'),
(10139, 1, 3601, 'Turkmenistan'),
(10138, 1, 3600, 'Tokelau'),
(10137, 1, 3599, 'Tajikistan'),
(10133, 1, 3595, 'Turks And Caicos Islands'),
(10134, 1, 3596, 'Chad'),
(10135, 1, 3597, 'Togo'),
(10136, 1, 3598, 'Thailand'),
(10132, 1, 3594, 'Syrian Arab Republic'),
(10131, 1, 3593, 'Seychelles'),
(10130, 1, 3592, 'Swaziland'),
(10129, 1, 3591, 'Sweden'),
(10128, 1, 3590, 'Slovenia'),
(10127, 1, 3589, 'Slovakia'),
(10126, 1, 3588, 'Suriname'),
(10123, 1, 3585, 'Saint Pierre And Miquelon'),
(10124, 1, 3586, 'Serbia'),
(10125, 1, 3587, 'Sao Tome And Principe'),
(10121, 1, 3583, 'San Marino'),
(10122, 1, 3584, 'Somalia'),
(10120, 1, 3582, 'El Salvador'),
(10116, 1, 3578, 'Singapore'),
(10117, 1, 3579, 'South Georgia And The South Sandwich Islands'),
(10118, 1, 3580, 'Solomon Islands'),
(10119, 1, 3581, 'Sierra Leone'),
(10115, 1, 3577, 'Senegal'),
(43379, 1, 9406, 'You are not allowed to view profiles'),
(10114, 1, 3576, 'Sudan'),
(10113, 1, 3575, 'Serbia And Montenegro'),
(10112, 1, 3574, 'Saudi Arabia'),
(10111, 1, 3573, 'Rwanda'),
(10110, 1, 3572, 'Russian Federation'),
(10109, 1, 3571, 'Romania'),
(10108, 1, 3570, 'Reunion'),
(10107, 1, 3569, 'Qatar'),
(10106, 1, 3568, 'French Polynesia'),
(10105, 1, 3567, 'Palestinian Territory, Occupied'),
(10104, 1, 3566, 'Paraguay'),
(10103, 1, 3565, 'Portugal'),
(10102, 1, 3564, 'Democratic People''s Republic Of Korea'),
(10101, 1, 3563, 'Puerto Rico'),
(10100, 1, 3562, 'Poland'),
(10099, 1, 3561, 'Papua New Guinea'),
(10098, 1, 3560, 'Palau'),
(10097, 1, 3559, 'Philippines'),
(10096, 1, 3558, 'Peru'),
(10095, 1, 3557, 'Panama'),
(10094, 1, 3556, 'Pakistan'),
(10093, 1, 3555, 'Oman'),
(10092, 1, 3554, 'New Zealand'),
(10091, 1, 3553, 'Nauru'),
(10090, 1, 3552, 'Nepal'),
(10089, 1, 3551, 'Norway'),
(10087, 1, 3549, 'Niue'),
(10088, 1, 3550, 'Netherlands'),
(10203, 1, 3665, 'Sorry, a page with this address already exists'),
(10086, 1, 3548, 'Nicaragua'),
(10085, 1, 3547, 'Nigeria'),
(10084, 1, 3546, 'Norfolk Island'),
(10082, 1, 3544, 'New Caledonia'),
(10083, 1, 3545, 'Niger'),
(10081, 1, 3543, 'Namibia'),
(10315, 1, 3777, 'You''ve already flagged this'),
(10080, 1, 3542, 'Mayotte'),
(10078, 1, 3540, 'Malawi'),
(10079, 1, 3541, 'Malaysia'),
(10077, 1, 3539, 'Mauritius'),
(10330, 1, 3792, 'My Dashboard'),
(10076, 1, 3538, 'Martinique'),
(10075, 1, 3537, 'Montserrat'),
(10074, 1, 3536, 'Mauritania'),
(10073, 1, 3535, 'Mozambique'),
(10329, 1, 3791, 'Flag deleted'),
(10072, 1, 3534, 'Northern Mariana Islands'),
(10068, 1, 3530, 'Malta'),
(10069, 1, 3531, 'Myanmar'),
(10070, 1, 3532, 'Montenegro'),
(10071, 1, 3533, 'Mongolia'),
(10067, 1, 3529, 'Mali'),
(10065, 1, 3527, 'Marshall Islands'),
(10066, 1, 3528, 'The Former Yugoslav Republic Of Macedonia'),
(10064, 1, 3526, 'Mexico'),
(10063, 1, 3525, 'Maldives'),
(10062, 1, 3524, 'Madagascar'),
(10061, 1, 3523, 'Republic Of Moldova'),
(10060, 1, 3522, 'Monaco'),
(10059, 1, 3521, 'Morocco'),
(10058, 1, 3520, 'Saint Martin'),
(10057, 1, 3519, 'Macao'),
(10054, 1, 3516, 'Lithuania'),
(10055, 1, 3517, 'Luxembourg'),
(10056, 1, 3518, 'Latvia'),
(10053, 1, 3515, 'Lesotho'),
(10052, 1, 3514, 'Sri Lanka'),
(10049, 1, 3511, 'Libyan Arab Jamahiriya'),
(10051, 1, 3513, 'Liechtenstein'),
(10050, 1, 3512, 'Saint Lucia'),
(10048, 1, 3510, 'Liberia'),
(10047, 1, 3509, 'Lebanon'),
(10046, 1, 3508, 'Lao People''s Democratic Republic'),
(10045, 1, 3507, 'Kuwait'),
(10044, 1, 3506, 'Republic Of Korea'),
(10043, 1, 3505, 'Saint Kitts And Nevis'),
(10042, 1, 3504, 'Kiribati'),
(10041, 1, 3503, 'Cambodia'),
(10040, 1, 3502, 'Kyrgyzstan'),
(10039, 1, 3501, 'Kenya'),
(10038, 1, 3500, 'Kazakhstan'),
(10037, 1, 3499, 'Japan'),
(10036, 1, 3498, 'Jordan'),
(10035, 1, 3497, 'Jersey'),
(10336, 1, 3798, 'Forum'),
(10034, 1, 3496, 'Jamaica'),
(10033, 1, 3495, 'Italy'),
(10032, 1, 3494, 'Israel'),
(10031, 1, 3493, 'Iceland'),
(10030, 1, 3492, 'Iraq'),
(10029, 1, 3491, 'Islamic Republic Of Iran'),
(10026, 1, 3488, 'India'),
(10027, 1, 3489, 'British Indian Ocean Territory'),
(10028, 1, 3490, 'Ireland'),
(10025, 1, 3487, 'Isle Of Man'),
(10024, 1, 3486, 'Indonesia'),
(10023, 1, 3485, 'Hungary'),
(43373, 1, 9400, 'visible to members only'),
(10022, 1, 3484, 'Haiti'),
(10021, 1, 3483, 'Croatia'),
(10020, 1, 3482, 'Honduras'),
(10019, 1, 3481, 'Hong Kong'),
(10018, 1, 3480, 'Guyana'),
(10017, 1, 3479, 'Guam'),
(10016, 1, 3478, 'French Guiana'),
(10015, 1, 3477, 'Guatemala'),
(10014, 1, 3476, 'Greenland'),
(10013, 1, 3475, 'Grenada'),
(20388, 1, 6083, '12'),
(20389, 1, 6084, '321'),
(10012, 1, 3474, 'Greece'),
(10011, 1, 3473, 'Equatorial Guinea'),
(10010, 1, 3472, 'Guinea-bissau'),
(10006, 1, 3468, 'Gibraltar'),
(10007, 1, 3469, 'Guinea'),
(10009, 1, 3471, 'Gambia'),
(10008, 1, 3470, 'Guadeloupe'),
(10005, 1, 3467, 'Ghana'),
(10002, 1, 3464, 'United Kingdom'),
(10004, 1, 3466, 'Guernsey'),
(10003, 1, 3465, 'Georgia'),
(9998, 1, 3460, 'France'),
(9999, 1, 3461, 'Faroe Islands'),
(10000, 1, 3462, 'Federated States Of Micronesia'),
(10001, 1, 3463, 'Gabon'),
(9997, 1, 3459, 'Falkland Islands (malvinas)'),
(20386, 1, 6081, '21312'),
(9996, 1, 3458, 'Fiji'),
(9995, 1, 3457, 'Finland'),
(9994, 1, 3456, 'Ethiopia'),
(9993, 1, 3455, 'Estonia'),
(9992, 1, 3454, 'Spain'),
(9991, 1, 3453, 'Eritrea'),
(9990, 1, 3452, 'Egypt'),
(9989, 1, 3451, 'Ecuador'),
(10273, 1, 3735, 'Search by name'),
(9988, 1, 3450, 'Algeria'),
(9987, 1, 3449, 'Dominican Republic'),
(9986, 1, 3448, 'Denmark'),
(9985, 1, 3447, 'Dominica'),
(9979, 1, 3441, 'Cuba'),
(9980, 1, 3442, 'Cayman Islands'),
(9981, 1, 3443, 'Cyprus'),
(9982, 1, 3444, 'Czech Republic'),
(9983, 1, 3445, 'Germany'),
(9984, 1, 3446, 'Djibouti'),
(9978, 1, 3440, 'Costa Rica'),
(9976, 1, 3438, 'Comoros'),
(9977, 1, 3439, 'Cape Verde'),
(9974, 1, 3436, 'Cook Islands'),
(9975, 1, 3437, 'Colombia'),
(9972, 1, 3434, 'The Democratic Republic Of The Congo'),
(9973, 1, 3435, 'Congo'),
(9971, 1, 3433, 'Cameroon'),
(9970, 1, 3432, 'Cote D''ivoire'),
(9969, 1, 3431, 'China'),
(9968, 1, 3430, 'Chile'),
(9967, 1, 3429, 'Switzerland'),
(9966, 1, 3428, 'Canada'),
(9964, 1, 3426, 'Botswana'),
(9965, 1, 3427, 'Central African Republic'),
(9963, 1, 3425, 'Bouvet Island'),
(9962, 1, 3424, 'Bhutan'),
(9961, 1, 3423, 'Brunei Darussalam'),
(9960, 1, 3422, 'Barbados'),
(9959, 1, 3421, 'Brazil'),
(9958, 1, 3420, 'Bolivia'),
(9957, 1, 3419, 'Bermuda'),
(9956, 1, 3418, 'Belize'),
(9955, 1, 3417, 'Belarus'),
(9954, 1, 3416, 'Bosnia And Herzegovina'),
(9953, 1, 3415, 'Bahamas'),
(9952, 1, 3414, 'Bahrain'),
(9951, 1, 3413, 'Bulgaria'),
(9949, 1, 3411, 'Burkina Faso'),
(9950, 1, 3412, 'Bangladesh'),
(9948, 1, 3410, 'Benin'),
(9947, 1, 3409, 'Belgium'),
(9946, 1, 3408, 'Burundi'),
(9945, 1, 3407, 'Azerbaijan'),
(9944, 1, 3406, 'Austria'),
(9943, 1, 3405, 'Australia'),
(9941, 1, 3403, 'French Southern Territories'),
(9942, 1, 3404, 'Antigua And Barbuda'),
(9940, 1, 3402, 'Antarctica'),
(9939, 1, 3401, 'American Samoa'),
(9938, 1, 3400, 'Armenia'),
(9937, 1, 3399, 'Argentina'),
(9936, 1, 3398, 'United Arab Emirates'),
(9935, 1, 3397, 'Netherlands Antilles'),
(9934, 1, 3396, 'Andorra'),
(43374, 1, 9401, 'View profiles'),
(9933, 1, 3395, 'Albania'),
(9932, 1, 3394, 'Anguilla'),
(10308, 1, 3770, 'SPAM'),
(9931, 1, 3393, 'Angola'),
(9930, 1, 3392, 'Afghanistan'),
(9929, 1, 3391, 'Aruba'),
(9921, 1, 3383, 'Maintenance mode changed'),
(9919, 1, 3381, 'Maintenance message'),
(9920, 1, 3382, 'HTML allowed'),
(9918, 1, 3380, '<p>This will render your site inaccessible and show everyone maintenance message.</p>\r\n<b>You will still be able to sign in as admin here: <a href="{$site_url}sign-in">{$site_url}sign-in</a></b>'),
(9917, 1, 3379, 'Disable your site and put up the maintenance page.'),
(43435, 1, 9462, 'Base'),
(9911, 1, 3373, 'Settings'),
(9912, 1, 3374, '<h1 class="ow_stdmargin ow_ic_gear_wheel">Under maintenance.</h1>\r\nSorry, the site is undergoing planned maintenance. We''ll be back soon.'),
(9910, 1, 3372, 'Maintenance Page'),
(9909, 1, 3371, 'Maintenance Page'),
(10314, 1, 3776, 'Flag accepted'),
(9894, 1, 3356, '<p>\r\nDear {$user_name},\r\n</p>\r\n<p>\r\nWe are glad to let you know that your account on <a href="{$site_url}">{$site_name}</a> has been approved. Now you can sign in here: <a href="{$site_url}">{$site_url}</a>\r\n</p>\r\n<p>\r\nWe hope you enjoy our site to the fullest.\r\n</p>\r\n<p>\r\nThank you,<br />\r\nAdministration<br />\r\n<a href="{$site_url}">{$site_name}</a>\r\n</p>'),
(17041, 1, 4661, 'Platform update request'),
(17042, 1, 4662, 'Are you sure you want to update platform from version <b>{$oldVersion}</b> to <b>{$newVersion}</b>?{$info}'),
(9893, 1, 3355, 'Dear {$user_name},\r\n\r\nWe are glad to let you know thatyour account on {$site_name} has been approved. Now you can sign in here: {$site_url}\r\n\r\nWe hope you enjoy our site to the fullest.\r\n\r\nThank you,\r\nAdministration\r\n{$site_name}\r\n{$site_url}'),
(9892, 1, 3354, 'Your account has been approved'),
(17097, 1, 4717, 'No'),
(9889, 1, 3351, 'Approve'),
(9890, 1, 3352, 'Updated'),
(9846, 1, 3308, 'User Roles'),
(9847, 1, 3309, 'Change Role'),
(9885, 1, 3347, '<center>Your account is pending approval</center>'),
(14299, 1, 4103, '<a href="{$userUrl}">{$userName}</a> commented on <a href="{$profileUrl}">your profile</a>.'),
(14297, 1, 4101, 'Cancel'),
(14298, 1, 4102, 'Someone comments on my profile'),
(14296, 1, 4100, 'ok'),
(14283, 1, 4087, 'Are you sure you want to uninstall the plugin?'),
(14286, 1, 4090, 'Please sign in'),
(14287, 1, 4091, 'or'),
(14274, 1, 4078, 'Please enter valid password (min 3 symbols)'),
(14324, 1, 4128, 'Verify'),
(14327, 1, 4131, 'You need to verify this email address. We sent verification message upon saving but you may want to send it again.'),
(14325, 1, 4129, 'Send verification email'),
(14326, 1, 4130, 'Email already verified'),
(14328, 1, 4132, 'Verify email'),
(14329, 1, 4133, 'Hello,\r\n\r\nSomeone (probably you) set this email address as the official email address of {$site_name} ({$site_url}) website.\r\n\r\nTo complete this process you need to verify this email address by opening the following URL: {$url}\r\n\r\nAlternatively you can open this URL: {$verification_page_url} and paste there the following code: {$code}\r\n\r\nIf you didn''t try to do that safely ignore this message and your email will not be used.\r\n\r\nThank you,\r\nAdministration\r\n{$site_name}\r\n{$site_url}'),
(14330, 1, 4134, '<p>\r\nHello,\r\n</p>\r\n<p>\r\nSomeone (probably you) set this email address as the official email address of <a href="{$site_url}">{$site_name}</a> website.\r\n</p>\r\n<p>\r\nTo complete this process you need to verify this email address by opening the following URL: <a href="{$url}">{$url}</a>\r\n</p>\r\n<p>\r\nAlternatively you can open <a href="{$verification_page_url}">this URL</a> and paste there the following code: <b>{$code}</b>\r\n</p>\r\n<p>\r\nIf you didn''t try to do that safely ignore this message and your email will not be used.\r\n</p>\r\n<p>\r\nThank you,<br />\r\nAdministration<br />\r\n{$site_name}<br />\r\n{$site_url}\r\n</p>'),
(16978, 1, 4598, 'Deleted'),
(16975, 1, 4595, 'Plugin uninstall error'),
(14336, 1, 4140, 'Tomorrow'),
(14341, 1, 4145, 'Plugin uninstall request'),
(14342, 1, 4146, 'Are you sure you want to uninstall ''{$name}'' plugin?'),
(14345, 1, 4149, 'Captcha validator error!'),
(43378, 1, 9405, 'Exclusive questions'),
(20385, 1, 6080, '12321'),
(20384, 1, 6079, '213'),
(20378, 1, 6073, 'Post jobs'),
(19881, 1, 5576, 'Next time you''ll be able to start mass mailing not earlier than in <b>{$hours}</b> hours.'),
(20151, 1, 5846, 'Hello {$username}, enter your new password below:'),
(20152, 1, 5847, 'Submit'),
(20153, 1, 5848, 'New password'),
(20154, 1, 5849, 'Repeat password'),
(20156, 1, 5851, 'Values in ''password'' and ''repeat password'' fields should be equal'),
(20157, 1, 5852, 'Password length should be between {$min} and {$max} symbols'),
(20158, 1, 5853, 'Your password successfully changed'),
(16243, 1, 4164, 'Date validator error!'),
(16244, 1, 4165, 'Value is incorrect or greater than server limit.'),
(16245, 1, 4166, 'Int validator error!'),
(16246, 1, 4167, 'Alphanumeric validator error!'),
(16247, 1, 4168, 'Url validator error!'),
(16248, 1, 4169, 'Email validator error!'),
(16249, 1, 4170, 'RegExp validator error!'),
(16250, 1, 4171, 'String validator error!'),
(16900, 1, 4520, 'Plugin updates available: <b>{$count}</b>. <a href="{$link}">View</a>'),
(16898, 1, 4518, 'Sign Out'),
(16899, 1, 4519, 'Platform update available. <a href="{$link}">Update </a>'),
(16896, 1, 4516, 'My Profile'),
(43396, 1, 9423, 'Submit'),
(16895, 1, 4515, 'Preferences'),
(16897, 1, 4517, 'Mailbox'),
(20141, 1, 5836, 'You have already received reset code today. Please try again in 24 hours.'),
(20138, 1, 5833, 'There is no user with this email address'),
(20137, 1, 5832, 'Type the email address you used at registration.'),
(20101, 1, 5796, 'Membership'),
(19427, 1, 5124, 'When turned on users will have to verify email addresses before accessing the site.'),
(19428, 1, 5125, 'Email Settings'),
(19429, 1, 5126, 'Confirm email'),
(20150, 1, 5845, 'To reset password you just need to enter your email address, get our reset code and use it to change your old password.'),
(20149, 1, 5844, 'Create new password'),
(20146, 1, 5841, 'Reset password request'),
(20147, 1, 5842, 'Please enter valid reset code'),
(20148, 1, 5843, 'Reset your password'),
(20145, 1, 5840, 'Submit'),
(20142, 1, 5837, 'Forgot password'),
(20143, 1, 5838, 'Enter your reset code'),
(20144, 1, 5839, 'Type in the reset code sent to you. Then you can enter a new password.'),
(19242, 1, 4939, 'Plugin successfully updated'),
(19069, 1, 4766, 'My profile'),
(19070, 1, 4767, 'Finance'),
(19073, 1, 4770, 'Finance'),
(19072, 1, 4769, 'Sorry, this username is restricted'),
(19075, 1, 4772, 'Restricted Usernames'),
(19076, 1, 4773, 'Restricted Usernames'),
(19077, 1, 4774, 'Add restricted username'),
(19078, 1, 4775, 'Username'),
(19079, 1, 4776, 'Add'),
(19080, 1, 4777, 'Restricted Usernames List'),
(19086, 1, 4783, 'Username successfully added'),
(19088, 1, 4785, 'The source code of ''<i>{$name}</i>'' plugin was updated. Need to update plugin DB.'),
(19089, 1, 4786, 'Update'),
(19096, 1, 4793, 'Payment gateway not found or is inactive'),
(19113, 1, 4810, 'Information about order was not found'),
(19114, 1, 4811, 'Failed to initialize order'),
(19135, 1, 4832, 'Plugin'),
(19145, 1, 4842, 'Time'),
(19146, 1, 4843, 'Amount'),
(19157, 1, 4854, 'Details'),
(19158, 1, 4855, 'Gateway'),
(19159, 1, 4856, 'Transaction ID'),
(19160, 1, 4857, 'Statistics'),
(19171, 1, 4868, 'Year Range'),
(19172, 1, 4869, '(Year Range)'),
(19173, 1, 4870, 'unavailable'),
(19174, 1, 4871, 'Your order has been canceled'),
(19175, 1, 4872, 'An error occured during your order processing'),
(19176, 1, 4873, 'Your order has been completed successfully'),
(19177, 1, 4874, 'Your order has been verified'),
(19178, 1, 4875, 'Your order is being processed'),
(19209, 1, 4906, 'Pay securely with {$gateway}'),
(19210, 1, 4907, 'Your order status'),
(20355, 1, 6050, 'Dear {$username},\r\n<br />\r\nYou requested to reset your password. Follow this link ({$resetUrl}) to change your password.\r\n<br />\r\nIf the link doesn''t work, please enter the code manually here ({$requestUrl}). Code: {$code}\r\n<br />\r\nIf you didn''t request password reset, please ignore this email.\r\n<br /><br />\r\nThank you,\r\n{$site_name}<br />'),
(20353, 1, 6048, 'The content owner can delete comments'),
(20350, 1, 6045, '<b>We recommend against making username field editable, because changing username will result in changing the profile URL.</b>'),
(20356, 1, 6051, 'Dear {$username},\r\n\r\nYou requested to reset your password. Follow this link ({$resetUrl}) to change your password.\r\n\r\nIf the link doesn''t work, please enter the code manually here ({$requestUrl}). Code: {$code}\r\n\r\nIf you didn''t request password reset, please ignore this email.\r\n\r\nThank you,\r\n{$site_name}'),
(20351, 1, 6046, 'Market');
INSERT INTO `ow_base_language_value` (`id`, `languageId`, `keyId`, `value`) VALUES
(20352, 1, 6047, 'Comment posted jobs'),
(20325, 1, 6020, 'Installation'),
(20326, 1, 6021, 'Troubleshooting'),
(20327, 1, 6022, 'Plugin Development'),
(20328, 1, 6023, 'Theme Design'),
(20329, 1, 6024, 'Consulting'),
(20703, 1, 6158, 'The content owner can delete comments'),
(20704, 1, 6159, 'View Links'),
(20700, 1, 6155, 'Links'),
(20701, 1, 6156, 'Write on comment wall'),
(20702, 1, 6157, 'Add a link'),
(43269, 1, 9296, 'Admin'),
(43268, 1, 9295, 'Search users'),
(43267, 1, 9294, 'Delete comment by content owner'),
(43258, 1, 9285, 'Add new role'),
(43259, 1, 9286, 'User role permissions'),
(62018, 1, 18588, 'changed their avatar'),
(43270, 1, 9297, 'Edit types'),
(43264, 1, 9291, 'Add comments'),
(43266, 1, 9293, '{$count} values'),
(43466, 1, 9493, 'Submit'),
(43348, 1, 9375, 'Question'),
(43350, 1, 9377, 'Type'),
(43354, 1, 9381, 'Theme Info'),
(43355, 1, 9382, 'Values'),
(43359, 1, 9386, 'Here you can view existing pages and menu items on your site. These are your own custom pages and those activated by plugins. <span class="ow_highlight">Drag''n''drop</span> items across menus to change their location.'),
(43360, 1, 9387, 'Main Menu'),
(43361, 1, 9388, 'Require'),
(43362, 1, 9389, 'Bottom Menu'),
(43363, 1, 9390, 'Hidden Pages'),
(43364, 1, 9391, 'Sign up'),
(43365, 1, 9392, 'Here are pages that actually exist but are not shown on the site. <span class="ow_highlight">Drag''n''drop</span> here those items that you want to hide.'),
(43366, 1, 9393, 'Edit'),
(43368, 1, 9395, 'View'),
(43369, 1, 9396, 'Item'),
(43370, 1, 9397, 'visible to everyone'),
(43371, 1, 9398, 'Search'),
(43445, 1, 9472, 'Platform version <b>{$version}</b> (build {$build})'),
(43442, 1, 9469, 'Activity'),
(43440, 1, 9467, 'online now'),
(23349, 1, 6301, 'Spaces are not allowed'),
(23323, 1, 6275, 'First you should remove this user from site moderators'),
(51589, 1, 11573, 'Can''t unzip downloaded archive'),
(25807, 1, 6823, 'Plugin is uploaded and ready for installation'),
(46497, 1, 9726, '12312'),
(37391, 1, 9251, 'Tag Search'),
(25765, 1, 6781, 'Send Private Message'),
(25764, 1, 6780, 'Read incoming message'),
(25763, 1, 6779, 'Mailbox'),
(25698, 1, 6714, 'You should select user(s) to continue'),
(25680, 1, 6696, 'edited their profile details'),
(25681, 1, 6697, 'joined our site!'),
(36714, 1, 8574, 'Send gift'),
(36713, 1, 8573, 'Virtual Gifts'),
(25654, 1, 6678, 'Total: <b>{$count}</b> users'),
(25653, 1, 6677, 'Unfortunately you reset code is invalid or expired. Please follow the <a href="{$url}">link</a> and try to reset it again.'),
(25651, 1, 6675, 'Expired reset code'),
(25650, 1, 6674, 'Disable JavaScript'),
(25649, 1, 6673, 'Enable JavaScript'),
(25647, 1, 6671, 'changed their avatar'),
(37169, 1, 9029, 'Newsfeed'),
(37170, 1, 9030, 'Allow comments'),
(46498, 1, 9727, '123123'),
(46499, 1, 9728, '12312312'),
(36804, 1, 8664, 'User Credits'),
(46463, 1, 9694, 'display and set required'),
(36056, 1, 7916, 'Add event'),
(36057, 1, 7917, 'View event'),
(36058, 1, 7918, 'Comment events'),
(46458, 1, 9689, 'Settings not changed'),
(46457, 1, 9688, 'Settings changed'),
(46456, 1, 9687, 'Mass Mailing'),
(25547, 1, 6571, 'Forbidden'),
(25546, 1, 6570, 'Page not found'),
(25545, 1, 6569, 'You don''t have permission to access the page.'),
(25544, 1, 6568, 'Forbidden'),
(37128, 1, 8988, 'View topic'),
(37129, 1, 8989, 'Create/Edit topic'),
(35552, 1, 7429, 'No users'),
(25492, 1, 6516, '{$username} <span class="ow_small">{$status}</span>'),
(46452, 1, 9683, 'My Preferences'),
(37133, 1, 8993, 'Label on avatar'),
(37134, 1, 8994, 'Yes'),
(37135, 1, 8995, 'No'),
(37136, 1, 8996, 'Display role label on avatar'),
(37127, 1, 8987, 'Forum'),
(25474, 1, 6498, 'Submit'),
(25473, 1, 6497, '#count# users selected'),
(37137, 1, 8997, 'Label color'),
(37139, 1, 8999, 'Role updated'),
(25465, 1, 6489, 'No users'),
(25463, 1, 6487, 'Default avatar deleted'),
(25453, 1, 6477, 'Change'),
(25454, 1, 6478, 'Cancel'),
(30740, 1, 7218, 'Can''t install plugin with empty key'),
(25462, 1, 6486, 'Are sure you want to delete default avatar image?'),
(25449, 1, 6473, 'Change to override theme default avatar image'),
(51593, 1, 11577, 'To what URL should this link go:'),
(58755, 1, 15472, 'Back to search form'),
(58754, 1, 15471, 'Pull data from other services'),
(58753, 1, 15470, 'Can''t extract theme archive'),
(59521, 1, 15755, ''),
(59520, 1, 15412, ''),
(59519, 1, 15753, ''),
(59518, 1, 15752, ''),
(59517, 1, 15751, ''),
(59516, 1, 15410, ''),
(59515, 1, 2871, ''),
(59514, 1, 2869, ''),
(59513, 1, 6242, ''),
(59512, 1, 6241, ''),
(59511, 1, 15731, ''),
(59510, 1, 2870, ''),
(58747, 1, 15464, 'Please upload valid theme archive file'),
(58748, 1, 15465, 'Add Theme'),
(58749, 1, 15466, 'Add new theme'),
(58750, 1, 15467, 'Add new theme'),
(58751, 1, 15468, 'Theme successfully added'),
(58752, 1, 15469, 'Can''t upload theme, theme directory `{$dir}` already exists'),
(25382, 1, 6406, 'Users'),
(37130, 1, 8990, 'Subscribe to forum topics'),
(25354, 1, 6378, 'View all ({$count})'),
(25353, 1, 6377, 'Theme custom CSS edited'),
(25352, 1, 6376, 'Invalid FTP attributes! Provided user doesn''t have permissions to overwrite files.'),
(25342, 1, 6366, 'Default avatar image'),
(25239, 1, 6306, 'Mark email verified'),
(25241, 1, 6308, 'Selected user(s) emails are verified'),
(27933, 1, 6890, 'You don''t have available plugins here.'),
(47077, 1, 10306, 'custom page'),
(37349, 1, 9209, '<span class="ow_small">Total: <b>{$avgScore}</b></span> (<span class="ow_outline">{$ratesCount}</span> rates)'),
(37348, 1, 9208, 'Your rate:'),
(37313, 1, 9173, 'Daily login'),
(37314, 1, 9174, 'User join'),
(37315, 1, 9175, 'Search users'),
(37316, 1, 9176, 'Write on comment wall'),
(46496, 1, 9725, '112'),
(46464, 1, 9695, 'hide'),
(37273, 1, 9133, 'User Roles'),
(46455, 1, 9686, 'Save'),
(37269, 1, 9129, 'Actions'),
(37246, 1, 9106, 'Checkout'),
(43390, 1, 9417, 'Please enter tag'),
(43375, 1, 9402, 'Legend'),
(43376, 1, 9403, 'or'),
(43377, 1, 9404, 'Account type'),
(51312, 1, 11296, 'Please enter comment message'),
(51328, 1, 11312, 'Basic'),
(51327, 1, 11311, 'Profile question settings'),
(51326, 1, 11310, 'View all questions'),
(30826, 1, 7304, 'Language/language pack imported'),
(30824, 1, 7302, 'Empty or invalid language pack. Please select valid one and try again.'),
(30741, 1, 7219, 'Errors occurred while installing plugin "{$plugin}". Please uninstall it and try again.'),
(51595, 1, 11579, 'No favicon. Check it to enable.'),
(35651, 1, 7528, 'Join Date'),
(59509, 1, 15730, ''),
(35968, 1, 7828, 'Oxwall cron script is not active. Please add it to cron jobs list ({$path}).'),
(51590, 1, 11574, 'Text to display:'),
(36055, 1, 7915, 'Events'),
(62005, 1, 18575, 'Suspend Users'),
(62006, 1, 18576, 'Avatar file size limit'),
(62007, 1, 18577, 'The file size is greater than server limit: {$limit} Mb.'),
(62008, 1, 18578, 'Invalid theme archive'),
(62009, 1, 18579, 'Are you sure you want to delete this section?\r\n\r\nAll profile questions belonging to this section will be moved to the "{$sectionName}" section.'),
(47059, 1, 10288, 'Insert HTML'),
(47060, 1, 10289, '{$site_name} registration'),
(47024, 1, 10253, 'View more'),
(47037, 1, 10266, 'Bold'),
(47038, 1, 10267, 'Italic'),
(47039, 1, 10268, 'Underline'),
(47040, 1, 10269, 'Insert Ordered List'),
(47041, 1, 10270, 'Insert Unordered List'),
(47042, 1, 10271, 'Insert Link'),
(47043, 1, 10272, 'Insert Image'),
(47044, 1, 10273, 'Insert Video'),
(47045, 1, 10274, 'Insert HTML'),
(47046, 1, 10275, 'Show/Hide HTML Source View'),
(47053, 1, 10282, 'Add'),
(47054, 1, 10283, 'Insert'),
(47055, 1, 10284, 'Please fill `label` and `url` fields to insert the link'),
(47056, 1, 10285, 'Insert video'),
(47058, 1, 10287, 'Enter video code please'),
(54914, 1, 11631, 'Can''t upload archive by FTP'),
(47536, 1, 10742, 'test'),
(47537, 1, 10743, 'mmm'),
(47535, 1, 10741, 'custom page'),
(47534, 1, 10740, 'custom page'),
(59508, 1, 15729, ''),
(47531, 1, 10737, 'custom page'),
(47532, 1, 10738, 'Test installation on XAMP'),
(47533, 1, 10739, 'mmm'),
(47528, 1, 10734, 'custom page'),
(59507, 1, 6887, ''),
(47524, 1, 10730, 'test'),
(47525, 1, 10731, 'custom page'),
(59506, 1, 6886, ''),
(47527, 1, 10733, 'mmm'),
(47523, 1, 10729, 'test'),
(59505, 1, 15718, ''),
(47521, 1, 10727, 'dsfsdfs\r\nsdfsfsdfsd\r\nsdfsdfsdf'),
(47520, 1, 10726, 'Make ''Photo Upload'' a required field on Join Page.'),
(59504, 1, 15717, ''),
(59503, 1, 15716, ''),
(47519, 1, 10725, 'Make ''Photo Upload'' a required field'),
(59502, 1, 15712, ''),
(59501, 1, 15711, ''),
(59500, 1, 6885, ''),
(59499, 1, 6884, ''),
(59498, 1, 6883, ''),
(59497, 1, 6882, ''),
(59496, 1, 6881, ''),
(59495, 1, 6880, ''),
(59494, 1, 6879, ''),
(59493, 1, 6878, ''),
(59492, 1, 15676, ''),
(59491, 1, 15669, ''),
(59490, 1, 16101, '123'),
(59489, 1, 16100, ''),
(59488, 1, 16099, ''),
(59487, 1, 16098, ''),
(59486, 1, 16097, ''),
(59485, 1, 16096, ''),
(59484, 1, 16095, ''),
(59483, 1, 16094, ''),
(47495, 1, 6861, 'Hour'),
(47496, 1, 6862, 'Minute'),
(59482, 1, 16093, ''),
(59481, 1, 16092, ''),
(59480, 1, 16091, ''),
(59479, 1, 16090, ''),
(59478, 1, 16089, ''),
(59477, 1, 16088, ''),
(59476, 1, 16087, ''),
(59475, 1, 16086, ''),
(59474, 1, 16085, ''),
(59473, 1, 16084, ''),
(59472, 1, 16083, ''),
(59471, 1, 16082, ''),
(59470, 1, 16081, ''),
(59469, 1, 16080, ''),
(59468, 1, 16079, ''),
(59467, 1, 16078, ''),
(59466, 1, 16077, ''),
(47464, 1, 10692, 'Groups'),
(47463, 1, 10691, 'The author can delete wall comments'),
(47462, 1, 10690, 'Create groups'),
(47461, 1, 10689, 'Create/Edit topic'),
(47460, 1, 10688, 'Write on comment wall'),
(47449, 1, 10678, 'jjj'),
(47450, 1, 10679, '<meta>custom meta</meta>'),
(47451, 1, 10680, 'jjj'),
(47458, 1, 10687, 'Dear {$username},\r\n\r\nYou requested to reset your password. Here''s your new password: {$password}\r\n\r\nFeel free to log in to your account at {$site_url} and change your password again if necessary.\r\n\r\nThank you,\r\n{$site_name}'),
(47447, 1, 10676, 'Please provide valid image in ico format'),
(47456, 1, 10685, 'User Settings'),
(47440, 1, 10669, 'Check if you don''t want to allow people to add rich media (like photo and video) in comments throughout the site.'),
(47457, 1, 10686, 'Dear {$username},<br />\r\n<br />\r\nYou requested to reset your password. Here''s your new password: <b>{$password}</b><br />\r\n<br />\r\nFeel free to log in to your account at <a href="{$site_url}">{$site_url}</a> and change your password again if necessary.<br />\r\n<br />\r\nThank you,<br />\r\n{$site_name}'),
(47397, 1, 10626, 'View my presence on site'),
(47435, 1, 10664, 'Disable custom HTML'),
(47394, 1, 10623, 'List domains from which you allow to embed videos or put iframes. These should be sites that provide embed code for videos or valid content which you entrust. One domain per line.'),
(47436, 1, 10665, 'Check if you don''t want to allow users write HTML code in posts (like blogs and forums). Recommended for security reasons.'),
(47437, 1, 10666, 'Disable rich media'),
(47438, 1, 10667, 'Check if you don''t want to allow people to add rich media (like photo and video) in posts (like blogs and forums).'),
(47390, 1, 10619, 'Content input'),
(47389, 1, 10618, 'General'),
(47385, 1, 10614, 'Profile wall comments'),
(47384, 1, 10613, 'Embed your video code here:'),
(47383, 1, 10612, 'Your html code:'),
(47382, 1, 10611, 'User input settings'),
(47381, 1, 10610, 'Allowed resources list'),
(62090, 1, 18660, 'Invalid range'),
(47380, 1, 10609, 'Maximum upload file size'),
(47378, 1, 10607, 'Rich media settings'),
(47376, 1, 10605, 'Content comments'),
(47439, 1, 10668, 'Disable rich media'),
(47373, 1, 10602, 'Text content'),
(47372, 1, 10601, 'User input settings'),
(47352, 1, 10581, 'User profile edit'),
(47351, 1, 10580, 'New user registration'),
(47349, 1, 10578, 'More'),
(47079, 1, 10308, 'custom page'),
(62010, 1, 18580, 'Please provide a reason for suspending the member.'),
(62011, 1, 18581, 'Users'),
(62012, 1, 18582, 'Avatar has been changed'),
(62013, 1, 18583, 'or choose from your library'),
(62014, 1, 18584, 'You can drop only 1 image to this area'),
(62015, 1, 18585, 'Avatar has been approved'),
(62016, 1, 18586, 'This photo is too small to be set as avatar. <br />Minimum size is {$width}px x {$height}px'),
(62017, 1, 18587, 'Avatar is pending approval'),
(46655, 1, 9884, 'Website icon in .ico format (16x16px)'),
(46654, 1, 9883, 'Favicon'),
(46652, 1, 9881, 'Custom tail code'),
(46653, 1, 9882, 'Code added to HTML document right before closing &lt;/BODY&gt; tag (custom Javascript).'),
(46651, 1, 9880, 'Code added to HTML document head area (custom Javascript/CSS or META info).'),
(46649, 1, 9878, 'Settings saved'),
(46650, 1, 9879, 'Custom head code'),
(46648, 1, 9877, 'An error occurred while saving data, please try again'),
(46646, 1, 9875, 'Global page settings'),
(46645, 1, 9874, 'Page settings'),
(46643, 1, 9872, 'User Settings'),
(46642, 1, 9871, 'Error downloading platform update'),
(46641, 1, 9870, 'View my profile'),
(46679, 1, 9908, 'values'),
(46680, 1, 9909, 'Edit Language'),
(46681, 1, 9910, 'RTL'),
(46682, 1, 9911, 'Check it if you need "right to left" text direction'),
(46683, 1, 9912, 'Language edited, please wait...'),
(46684, 1, 9913, 'Language edit failed, please try again'),
(46336, 1, 9567, 'Use military time'),
(46337, 1, 9568, 'Roles'),
(46461, 1, 9692, 'Uncheck this box to stop receiving mass-mailing'),
(46309, 1, 9540, 'I agree with <a target=''blank'' href=''{$site_url}terms-of-use'' >terms of use</a>'),
(59815, 1, 16385, 'Order'),
(46310, 1, 9541, 'Terms of use'),
(46308, 1, 9539, 'Terms of use'),
(46311, 1, 9542, 'Terms of use'),
(46303, 1, 9534, 'Let users upload avatar on registration'),
(46301, 1, 9532, 'Require users to agree to terms of use on registration'),
(46300, 1, 9531, 'Registration'),
(46299, 1, 9530, 'Enable ''Terms of use'' checkbox'),
(46313, 1, 9544, 'Terms of use'),
(46297, 1, 9528, 'Avatar upload'),
(46291, 1, 9522, 'Clone language'),
(46275, 1, 9506, 'werwrw'),
(46276, 1, 9507, 'wer'),
(46277, 1, 9508, 'wr'),
(46278, 1, 9509, 'wer'),
(46279, 1, 9510, 'ew'),
(46280, 1, 9511, 'r'),
(46281, 1, 9512, 'w'),
(46263, 1, 9494, 'Users'),
(46264, 1, 9495, 'Count'),
(50855, 1, 10839, 'sdfsdfsdfsdf1333'),
(54917, 1, 11634, 'test'),
(54918, 1, 11635, '(Server limit {$value} Mb)'),
(51594, 1, 11578, 'Open in new window'),
(51334, 1, 11318, '<span class="ow_highlight">Drag''n''drop</span> items to the page to add features or custom components.\n            These are items activated by <a href="{$pluginsUrl}">plugins</a>. If you want an element to stay on all pages put it to the sidebar.'),
(51333, 1, 11317, 'Items visibility:\r\n            <span class="ow_mild_green ow_small" style="border: 1px solid rgb(204, 204, 204); padding: 1px 3px;">users only</span>\r\n            <span class="ow_mild_red ow_small" style="border: 1px solid rgb(204, 204, 204); padding: 1px 3px;">guests only</span>\r\n            <span class="ow_small" style="border: 1px solid rgb(204, 204, 204); padding: 1px 3px;">everyone</span>'),
(51329, 1, 11313, 'Theme CSS'),
(51330, 1, 11314, 'View all pages/menus'),
(50963, 1, 10947, 'sf'),
(50962, 1, 10946, 'fa'),
(50960, 1, 10944, 'asf'),
(50961, 1, 10945, 'as'),
(50958, 1, 10942, 'asf'),
(50959, 1, 10943, 'as'),
(50955, 1, 10939, 'safdas'),
(50950, 1, 10934, 'File upload fail!'),
(50957, 1, 10941, 'asfasf'),
(50956, 1, 10940, 'asfas'),
(50949, 1, 10933, 'A PHP extension stopped the file upload. PHP does not provide a way to ascertain which extension caused the file upload to stop.'),
(50948, 1, 10932, 'Failed to write file to disk'),
(50945, 1, 10929, 'The uploaded file was only partially uploaded.'),
(50946, 1, 10930, 'No file was uploaded.'),
(50947, 1, 10931, 'Missing a temporary folder.'),
(50943, 1, 10927, 'attachment'),
(50944, 1, 10928, 'The uploaded file exceeds the max upload filesize.'),
(50942, 1, 10926, 'Add video'),
(50941, 1, 10925, 'Attach photo'),
(50939, 1, 10923, 'Add'),
(50940, 1, 10924, 'Attach video'),
(50851, 1, 10835, 'Found: <b>{$count}</b> users'),
(50852, 1, 10836, 'Search by'),
(58644, 1, 15361, 'User roles'),
(58645, 1, 15362, 'Value is incorrect or greater than server limit.'),
(58646, 1, 15363, 'Selected user(s) emails are marked unverified'),
(58647, 1, 15364, 'Move topics into hidden sections'),
(58648, 1, 15365, 'Gold'),
(58649, 1, 15366, 'Silver'),
(58650, 1, 15367, 'Silver'),
(58651, 1, 15368, 'Billing gateway products binding'),
(58652, 1, 15369, 'Product'),
(58653, 1, 15370, 'Gateway product ID'),
(58654, 1, 15371, 'Block confirmation'),
(58655, 1, 15372, 'Cancel'),
(58656, 1, 15373, 'Confirm'),
(58657, 1, 15374, 'ppp'),
(58658, 1, 15375, 'base+local_page_content_page_61525903'),
(58659, 1, 15376, 'ppp'),
(58660, 1, 15377, 'base+local_page_meta_tags_page_61525903'),
(58661, 1, 15378, 'ppp'),
(58662, 1, 15379, 'base+local_page_title_page_61525903'),
(58663, 1, 15380, 'Follow this <a href="{$url}">link</a> to disable maintenance mode'),
(58664, 1, 15381, 'Mark email unverified'),
(58665, 1, 15382, 'Please confirm you do not want to receive mass mailing from this site.'),
(58666, 1, 15383, 'ppp'),
(59465, 1, 16076, 'Ignore'),
(58668, 1, 15385, 'test11'),
(58669, 1, 15386, 'test1'),
(58670, 1, 15387, 'test test test'),
(58671, 1, 15388, 'test'),
(58672, 1, 15389, 'test'),
(58673, 1, 15390, 'test1'),
(58674, 1, 15391, 'test1'),
(58675, 1, 15392, 'eee'),
(58676, 1, 15393, 'eee'),
(58677, 1, 15394, 'aaaa'),
(58678, 1, 15395, 'd'),
(58679, 1, 15396, 'ddd'),
(58680, 1, 15397, 'aaa'),
(58681, 1, 15398, 'd'),
(58682, 1, 15399, 'aaa2'),
(58683, 1, 15400, 'c'),
(58684, 1, 15401, 'a'),
(58685, 1, 15402, 'sss'),
(58686, 1, 15403, 'd'),
(58687, 1, 15404, '33'),
(58688, 1, 15405, 'd'),
(58689, 1, 15406, 's'),
(58690, 1, 15407, 'a'),
(58691, 1, 15408, '44'),
(58692, 1, 15409, 'd'),
(59464, 1, 16075, ''),
(58694, 1, 15411, 'I can help others with'),
(59463, 1, 16074, ''),
(58696, 1, 15413, '1'),
(58697, 1, 15414, 'test2'),
(58698, 1, 15415, 'test2'),
(58699, 1, 15416, 'Block'),
(58700, 1, 15417, 'Are you sure you want to block this user? <br /><br /> This will cancel and prevent all interaction with you.'),
(58701, 1, 15418, 'Sorry, this user chooses not to interact with you'),
(58702, 1, 15419, 'Profile blocked'),
(58703, 1, 15420, 'Profile unblocked'),
(58704, 1, 15421, 'Unblock'),
(58756, 1, 15473, 'Invalid plugin archive'),
(58758, 1, 15475, 'Can''t update plugin'),
(58759, 1, 15476, 'Plugin is up to date'),
(58760, 1, 15477, 'Can''t extract plugin archive files'),
(58761, 1, 15478, 'Invalid or empty update pack archive'),
(58762, 1, 15479, 'Plugin not found'),
(58763, 1, 15480, 'Reset code already sent. Please try again in 10 minutes.'),
(58764, 1, 15481, 'Selected user(s) were approved'),
(58765, 1, 15482, 'Selected user(s) were disapproved'),
(58766, 1, 15483, 'The max reasonable avatar size is {$max}px'),
(58767, 1, 15484, 'Avatar image<br /> crop size'),
(58768, 1, 15485, 'The max reasonable big avatar size is {$max}px'),
(58769, 1, 15486, 'Big avatar image<br /> crop size'),
(58770, 1, 15487, 'Oxwall can''t connect to update server. Seems you need to enable `url_fopen` in your php settings.'),
(58771, 1, 15488, 'Change Image'),
(58772, 1, 15489, 'Choose image'),
(58773, 1, 15490, 'Approve'),
(58774, 1, 15491, 'Disapprove'),
(58775, 1, 15492, 'commented on {$user}''s new avatar'),
(58776, 1, 15493, 'liked {$user}''s new avatar'),
(58777, 1, 15494, 'commented on {$user}''s joining our site'),
(58778, 1, 15495, 'liked that {$user} joined our site'),
(58779, 1, 15496, 'Avatars folder is missing or not writable.'),
(58780, 1, 15497, 'The file extention is not allowed.'),
(58784, 1, 15501, 'qqqqqqqqqqqqqqqqqqqqqqq'),
(58785, 1, 15502, '3333333333'),
(58786, 1, 15503, 'fdbfbfd'),
(58787, 1, 15504, 'bfbdf'),
(58788, 1, 15505, 'rtttttttttttttttttttttttttttttttttttttttttttttttttttttttttttttttttttttttttttttttttttttttttttttttttttttttttttttttttttttttttttttttttttttttttttttttttttttttttttttttttttttttttttttttttttttttttttt'),
(58789, 1, 15506, 'eyrtyetrwau'),
(58790, 1, 15507, 'eewiura'),
(58791, 1, 15508, 'ddd'),
(58792, 1, 15509, 'ddd'),
(58871, 1, 15588, 'You still need to setup the cron job. <a href="{$helpUrl}">Learn more</a>'),
(58796, 1, 15513, 'Range'),
(58872, 1, 15589, 'Invalid plugin key - `{$key}` provided.'),
(58798, 1, 15515, 'Quick Links'),
(58799, 1, 15516, 'Sort by'),
(58800, 1, 15517, 'Tags'),
(58801, 1, 15518, 'Account has been removed'),
(58803, 1, 15520, 'Privacy Policy'),
(59462, 1, 16073, ''),
(58805, 1, 15522, '<p class="ow_smallmargin">\r\nThank you for visiting our website. This privacy policy tells you how we use personal information collected at this website. Please read this privacy policy before using the website or submitting any personal information. By using the website, you are accepting the practices described in this privacy policy. These practices may be changed, but any changes will be posted and will only apply to activities and information on a going forward, not retroactive basis. You are encouraged to review the privacy policy whenever you visit the site to keep track of the policy changes and make sure that you understand how any personal information you provide will be used.\r\n</p>\r\n<p class="ow_stdmargin">\r\nNote: the privacy practices set forth in this privacy policy are for this website only. If you link to other websites, please review the privacy policies posted at those websites.\r\n</p>\r\n<h2 class="ow_smallmargin">Collection of Information</h2>\r\n<p class="ow_stdmargin">\r\nWe collect personally identifiable information, like names, email addresses, etc., when voluntarily submitted by our visitors. This information is only used to fulfill your specific request and to sign you up for our service mailing list, unless you give us permission to use it in other manners.\r\n</p>\r\n<h2 class="ow_smallmargin">Cookie/Tracking Technology</h2>\r\n<p class="ow_stdmargin">\r\nThis website may use cookie and tracking technology depending on the features offered. Cookie and tracking technology are useful for gathering information such as browser type and operating system, tracking the number of visitors to the website, and understanding how visitors use the website. Cookies can also help customize the website for visitors. Personal information cannot be collected via cookies and other tracking technology, however, if you previously provided personally identifiable information, cookies may be tied to such information. Aggregate cookie and tracking information may be shared with third parties.\r\n</p>\r\n<h2 class="ow_smallmargin">Distribution of Information</h2>\r\n<p class="ow_stdmargin">\r\nWe may share information with governmental agencies or other companies assisting us in fraud prevention or investigation. We may do so when: (1) permitted or required by law; or, (2) trying to protect against or prevent actual or potential fraud or unauthorized transactions; or, (3) investigating fraud which has already taken place. The information is not provided to these companies for marketing purposes.\r\n</p>\r\n<h2 class="ow_smallmargin">Commitment to Data Security</h2>\r\n<p class="ow_stdmargin">\r\nYour personally identifiable information is kept secure. Only authorized employees, agents and contractors (who have agreed to keep information secure and confidential) have access to this information. All emails and newsletters from this website allow you to opt out of further mailings.\r\n</p>\r\n<h2 class="ow_smallmargin">Privacy Contact Information</h2>\r\n<p class="ow_stdmargin">\r\nIf you have any questions, concerns, or comments about our privacy policy you may contact us using means provided on this website.\r\n</p>\r\n<p>\r\nWe reserve the right to make changes to this policy. Any changes to this policy will be posted.\r\n</p>'),
(58806, 1, 15523, 'Admin Dashboard'),
(58807, 1, 15524, 'Manage Pages'),
(58808, 1, 15525, 'Manage Plugins'),
(58809, 1, 15526, 'Edit Theme'),
(58810, 1, 15527, 'Manage Users'),
(58811, 1, 15528, 'User avatar change'),
(58812, 1, 15529, 'Language activated.'),
(58813, 1, 15530, 'Language deactivated.'),
(58814, 1, 15531, 'Language deleted.'),
(58815, 1, 15532, 'Language cloning failed'),
(58816, 1, 15533, 'Invalid ISO tag.'),
(58817, 1, 15534, 'Username is already in the restricted list'),
(58818, 1, 15535, 'Username has been removed from restricted list'),
(58819, 1, 15536, 'admin'),
(58820, 1, 15537, 'Allow profile wall posts'),
(58821, 1, 15538, 'Invisible'),
(58822, 1, 15539, 'Welcome to our community!<br /><br />\r\nBefore proceeding you need to register your profile and become our member.'),
(58823, 1, 15540, 'You can''t delete a site moderator.'),
(58824, 1, 15541, 'Invitations'),
(58825, 1, 15542, 'Sign up'),
(58826, 1, 15543, 'Delete comment'),
(58827, 1, 15544, 'Delete user'),
(58828, 1, 15545, 'No Content'),
(58829, 1, 15546, 'Deleted user'),
(58830, 1, 15547, 'You cannot flag your own content'),
(59461, 1, 16072, ''),
(59460, 1, 16071, ''),
(58833, 1, 15550, 'mmm'),
(58834, 1, 15551, 'grey'),
(59459, 1, 16070, ''),
(59458, 1, 16069, ''),
(58837, 1, 15554, 'grey'),
(58838, 1, 15555, 'grey'),
(58839, 1, 15556, 'mmm'),
(58840, 1, 15557, 'Invalid URL'),
(58841, 1, 15558, 'grey'),
(58842, 1, 15559, 'test local'),
(58843, 1, 15560, 'htru'),
(58844, 1, 15561, 'mmm'),
(58845, 1, 15562, 'General'),
(58846, 1, 15563, 'Premium'),
(58847, 1, 15564, 'Match age desc'),
(58848, 1, 15565, 'match_age'),
(58849, 1, 15566, 'Education'),
(58850, 1, 15567, 'Social software'),
(58851, 1, 15568, 'This text can''t be longer than {$max_symbols_count} symbols'),
(58852, 1, 15569, 'Account has been removed'),
(58853, 1, 15570, 'Chat Now'),
(58873, 1, 15590, 'You can''t delete an account type while it still has exclusive profile quesitons.'),
(58874, 1, 15591, 'You can''t delete default account type.'),
(58875, 1, 15592, 'Comment here...'),
(58876, 1, 15593, 'grey'),
(58877, 1, 15594, 'Moderation'),
(58878, 1, 15595, 'Private'),
(58879, 1, 15596, 'gggggggggggggggg'),
(58880, 1, 15597, 'ggggggggggg'),
(58881, 1, 15598, 'sadas'),
(58882, 1, 15599, 'asdas'),
(58883, 1, 15600, 'asdasd'),
(58884, 1, 15601, 'fffffffffff'),
(58885, 1, 15602, 'fffffffffff'),
(59457, 1, 16068, ''),
(58887, 1, 15604, 'Location'),
(58888, 1, 15605, 'Date (Age)'),
(58889, 1, 15606, 'Date (Birthdate)'),
(58890, 1, 15607, 'Single choice (radiobutton)'),
(58891, 1, 15608, 'Single choice (dropdown)'),
(58892, 1, 15609, 'Location'),
(58893, 1, 15610, 'Enter tags here...'),
(58894, 1, 15611, 'Visible for user roles'),
(58895, 1, 15612, 'Restrict view'),
(58896, 1, 15613, 'Back to theme list'),
(58897, 1, 15614, 'License Key'),
(58898, 1, 15615, 'Are you sure you want to update <i>''{$name}''</i> theme from version <b>{$oldVersion}</b> to <b>{$newVersion}</b>? The theme is commercial, to update it please enter license key and press ''Update'' button.'),
(58899, 1, 15616, 'Warning'),
(58900, 1, 15617, 'Are you sure you want to update <i>''{$name}''</i> theme from version <b>{$oldVersion}</b> to <b>{$newVersion}</b>?'),
(58901, 1, 15618, 'Theme not found'),
(58902, 1, 15619, 'Can''t update theme'),
(58903, 1, 15620, 'Theme update request'),
(58904, 1, 15621, 'Theme successfully updated'),
(58905, 1, 15622, 'Theme is up to date'),
(59456, 1, 16067, ''),
(58907, 1, 15624, 'Are you sure you want to delete this question?\r\n\r\nATTENTION: IT WILL PERMANENTLY DELETE ANSWERS FOR THIS QUESTION IN USER PROFILES.\r\n\r\nThis question also has a dependent question(s) {$questions}. IT WILL BE REMOVED WITH ALL PROFILE INFO AS WELL.'),
(59816, 1, 16386, 'Translation'),
(59817, 1, 16387, 'Add'),
(58909, 1, 15626, 'Mobile'),
(58910, 1, 15627, 'Please enter valid license key'),
(58911, 1, 15628, 'Invalid or empty update pack archive'),
(58912, 1, 15629, 'Theme update is not available at that moment'),
(58913, 1, 15630, 'Theme not found'),
(59455, 1, 16066, ''),
(59454, 1, 16065, 'Accept'),
(59453, 1, 16064, ''),
(59452, 1, 15623, ''),
(58919, 1, 15636, 'Ekip yesi'),
(58920, 1, 15637, 'ewrwe'),
(59451, 1, 16063, ''),
(59450, 1, 16062, ''),
(59449, 1, 16061, ''),
(58924, 1, 15641, 'Staff'),
(59448, 1, 16060, ''),
(59447, 1, 16059, ''),
(58927, 1, 15644, 'Desktop version'),
(59446, 1, 16058, ''),
(58929, 1, 15646, 'Main'),
(58930, 1, 15647, 'asdasdasdas\r\ndasdasdsadsa\r\ndsadasdsa'),
(58931, 1, 15648, 'tttt'),
(58932, 1, 15649, 'dsfsdfdsfdsfdsfdsfdsf'),
(58933, 1, 15650, 'test'),
(58934, 1, 15651, 'test2'),
(59445, 1, 16057, ''),
(58936, 1, 15653, 'tttt'),
(58937, 1, 15654, 'zsfsdf'),
(58938, 1, 15655, 'Test'),
(58939, 1, 15656, 'test2'),
(58940, 1, 15657, 'asdas'),
(58941, 1, 15658, 'ttttt'),
(58942, 1, 15659, 'test'),
(58943, 1, 15660, 'Test'),
(58944, 1, 15661, 'test2'),
(58945, 1, 15662, 'Mobile version'),
(58946, 1, 15663, 'test'),
(58947, 1, 15664, 'ssd'),
(58948, 1, 15665, 'greyyyyyyyyyy'),
(58949, 1, 15666, 'testtttt google'),
(58950, 1, 15667, 'greyyyy'),
(58951, 1, 15668, 'The public profile of {$username} at {$site_name}.'),
(59444, 1, 16056, ''),
(58953, 1, 15670, 'test'),
(58954, 1, 15671, 'Sport activities'),
(58955, 1, 15672, 'Football'),
(58956, 1, 15673, 'Tennis'),
(58957, 1, 15674, 'Basketball'),
(58958, 1, 15675, 'Volleyball'),
(59443, 1, 16055, ''),
(58960, 1, 15677, 'test1'),
(58961, 1, 15678, 'Hair'),
(58962, 1, 15679, 'Your hair color'),
(58963, 1, 15680, 'http://comunidadriosdeaguaviva.ning.com/profile/MarielaAlvez'),
(58964, 1, 15681, 'http://comunidadriosdeaguaviva.ning.com/xn/detail/u_005k5lkdq003j'),
(58965, 1, 15682, 'http://comunidadriosdeaguaviva.ning.com/xn/detail/u_00m1hx374y74i'),
(58966, 1, 15683, 'http://comunidadriosdeaguaviva.ning.com/xn/detail/u_010oe8waiptt8'),
(58967, 1, 15684, 'http://comunidadriosdeaguaviva.ning.com/xn/detail/u_003xmy34mtb9c'),
(58968, 1, 15685, 'http://comunidadriosdeaguaviva.ning.com/xn/detail/u_00ihn5nsdp2r9'),
(58969, 1, 15686, 'http://comunidadriosdeaguaviva.ning.com/xn/detail/u_00vwxvjmr5a9s'),
(58970, 1, 15687, 'http://comunidadriosdeaguaviva.ning.com/xn/detail/u_003ck3g1b6lm1'),
(58971, 1, 15688, 'http://comunidadriosdeaguaviva.ning.com/xn/detail/u_00cypqeqcadzf'),
(58972, 1, 15689, 'http://comunidadriosdeaguaviva.ning.com/xn/detail/u_00q0058hevpmo'),
(58973, 1, 15690, 'http://comunidadriosdeaguaviva.ning.com/xn/detail/u_000t8tei2njvi'),
(58974, 1, 15691, 'http://comunidadriosdeaguaviva.ning.com/xn/detail/u_006rngprmwtfq'),
(58975, 1, 15692, 'http://comunidadriosdeaguaviva.ning.com/xn/detail/u_00nagx77iqme6'),
(58976, 1, 15693, 'http://comunidadriosdeaguaviva.ning.com/xn/detail/u_004hziyvvm60m'),
(58977, 1, 15694, 'http://comunidadriosdeaguaviva.ning.com/xn/detail/u_00kx0gbo90gha'),
(58978, 1, 15695, 'http://comunidadriosdeaguaviva.ning.com/xn/detail/u_00w9l1hmbsny1'),
(58979, 1, 15696, 'http://comunidadriosdeaguaviva.ning.com/xn/detail/u_003i6k43iirlc'),
(58980, 1, 15697, 'http://comunidadriosdeaguaviva.ning.com/xn/detail/u_00flmxylqngl0'),
(58981, 1, 15698, 'http://comunidadriosdeaguaviva.ning.com/xn/detail/u_00rrwp3uk6mxk'),
(58982, 1, 15699, 'http://comunidadriosdeaguaviva.ning.com/xn/detail/u_000wez7y9fqlo'),
(58983, 1, 15700, 'http://comunidadriosdeaguaviva.ning.com/xn/detail/u_007t6jmeijnr4'),
(58984, 1, 15701, 'http://comunidadriosdeaguaviva.ning.com/xn/detail/u_00oe2jhlq5p5p'),
(58985, 1, 15702, 'http://comunidadriosdeaguaviva.ning.com/xn/detail/u_00555xm9c9saw'),
(58986, 1, 15703, 'http://comunidadriosdeaguaviva.ning.com/xn/detail/u_00kzr82wg6std'),
(58987, 1, 15704, 'http://comunidadriosdeaguaviva.ning.com/xn/detail/u_00z5ykql2x2or'),
(58988, 1, 15705, 'http://comunidadriosdeaguaviva.ning.com/xn/detail/u_003oylo4fgdij'),
(58989, 1, 15706, 'http://comunidadriosdeaguaviva.ning.com/xn/detail/u_00hd1g5xozff1'),
(58990, 1, 15707, 'http://comunidadriosdeaguaviva.ning.com/xn/detail/u_00ru7zbfdcjqz'),
(58991, 1, 15708, 'http://comunidadriosdeaguaviva.ning.com/xn/detail/u_00386urqrjh6a'),
(58992, 1, 15709, 'http://comunidadriosdeaguaviva.ning.com/xn/detail/u_00cghoahyrs2p'),
(58993, 1, 15710, 'http://comunidadriosdeaguaviva.ning.com/xn/detail/u_00p7h97i4d6e5'),
(59442, 1, 16054, ''),
(59441, 1, 16053, ''),
(58996, 1, 15713, 'blond'),
(58997, 1, 15714, 'brown'),
(58998, 1, 15715, 'red'),
(59440, 1, 16052, ''),
(59439, 1, 16051, ''),
(59438, 1, 16050, ''),
(59002, 1, 15719, 'Hair'),
(59003, 1, 15720, 'black'),
(59004, 1, 15721, 'white'),
(59005, 1, 15722, 'red'),
(59006, 1, 15723, 'blue'),
(59007, 1, 15724, 'zsczxc'),
(59008, 1, 15725, 'zxc'),
(59009, 1, 15726, 'zxczx'),
(59010, 1, 15727, 'zxczx'),
(59011, 1, 15728, 'zxczx'),
(59437, 1, 16049, ''),
(59436, 1, 16048, ''),
(59435, 1, 16047, ''),
(59015, 1, 15732, 'Match Sport activities'),
(59016, 1, 15733, 'Football'),
(59017, 1, 15734, 'Tennis'),
(59018, 1, 15735, 'Basketball'),
(59019, 1, 15736, 'Volleyball'),
(59020, 1, 15737, 'Your sport activities'),
(59021, 1, 15738, 'Sport Activities'),
(59022, 1, 15739, 'Football'),
(59023, 1, 15740, 'Basketball'),
(59024, 1, 15741, 'Volleyball'),
(59025, 1, 15742, 'Tennis'),
(59026, 1, 15743, 'test1'),
(59027, 1, 15744, 'test1'),
(59028, 1, 15745, 'dddd'),
(59029, 1, 15746, 'dddd'),
(59030, 1, 15747, '1'),
(59031, 1, 15748, '2'),
(59032, 1, 15749, '3'),
(59033, 1, 15750, 'Age'),
(59434, 1, 16046, ''),
(59433, 1, 16045, ''),
(59432, 1, 16044, ''),
(59037, 1, 15754, 'test'),
(59431, 1, 16043, ''),
(59039, 1, 15756, 'match hair'),
(59040, 1, 15757, 'black'),
(59041, 1, 15758, 'white'),
(59042, 1, 15759, 'red'),
(59043, 1, 15760, 'blue'),
(59044, 1, 15761, 'black'),
(59045, 1, 15762, 'white'),
(59046, 1, 15763, 'red'),
(59047, 1, 15764, 'blue'),
(59430, 1, 16042, ''),
(59049, 1, 15766, 'My match''s eee'),
(59429, 1, 16041, ''),
(59051, 1, 15768, 'Match Age'),
(59428, 1, 16040, ''),
(59053, 1, 15770, 'http://comunidadriosdeaguaviva.ning.com/xn/detail/u_1s5imcyo0dxha'),
(59054, 1, 15771, 'About my match'),
(59055, 1, 15772, 'test'),
(59056, 1, 15773, 'Users who celebrate their birthdays.'),
(59057, 1, 15774, 'The list of our participants: get to know your mates.'),
(59058, 1, 15775, 'Look who''s online now.'),
(59059, 1, 15776, 'Search for particular users in our community.'),
(59060, 1, 15777, 'About'),
(59061, 1, 15778, 'Adding...'),
(59062, 1, 15779, 'Bottom menu'),
(59063, 1, 15780, 'New Menu item'),
(59064, 1, 15781, 'Content'),
(59065, 1, 15782, 'Page Title'),
(59066, 1, 15783, 'Hidden'),
(59067, 1, 15784, 'HTML Content'),
(59068, 1, 15785, 'Menu label'),
(59069, 1, 15786, 'Title'),
(59070, 1, 15787, 'New page'),
(59071, 1, 15788, 'Settings'),
(59072, 1, 15789, 'Top menu'),
(59073, 1, 15790, 'Hidden'),
(59074, 1, 15791, 'Content'),
(59075, 1, 15792, 'Menus'),
(59076, 1, 15793, 'Dashboard'),
(59077, 1, 15794, 'Index'),
(59078, 1, 15795, 'Profile'),
(59079, 1, 15796, '{$site_name}'),
(59080, 1, 15797, '{$site_name}'),
(59081, 1, 15798, 'Sign Out'),
(59082, 1, 15799, 'View My Profile'),
(59083, 1, 15800, 'Mobile dashboard page'),
(59084, 1, 15801, 'Mobile index page'),
(59085, 1, 15802, 'Mobile profile page'),
(59427, 1, 16039, ''),
(59316, 1, 16033, 'Terms of Use'),
(59317, 1, 16034, 'Terms of Use'),
(59318, 1, 16035, 'Your terms of use here.'),
(59319, 1, 16036, 'My Dashboard'),
(59320, 1, 16037, 'This is not available on mobile yet. Try <a href="{$url}">desktop version</a>.'),
(59321, 1, 16038, 'No items'),
(59530, 1, 2238, ''),
(59531, 1, 2872, ''),
(59533, 1, 16103, 'Please Sign In'),
(59813, 1, 16383, 'Theme updates available: <b>{$count}</b>. <a href="{$link}">View</a>'),
(59814, 1, 16384, 'This page can not be opened in mobile version, please visit <a href="{$url}">desktop version</a> of this site'),
(59820, 1, 16390, 'Invalid FTP attributes! Can''t connect to provided host.'),
(59821, 1, 16391, 'Invalid FTP attributes! Empty username or password provided.'),
(59822, 1, 16392, 'Invalid FTP attributes! Empty host provided.'),
(59823, 1, 16393, 'Can''t complete operation. Function `ftp_connect` is not available.'),
(59824, 1, 16394, 'FTP login error! Failed authentication, please check provided username and password.'),
(59825, 1, 16395, 'Settings'),
(59826, 1, 16396, 'File types permitted for upload. Enter one type per line, format: xxx'),
(59827, 1, 16397, 'Allowed extensions'),
(59828, 1, 16398, 'Maximum upload file size'),
(59829, 1, 16399, 'Can''t add plugin. Duplicate plugin key error.'),
(59830, 1, 16400, '&nbsp;'),
(59831, 1, 16401, 'Disable site mobile version'),
(59832, 1, 16402, 'General Mobile Settings'),
(59833, 1, 16403, 'You can''t change values set in this question'),
(59834, 1, 16404, 'Account type has been updated'),
(59835, 1, 16405, 'Add Account Type'),
(59836, 1, 16406, 'Edit Account Type'),
(59837, 1, 16407, 'Add New Question'),
(59838, 1, 16408, 'Add Question'),
(59839, 1, 16409, 'Add Section'),
(61894, 1, 18464, 'This question is matched with <a href="{$url}" class="parent_question_link" parentId="{$parentId}">{$label}</a>'),
(59842, 1, 16412, 'Edit Account Type'),
(59843, 1, 16413, 'Edit Profile Question'),
(61891, 1, 18461, ''),
(61892, 1, 18462, 'Add new values'),
(61893, 1, 18463, 'WAIT! Are you sure you want to delete this account type?\r\n\r\nRemember: Users with this account:\r\n1) will lose profile information associated to thisaccount type;\r\n2) will not be able to use the site until they sign in, choose a different account type, and enter necessary information.'),
(59845, 1, 16415, 'Here you can change information added by users about themselves.<br>\r\nYou can change, rearrange, and add new profile questions.'),
(59846, 1, 16416, 'Save'),
(59847, 1, 16417, 'Account Types'),
(59848, 1, 16418, 'Properties'),
(59849, 1, 16419, 'You can`t delete active theme'),
(59850, 1, 16420, 'You can''t delete default theme'),
(59851, 1, 16421, 'Delete'),
(59852, 1, 16422, 'Are you sure you want to delete `#theme#` theme?'),
(59853, 1, 16423, 'Theme deleted'),
(59854, 1, 16424, 'File attachments'),
(59855, 1, 16425, 'Settings'),
(59856, 1, 16426, ''),
(59857, 1, 16427, 'Please {$alternatives} to {$action}.'),
(59858, 1, 16428, 'Limited permissions'),
(59859, 1, 16429, ''),
(59860, 1, 16430, ''),
(59861, 1, 16431, ''),
(59862, 1, 16432, ''),
(59863, 1, 16433, ''),
(59864, 1, 16434, ''),
(59865, 1, 16435, ''),
(59866, 1, 16436, ''),
(59867, 1, 16437, ''),
(59868, 1, 16438, ''),
(59869, 1, 16439, ''),
(59870, 1, 16440, ''),
(59871, 1, 16441, ''),
(59872, 1, 16442, ''),
(59873, 1, 16443, ''),
(59874, 1, 16444, ''),
(59875, 1, 16445, ''),
(59876, 1, 16446, ''),
(59877, 1, 16447, ''),
(59878, 1, 16448, ''),
(59879, 1, 16449, ''),
(59880, 1, 16450, ''),
(59881, 1, 16451, ''),
(59882, 1, 16452, ''),
(59883, 1, 16453, ''),
(59884, 1, 16454, ''),
(59885, 1, 16455, ''),
(59886, 1, 16456, ''),
(59887, 1, 16457, ''),
(59888, 1, 16458, ''),
(59889, 1, 16459, ''),
(59890, 1, 16460, ''),
(59891, 1, 16461, ''),
(59892, 1, 16462, ''),
(59893, 1, 16463, ''),
(59894, 1, 16464, ''),
(59895, 1, 16465, ''),
(59896, 1, 16466, ''),
(59897, 1, 16467, ''),
(59898, 1, 16468, ''),
(59899, 1, 16469, ''),
(59900, 1, 16470, ''),
(59901, 1, 16471, ''),
(59902, 1, 16472, ''),
(59903, 1, 16473, ''),
(59904, 1, 16474, ''),
(61895, 1, 18465, 'Possible values'),
(59906, 1, 16476, 'Add New'),
(59907, 1, 16477, 'Limited permissions'),
(59908, 1, 16478, 'Send'),
(59909, 1, 16479, 'more comments'),
(59910, 1, 16480, 'Complete profile'),
(59911, 1, 16481, 'You need to enter required values.'),
(59912, 1, 16482, 'Complete your profile'),
(59913, 1, 16483, 'Complite profile'),
(59914, 1, 16484, 'Continue'),
(59915, 1, 16485, 'Empty comment'),
(59916, 1, 16486, 'liked their new avatar'),
(59917, 1, 16487, 'commented on their new avatar'),
(59918, 1, 16488, ''),
(59919, 1, 16489, ''),
(59920, 1, 16490, ''),
(59921, 1, 16491, ''),
(59922, 1, 16492, ''),
(59923, 1, 16493, ''),
(59924, 1, 16494, ''),
(59925, 1, 16495, ''),
(59926, 1, 16496, ''),
(59927, 1, 16497, ''),
(59928, 1, 16498, ''),
(59929, 1, 16499, ''),
(59930, 1, 16500, ''),
(59931, 1, 16501, ''),
(59932, 1, 16502, ''),
(59933, 1, 16503, ''),
(59934, 1, 16504, ''),
(59935, 1, 16505, ''),
(59936, 1, 16506, ''),
(59937, 1, 16507, ''),
(59938, 1, 16508, ''),
(59939, 1, 16509, ''),
(59940, 1, 16510, ''),
(59941, 1, 16511, ''),
(59942, 1, 16512, ''),
(59943, 1, 16513, ''),
(59944, 1, 16514, ''),
(59945, 1, 16515, ''),
(59946, 1, 16516, ''),
(59947, 1, 16517, ''),
(59948, 1, 16518, ''),
(59949, 1, 16519, ''),
(59950, 1, 16520, ''),
(59951, 1, 16521, ''),
(59952, 1, 16522, ''),
(59953, 1, 16523, ''),
(59954, 1, 16524, ''),
(59955, 1, 16525, ''),
(59956, 1, 16526, ''),
(59957, 1, 16527, ''),
(59958, 1, 16528, ''),
(59959, 1, 16529, ''),
(59960, 1, 16530, ''),
(59961, 1, 16531, ''),
(59962, 1, 16532, ''),
(59963, 1, 16533, ''),
(59964, 1, 16534, ''),
(59965, 1, 16535, ''),
(59966, 1, 16536, ''),
(59967, 1, 16537, ''),
(59968, 1, 16538, ''),
(59969, 1, 16539, ''),
(59970, 1, 16540, ''),
(59971, 1, 16541, ''),
(59972, 1, 16542, ''),
(59973, 1, 16543, ''),
(59974, 1, 16544, ''),
(59975, 1, 16545, ''),
(59976, 1, 16546, ''),
(59977, 1, 16547, ''),
(59978, 1, 16548, ''),
(59979, 1, 16549, ''),
(59980, 1, 16550, ''),
(59981, 1, 16551, ''),
(59982, 1, 16552, ''),
(59983, 1, 16553, ''),
(59984, 1, 16554, ''),
(59985, 1, 16555, ''),
(59986, 1, 16556, ''),
(59987, 1, 16557, ''),
(59988, 1, 16558, ''),
(59989, 1, 16559, ''),
(59990, 1, 16560, ''),
(59991, 1, 16561, ''),
(59992, 1, 16562, ''),
(59993, 1, 16563, ''),
(59994, 1, 16564, ''),
(59995, 1, 16565, ''),
(59996, 1, 16566, ''),
(59997, 1, 16567, ''),
(59998, 1, 16568, ''),
(59999, 1, 16569, ''),
(60000, 1, 16570, ''),
(60001, 1, 16571, ''),
(60002, 1, 16572, ''),
(60003, 1, 16573, ''),
(60004, 1, 16574, ''),
(60005, 1, 16575, ''),
(60006, 1, 16576, ''),
(60007, 1, 16577, ''),
(60008, 1, 16578, ''),
(60009, 1, 16579, ''),
(60010, 1, 16580, ''),
(60011, 1, 16581, ''),
(60012, 1, 16582, ''),
(60013, 1, 16583, ''),
(60014, 1, 16584, ''),
(60015, 1, 16585, ''),
(60016, 1, 16586, ''),
(60017, 1, 16587, ''),
(60018, 1, 16588, ''),
(60019, 1, 16589, ''),
(60020, 1, 16590, ''),
(60021, 1, 16591, ''),
(60022, 1, 16592, ''),
(60023, 1, 16593, ''),
(60024, 1, 16594, 'No items'),
(60025, 1, 16595, 'or'),
(60026, 1, 16596, ''),
(60027, 1, 16597, ''),
(60028, 1, 16598, ''),
(60029, 1, 16599, ''),
(60030, 1, 16600, ''),
(60031, 1, 16601, ''),
(60032, 1, 16602, ''),
(60033, 1, 16603, ''),
(60034, 1, 16604, ''),
(60035, 1, 16605, ''),
(60036, 1, 16606, ''),
(60037, 1, 16607, ''),
(60038, 1, 16608, ''),
(60039, 1, 16609, ''),
(60040, 1, 16610, ''),
(60041, 1, 16611, ''),
(60042, 1, 16612, ''),
(60043, 1, 16613, ''),
(60044, 1, 16614, ''),
(60045, 1, 16615, ''),
(60046, 1, 16616, ''),
(60047, 1, 16617, ''),
(60048, 1, 16618, ''),
(60049, 1, 16619, ''),
(60050, 1, 16620, ''),
(60051, 1, 16621, ''),
(60052, 1, 16622, ''),
(60053, 1, 16623, ''),
(60054, 1, 16624, ''),
(60055, 1, 16625, ''),
(60056, 1, 16626, ''),
(60057, 1, 16627, ''),
(60058, 1, 16628, ''),
(60059, 1, 16629, ''),
(60060, 1, 16630, ''),
(60061, 1, 16631, ''),
(60062, 1, 16632, ''),
(60063, 1, 16633, ''),
(60064, 1, 16634, ''),
(60065, 1, 16635, ''),
(60066, 1, 16636, ''),
(60067, 1, 16637, ''),
(60068, 1, 16638, ''),
(60069, 1, 16639, ''),
(60070, 1, 16640, ''),
(60071, 1, 16641, ''),
(60072, 1, 16642, ''),
(60073, 1, 16643, ''),
(60074, 1, 16644, ''),
(60075, 1, 16645, ''),
(60076, 1, 16646, ''),
(60077, 1, 16647, ''),
(60078, 1, 16648, ''),
(60079, 1, 16649, ''),
(60080, 1, 16650, ''),
(60081, 1, 16651, ''),
(60082, 1, 16652, ''),
(60083, 1, 16653, ''),
(60084, 1, 16654, ''),
(60085, 1, 16655, ''),
(60086, 1, 16656, ''),
(60087, 1, 16657, ''),
(60088, 1, 16658, ''),
(60089, 1, 16659, ''),
(60090, 1, 16660, ''),
(60091, 1, 16661, ''),
(60092, 1, 16662, ''),
(60093, 1, 16663, ''),
(60094, 1, 16664, ''),
(60095, 1, 16665, ''),
(60096, 1, 16666, ''),
(60097, 1, 16667, ''),
(60098, 1, 16668, ''),
(60099, 1, 16669, ''),
(60100, 1, 16670, ''),
(60101, 1, 16671, ''),
(60102, 1, 16672, 'asdasd'),
(60103, 1, 16673, ''),
(60104, 1, 16674, ''),
(60105, 1, 16675, ''),
(60106, 1, 16676, ''),
(60107, 1, 16677, 'Add New'),
(60109, 1, 16679, 'Edit Question Description'),
(60110, 1, 16680, 'Edit Question Label'),
(60111, 1, 16681, 'Edit Question Value'),
(60112, 1, 16682, ''),
(60113, 1, 16683, ''),
(60114, 1, 16684, ''),
(60115, 1, 16685, ''),
(60116, 1, 16686, ''),
(60117, 1, 16687, ''),
(60118, 1, 16688, ''),
(60119, 1, 16689, ''),
(60120, 1, 16690, ''),
(60121, 1, 16691, ''),
(60122, 1, 16692, ''),
(60123, 1, 16693, ''),
(60124, 1, 16694, ''),
(60125, 1, 16695, ''),
(60126, 1, 16696, ''),
(60127, 1, 16697, ''),
(60128, 1, 16698, ''),
(60129, 1, 16699, ''),
(60130, 1, 16700, ''),
(60131, 1, 16701, ''),
(60132, 1, 16702, ''),
(60133, 1, 16703, ''),
(60134, 1, 16704, ''),
(60135, 1, 16705, ''),
(60136, 1, 16706, ''),
(60137, 1, 16707, ''),
(60138, 1, 16708, ''),
(60139, 1, 16709, ''),
(60140, 1, 16710, ''),
(60141, 1, 16711, ''),
(60142, 1, 16712, ''),
(60143, 1, 16713, ''),
(60144, 1, 16714, ''),
(60145, 1, 16715, ''),
(60146, 1, 16716, ''),
(60147, 1, 16717, ''),
(60148, 1, 16718, ''),
(60149, 1, 16719, ''),
(60150, 1, 16720, ''),
(60151, 1, 16721, ''),
(60152, 1, 16722, ''),
(60153, 1, 16723, ''),
(60154, 1, 16724, ''),
(60155, 1, 16725, ''),
(60156, 1, 16726, ''),
(60157, 1, 16727, ''),
(60158, 1, 16728, ''),
(60159, 1, 16729, ''),
(60160, 1, 16730, ''),
(60161, 1, 16731, ''),
(60162, 1, 16732, ''),
(60163, 1, 16733, ''),
(60164, 1, 16734, ''),
(60165, 1, 16735, ''),
(60166, 1, 16736, ''),
(60167, 1, 16737, ''),
(60168, 1, 16738, ''),
(60169, 1, 16739, ''),
(60170, 1, 16740, ''),
(60171, 1, 16741, ''),
(60172, 1, 16742, ''),
(60173, 1, 16743, ''),
(60174, 1, 16744, ''),
(60175, 1, 16745, ''),
(60176, 1, 16746, ''),
(60177, 1, 16747, ''),
(60178, 1, 16748, ''),
(60179, 1, 16749, ''),
(60180, 1, 16750, ''),
(60181, 1, 16751, ''),
(60182, 1, 16752, ''),
(60183, 1, 16753, ''),
(60184, 1, 16754, ''),
(60185, 1, 16755, ''),
(60186, 1, 16756, ''),
(60187, 1, 16757, ''),
(60188, 1, 16758, ''),
(60189, 1, 16759, ''),
(60190, 1, 16760, ''),
(60191, 1, 16761, ''),
(60192, 1, 16762, ''),
(60193, 1, 16763, ''),
(60194, 1, 16764, ''),
(60195, 1, 16765, ''),
(60196, 1, 16766, ''),
(60197, 1, 16767, ''),
(60198, 1, 16768, ''),
(60199, 1, 16769, ''),
(60200, 1, 16770, ''),
(60201, 1, 16771, ''),
(60202, 1, 16772, ''),
(60203, 1, 16773, ''),
(60204, 1, 16774, ''),
(60205, 1, 16775, ''),
(60206, 1, 16776, ''),
(60207, 1, 16777, ''),
(60208, 1, 16778, ''),
(60209, 1, 16779, ''),
(60210, 1, 16780, ''),
(60211, 1, 16781, ''),
(60212, 1, 16782, ''),
(60213, 1, 16783, ''),
(60214, 1, 16784, ''),
(60215, 1, 16785, ''),
(60216, 1, 16786, ''),
(60217, 1, 16787, ''),
(60218, 1, 16788, ''),
(60219, 1, 16789, ''),
(60220, 1, 16790, ''),
(60221, 1, 16791, ''),
(60222, 1, 16792, ''),
(60223, 1, 16793, ''),
(60224, 1, 16794, ''),
(60225, 1, 16795, ''),
(60226, 1, 16796, ''),
(60227, 1, 16797, ''),
(60228, 1, 16798, ''),
(60229, 1, 16799, ''),
(60230, 1, 16800, ''),
(60231, 1, 16801, ''),
(60232, 1, 16802, ''),
(60233, 1, 16803, ''),
(60234, 1, 16804, ''),
(60235, 1, 16805, ''),
(60236, 1, 16806, ''),
(60237, 1, 16807, ''),
(60238, 1, 16808, ''),
(60239, 1, 16809, ''),
(60240, 1, 16810, ''),
(60241, 1, 16811, ''),
(60242, 1, 16812, ''),
(60243, 1, 16813, ''),
(60244, 1, 16814, ''),
(60245, 1, 16815, ''),
(60246, 1, 16816, ''),
(60247, 1, 16817, ''),
(60248, 1, 16818, ''),
(60249, 1, 16819, ''),
(60250, 1, 16820, ''),
(60251, 1, 16821, ''),
(60252, 1, 16822, ''),
(60253, 1, 16823, ''),
(60254, 1, 16824, ''),
(60255, 1, 16825, ''),
(60256, 1, 16826, ''),
(60257, 1, 16827, ''),
(60258, 1, 16828, 'aaa'),
(60259, 1, 16829, 'bbb'),
(60260, 1, 16830, '111'),
(60261, 1, 16831, 'nnn'),
(60262, 1, 16832, ''),
(60263, 1, 16833, ''),
(60264, 1, 16834, ''),
(60265, 1, 16835, ''),
(60266, 1, 16836, ''),
(60267, 1, 16837, ''),
(60268, 1, 16838, ''),
(60269, 1, 16839, ''),
(60270, 1, 16840, ''),
(60271, 1, 16841, ''),
(60272, 1, 16842, ''),
(60273, 1, 16843, ''),
(60274, 1, 16844, ''),
(60275, 1, 16845, ''),
(60276, 1, 16846, ''),
(60277, 1, 16847, ''),
(60278, 1, 16848, ''),
(60279, 1, 16849, ''),
(60280, 1, 16850, ''),
(60281, 1, 16851, ''),
(60282, 1, 16852, ''),
(60283, 1, 16853, ''),
(60284, 1, 16854, ''),
(60285, 1, 16855, ''),
(60286, 1, 16856, ''),
(60287, 1, 16857, ''),
(60288, 1, 16858, ''),
(60289, 1, 16859, ''),
(60290, 1, 16860, ''),
(60291, 1, 16861, ''),
(60292, 1, 16862, ''),
(60293, 1, 16863, ''),
(60294, 1, 16864, ''),
(60295, 1, 16865, ''),
(60296, 1, 16866, ''),
(60297, 1, 16867, ''),
(60298, 1, 16868, ''),
(60299, 1, 16869, ''),
(60300, 1, 16870, ''),
(60301, 1, 16871, ''),
(60302, 1, 16872, ''),
(60303, 1, 16873, ''),
(60304, 1, 16874, ''),
(60305, 1, 16875, ''),
(60306, 1, 16876, ''),
(60307, 1, 16877, ''),
(60308, 1, 16878, ''),
(60309, 1, 16879, ''),
(60310, 1, 16880, ''),
(60311, 1, 16881, ''),
(60312, 1, 16882, ''),
(60313, 1, 16883, ''),
(60314, 1, 16884, ''),
(60315, 1, 16885, ''),
(60316, 1, 16886, ''),
(60317, 1, 16887, ''),
(60318, 1, 16888, ''),
(60319, 1, 16889, ''),
(60320, 1, 16890, ''),
(60321, 1, 16891, ''),
(60322, 1, 16892, ''),
(60323, 1, 16893, ''),
(60324, 1, 16894, ''),
(60325, 1, 16895, ''),
(60326, 1, 16896, ''),
(60327, 1, 16897, ''),
(60328, 1, 16898, ''),
(60329, 1, 16899, ''),
(60330, 1, 16900, ''),
(60331, 1, 16901, ''),
(60332, 1, 16902, ''),
(60333, 1, 16903, ''),
(60334, 1, 16904, ''),
(60335, 1, 16905, ''),
(60336, 1, 16906, ''),
(60337, 1, 16907, ''),
(60338, 1, 16908, ''),
(60339, 1, 16909, ''),
(60340, 1, 16910, ''),
(60341, 1, 16911, ''),
(60342, 1, 16912, ''),
(60343, 1, 16913, ''),
(60344, 1, 16914, ''),
(60345, 1, 16915, ''),
(60346, 1, 16916, ''),
(60347, 1, 16917, ''),
(60348, 1, 16918, ''),
(60349, 1, 16919, ''),
(60350, 1, 16920, ''),
(60351, 1, 16921, ''),
(60352, 1, 16922, ''),
(60353, 1, 16923, ''),
(60354, 1, 16924, ''),
(60355, 1, 16925, ''),
(60356, 1, 16926, ''),
(60357, 1, 16927, ''),
(60358, 1, 16928, ''),
(60359, 1, 16929, ''),
(60360, 1, 16930, ''),
(60361, 1, 16931, ''),
(60362, 1, 16932, ''),
(60363, 1, 16933, ''),
(60364, 1, 16934, ''),
(60365, 1, 16935, ''),
(60366, 1, 16936, ''),
(60367, 1, 16937, ''),
(60368, 1, 16938, ''),
(60369, 1, 16939, ''),
(60370, 1, 16940, ''),
(60371, 1, 16941, ''),
(60372, 1, 16942, ''),
(60373, 1, 16943, ''),
(60374, 1, 16944, ''),
(60375, 1, 16945, ''),
(60376, 1, 16946, ''),
(60377, 1, 16947, ''),
(60378, 1, 16948, ''),
(60379, 1, 16949, ''),
(60380, 1, 16950, ''),
(60381, 1, 16951, ''),
(60382, 1, 16952, ''),
(60383, 1, 16953, ''),
(60384, 1, 16954, ''),
(60385, 1, 16955, ''),
(60386, 1, 16956, ''),
(60387, 1, 16957, ''),
(60388, 1, 16958, ''),
(60389, 1, 16959, ''),
(60390, 1, 16960, ''),
(60391, 1, 16961, ''),
(60392, 1, 16962, ''),
(60393, 1, 16963, ''),
(60394, 1, 16964, ''),
(60395, 1, 16965, ''),
(60396, 1, 16966, ''),
(60397, 1, 16967, ''),
(60398, 1, 16968, ''),
(60399, 1, 16969, ''),
(60400, 1, 16970, ''),
(60401, 1, 16971, ''),
(60402, 1, 16972, ''),
(60403, 1, 16973, ''),
(60404, 1, 16974, ''),
(60405, 1, 16975, ''),
(60406, 1, 16976, ''),
(60407, 1, 16977, ''),
(60408, 1, 16978, ''),
(60409, 1, 16979, ''),
(60410, 1, 16980, ''),
(60411, 1, 16981, ''),
(60412, 1, 16982, ''),
(60413, 1, 16983, ''),
(60414, 1, 16984, ''),
(60415, 1, 16985, ''),
(60416, 1, 16986, ''),
(60417, 1, 16987, ''),
(60418, 1, 16988, ''),
(60419, 1, 16989, ''),
(60420, 1, 16990, ''),
(60421, 1, 16991, ''),
(60422, 1, 16992, ''),
(60423, 1, 16993, ''),
(60424, 1, 16994, '1'),
(60425, 1, 16995, '8'),
(60426, 1, 16996, '5'),
(60427, 1, 16997, '2'),
(60428, 1, 16998, '6'),
(60429, 1, 16999, '3'),
(60430, 1, 17000, '7'),
(60431, 1, 17001, '4'),
(60432, 1, 17002, ''),
(60433, 1, 17003, ''),
(60434, 1, 17004, ''),
(60435, 1, 17005, ''),
(60436, 1, 17006, ''),
(60437, 1, 17007, ''),
(60438, 1, 17008, ''),
(60439, 1, 17009, ''),
(60440, 1, 17010, ''),
(60441, 1, 17011, ''),
(60442, 1, 17012, ''),
(60443, 1, 17013, ''),
(60444, 1, 17014, ''),
(60445, 1, 17015, ''),
(60446, 1, 17016, ''),
(60447, 1, 17017, ''),
(60448, 1, 17018, ''),
(60449, 1, 17019, ''),
(60450, 1, 17020, ''),
(60451, 1, 17021, ''),
(60452, 1, 17022, ''),
(60453, 1, 17023, ''),
(60454, 1, 17024, ''),
(60455, 1, 17025, ''),
(60456, 1, 17026, ''),
(60457, 1, 17027, ''),
(60458, 1, 17028, ''),
(60459, 1, 17029, ''),
(60460, 1, 17030, ''),
(60461, 1, 17031, ''),
(60462, 1, 17032, ''),
(60463, 1, 17033, ''),
(60464, 1, 17034, ''),
(60465, 1, 17035, ''),
(60466, 1, 17036, ''),
(60467, 1, 17037, ''),
(60468, 1, 17038, ''),
(60469, 1, 17039, ''),
(60470, 1, 17040, ''),
(60471, 1, 17041, ''),
(60472, 1, 17042, ''),
(60473, 1, 17043, ''),
(60474, 1, 17044, ''),
(60475, 1, 17045, ''),
(60476, 1, 17046, ''),
(60477, 1, 17047, ''),
(60478, 1, 17048, ''),
(60479, 1, 17049, ''),
(60480, 1, 17050, ''),
(60481, 1, 17051, ''),
(60482, 1, 17052, ''),
(60483, 1, 17053, ''),
(60484, 1, 17054, ''),
(60485, 1, 17055, '');
INSERT INTO `ow_base_language_value` (`id`, `languageId`, `keyId`, `value`) VALUES
(60486, 1, 17056, ''),
(60487, 1, 17057, ''),
(60488, 1, 17058, ''),
(60489, 1, 17059, ''),
(60490, 1, 17060, ''),
(60491, 1, 17061, ''),
(60492, 1, 17062, ''),
(60493, 1, 17063, ''),
(60494, 1, 17064, ''),
(60495, 1, 17065, ''),
(60496, 1, 17066, ''),
(60497, 1, 17067, ''),
(60498, 1, 17068, ''),
(60499, 1, 17069, ''),
(60500, 1, 17070, ''),
(60501, 1, 17071, '0'),
(60502, 1, 17072, '2'),
(60503, 1, 17073, '3'),
(60504, 1, 17074, '4'),
(60505, 1, 17075, ''),
(60506, 1, 17076, ''),
(60507, 1, 17077, ''),
(60508, 1, 17078, ''),
(60509, 1, 17079, ''),
(60510, 1, 17080, ''),
(60511, 1, 17081, ''),
(60512, 1, 17082, ''),
(60513, 1, 17083, ''),
(60514, 1, 17084, ''),
(60515, 1, 17085, ''),
(60516, 1, 17086, ''),
(60517, 1, 17087, ''),
(60518, 1, 17088, ''),
(60519, 1, 17089, ''),
(60520, 1, 17090, ''),
(60521, 1, 17091, ''),
(60522, 1, 17092, ''),
(60523, 1, 17093, ''),
(60524, 1, 17094, ''),
(60525, 1, 17095, ''),
(60526, 1, 17096, ''),
(60527, 1, 17097, ''),
(60528, 1, 17098, ''),
(60529, 1, 17099, ''),
(60530, 1, 17100, ''),
(60531, 1, 17101, ''),
(60532, 1, 17102, ''),
(60533, 1, 17103, ''),
(60534, 1, 17104, ''),
(60535, 1, 17105, ''),
(60536, 1, 17106, ''),
(60537, 1, 17107, ''),
(60538, 1, 17108, ''),
(60539, 1, 17109, ''),
(60540, 1, 17110, ''),
(60541, 1, 17111, ''),
(60542, 1, 17112, ''),
(60543, 1, 17113, ''),
(60544, 1, 17114, ''),
(60545, 1, 17115, ''),
(60546, 1, 17116, ''),
(60547, 1, 17117, ''),
(60548, 1, 17118, ''),
(60549, 1, 17119, ''),
(60550, 1, 17120, ''),
(60551, 1, 17121, ''),
(60552, 1, 17122, ''),
(60553, 1, 17123, ''),
(60554, 1, 17124, ''),
(60555, 1, 17125, ''),
(60556, 1, 17126, ''),
(60557, 1, 17127, ''),
(60558, 1, 17128, ''),
(60559, 1, 17129, ''),
(60560, 1, 17130, ''),
(60561, 1, 17131, ''),
(60562, 1, 17132, ''),
(60563, 1, 17133, ''),
(60564, 1, 17134, ''),
(60565, 1, 17135, ''),
(60566, 1, 17136, ''),
(60567, 1, 17137, ''),
(60568, 1, 17138, ''),
(60569, 1, 17139, ''),
(60570, 1, 17140, ''),
(60571, 1, 17141, ''),
(60572, 1, 17142, ''),
(60573, 1, 17143, ''),
(60574, 1, 17144, ''),
(60575, 1, 17145, ''),
(60576, 1, 17146, ''),
(60577, 1, 17147, ''),
(60578, 1, 17148, ''),
(60579, 1, 17149, ''),
(60580, 1, 17150, ''),
(60581, 1, 17151, 'aaa'),
(60582, 1, 17152, 'eee'),
(60583, 1, 17153, 'vvv'),
(60584, 1, 17154, 'ddd'),
(60585, 1, 17155, 'ggg'),
(60586, 1, 17156, ''),
(60587, 1, 17157, ''),
(60588, 1, 17158, ''),
(60589, 1, 17159, ''),
(60590, 1, 17160, ''),
(60591, 1, 17161, ''),
(60592, 1, 17162, ''),
(60593, 1, 17163, ''),
(60594, 1, 17164, ''),
(60595, 1, 17165, ''),
(60596, 1, 17166, ''),
(60597, 1, 17167, ''),
(60598, 1, 17168, ''),
(60599, 1, 17169, ''),
(60600, 1, 17170, ''),
(60601, 1, 17171, ''),
(60602, 1, 17172, ''),
(60603, 1, 17173, ''),
(60604, 1, 17174, ''),
(60605, 1, 17175, ''),
(60606, 1, 17176, ''),
(60607, 1, 17177, ''),
(60608, 1, 17178, ''),
(60609, 1, 17179, ''),
(60610, 1, 17180, ''),
(60611, 1, 17181, ''),
(60612, 1, 17182, ''),
(60613, 1, 17183, ''),
(60614, 1, 17184, ''),
(60615, 1, 17185, ''),
(60616, 1, 17186, ''),
(60617, 1, 17187, ''),
(60618, 1, 17188, ''),
(60619, 1, 17189, ''),
(60620, 1, 17190, ''),
(60621, 1, 17191, ''),
(60622, 1, 17192, ''),
(60623, 1, 17193, ''),
(60624, 1, 17194, ''),
(60625, 1, 17195, ''),
(60626, 1, 17196, ''),
(60627, 1, 17197, ''),
(60628, 1, 17198, ''),
(60629, 1, 17199, ''),
(60630, 1, 17200, ''),
(60631, 1, 17201, ''),
(60632, 1, 17202, ''),
(60633, 1, 17203, ''),
(60634, 1, 17204, ''),
(60635, 1, 17205, ''),
(60636, 1, 17206, ''),
(60637, 1, 17207, ''),
(60638, 1, 17208, ''),
(60639, 1, 17209, ''),
(60640, 1, 17210, ''),
(60641, 1, 17211, ''),
(60642, 1, 17212, ''),
(60643, 1, 17213, ''),
(60644, 1, 17214, ''),
(60645, 1, 17215, ''),
(60646, 1, 17216, ''),
(60647, 1, 17217, ''),
(60648, 1, 17218, ''),
(60649, 1, 17219, ''),
(60650, 1, 17220, ''),
(60651, 1, 17221, ''),
(60652, 1, 17222, ''),
(60653, 1, 17223, ''),
(60654, 1, 17224, ''),
(60655, 1, 17225, ''),
(60656, 1, 17226, ''),
(60657, 1, 17227, ''),
(60658, 1, 17228, ''),
(60659, 1, 17229, ''),
(60660, 1, 17230, ''),
(60661, 1, 17231, ''),
(60662, 1, 17232, ''),
(60663, 1, 17233, ''),
(60664, 1, 17234, ''),
(60665, 1, 17235, ''),
(60666, 1, 17236, ''),
(60667, 1, 17237, ''),
(60668, 1, 17238, ''),
(60669, 1, 17239, ''),
(60670, 1, 17240, ''),
(60671, 1, 17241, ''),
(60672, 1, 17242, ''),
(60673, 1, 17243, ''),
(60674, 1, 17244, ''),
(60675, 1, 17245, ''),
(60676, 1, 17246, ''),
(60677, 1, 17247, ''),
(60678, 1, 17248, ''),
(60679, 1, 17249, ''),
(60680, 1, 17250, ''),
(60681, 1, 17251, ''),
(60682, 1, 17252, ''),
(60683, 1, 17253, ''),
(60684, 1, 17254, ''),
(60685, 1, 17255, ''),
(60686, 1, 17256, ''),
(60687, 1, 17257, ''),
(60688, 1, 17258, ''),
(60689, 1, 17259, ''),
(60690, 1, 17260, ''),
(60691, 1, 17261, ''),
(60692, 1, 17262, ''),
(60693, 1, 17263, ''),
(60694, 1, 17264, ''),
(60695, 1, 17265, ''),
(60696, 1, 17266, ''),
(60697, 1, 17267, ''),
(60698, 1, 17268, ''),
(60699, 1, 17269, ''),
(60700, 1, 17270, ''),
(60701, 1, 17271, ''),
(60702, 1, 17272, ''),
(60703, 1, 17273, ''),
(60704, 1, 17274, ''),
(60705, 1, 17275, ''),
(60706, 1, 17276, ''),
(60707, 1, 17277, ''),
(60708, 1, 17278, ''),
(60709, 1, 17279, ''),
(60710, 1, 17280, ''),
(60711, 1, 17281, ''),
(60712, 1, 17282, ''),
(60713, 1, 17283, ''),
(60714, 1, 17284, ''),
(60715, 1, 17285, ''),
(60716, 1, 17286, ''),
(60717, 1, 17287, ''),
(60718, 1, 17288, ''),
(60719, 1, 17289, ''),
(60720, 1, 17290, ''),
(60721, 1, 17291, ''),
(60722, 1, 17292, ''),
(60723, 1, 17293, ''),
(60724, 1, 17294, ''),
(60725, 1, 17295, ''),
(60726, 1, 17296, ''),
(60727, 1, 17297, ''),
(60728, 1, 17298, ''),
(60729, 1, 17299, ''),
(60730, 1, 17300, ''),
(60731, 1, 17301, ''),
(60732, 1, 17302, ''),
(60733, 1, 17303, ''),
(60734, 1, 17304, ''),
(60735, 1, 17305, ''),
(60736, 1, 17306, ''),
(60737, 1, 17307, ''),
(60738, 1, 17308, ''),
(60739, 1, 17309, ''),
(60740, 1, 17310, ''),
(60741, 1, 17311, ''),
(60742, 1, 17312, ''),
(60743, 1, 17313, ''),
(60744, 1, 17314, ''),
(60745, 1, 17315, ''),
(60746, 1, 17316, ''),
(60747, 1, 17317, ''),
(60748, 1, 17318, ''),
(60749, 1, 17319, ''),
(60750, 1, 17320, ''),
(60751, 1, 17321, ''),
(60752, 1, 17322, ''),
(60753, 1, 17323, ''),
(60754, 1, 17324, ''),
(60755, 1, 17325, ''),
(60756, 1, 17326, ''),
(60757, 1, 17327, ''),
(60758, 1, 17328, ''),
(60759, 1, 17329, ''),
(60760, 1, 17330, ''),
(60761, 1, 17331, ''),
(60762, 1, 17332, ''),
(60763, 1, 17333, ''),
(60764, 1, 17334, ''),
(60765, 1, 17335, ''),
(60766, 1, 17336, ''),
(60767, 1, 17337, ''),
(60768, 1, 17338, ''),
(60769, 1, 17339, ''),
(60770, 1, 17340, ''),
(60771, 1, 17341, ''),
(60772, 1, 17342, ''),
(60773, 1, 17343, ''),
(60774, 1, 17344, ''),
(60775, 1, 17345, ''),
(60776, 1, 17346, ''),
(60777, 1, 17347, ''),
(60778, 1, 17348, ''),
(60779, 1, 17349, ''),
(60780, 1, 17350, ''),
(60781, 1, 17351, ''),
(60782, 1, 17352, ''),
(60783, 1, 17353, ''),
(60784, 1, 17354, ''),
(60785, 1, 17355, ''),
(60786, 1, 17356, ''),
(60787, 1, 17357, ''),
(60788, 1, 17358, ''),
(60789, 1, 17359, ''),
(60790, 1, 17360, ''),
(60791, 1, 17361, ''),
(60792, 1, 17362, ''),
(60793, 1, 17363, ''),
(60794, 1, 17364, ''),
(60795, 1, 17365, ''),
(60796, 1, 17366, ''),
(60797, 1, 17367, ''),
(60798, 1, 17368, ''),
(60799, 1, 17369, ''),
(60800, 1, 17370, ''),
(60801, 1, 17371, ''),
(60802, 1, 17372, ''),
(60803, 1, 17373, ''),
(60804, 1, 17374, ''),
(60805, 1, 17375, ''),
(60806, 1, 17376, ''),
(60807, 1, 17377, ''),
(60808, 1, 17378, ''),
(60809, 1, 17379, ''),
(60810, 1, 17380, ''),
(60811, 1, 17381, ''),
(60812, 1, 17382, ''),
(60813, 1, 17383, ''),
(60814, 1, 17384, ''),
(60815, 1, 17385, ''),
(60816, 1, 17386, ''),
(60817, 1, 17387, ''),
(60818, 1, 17388, ''),
(60819, 1, 17389, ''),
(60820, 1, 17390, ''),
(60821, 1, 17391, ''),
(60822, 1, 17392, ''),
(60823, 1, 17393, ''),
(60824, 1, 17394, ''),
(60825, 1, 17395, ''),
(60826, 1, 17396, ''),
(60827, 1, 17397, ''),
(60828, 1, 17398, ''),
(60829, 1, 17399, ''),
(60830, 1, 17400, ''),
(60831, 1, 17401, ''),
(60832, 1, 17402, ''),
(60833, 1, 17403, ''),
(60834, 1, 17404, ''),
(60835, 1, 17405, ''),
(60836, 1, 17406, ''),
(60837, 1, 17407, ''),
(60838, 1, 17408, ''),
(60839, 1, 17409, ''),
(60840, 1, 17410, ''),
(60841, 1, 17411, ''),
(60842, 1, 17412, ''),
(60843, 1, 17413, ''),
(60844, 1, 17414, ''),
(60845, 1, 17415, ''),
(60846, 1, 17416, ''),
(60847, 1, 17417, ''),
(60848, 1, 17418, ''),
(60849, 1, 17419, ''),
(60850, 1, 17420, ''),
(60851, 1, 17421, ''),
(60852, 1, 17422, ''),
(60853, 1, 17423, ''),
(60854, 1, 17424, ''),
(60855, 1, 17425, ''),
(60856, 1, 17426, ''),
(60857, 1, 17427, ''),
(60858, 1, 17428, ''),
(60859, 1, 17429, ''),
(60860, 1, 17430, ''),
(60861, 1, 17431, ''),
(60862, 1, 17432, ''),
(60863, 1, 17433, ''),
(60864, 1, 17434, ''),
(60865, 1, 17435, ''),
(60866, 1, 17436, ''),
(60867, 1, 17437, ''),
(60868, 1, 17438, ''),
(60869, 1, 17439, ''),
(60870, 1, 17440, ''),
(60871, 1, 17441, ''),
(60872, 1, 17442, ''),
(60873, 1, 17443, ''),
(60874, 1, 17444, ''),
(60875, 1, 17445, ''),
(60876, 1, 17446, ''),
(60877, 1, 17447, ''),
(60878, 1, 17448, ''),
(60879, 1, 17449, ''),
(60880, 1, 17450, ''),
(60881, 1, 17451, ''),
(60882, 1, 17452, ''),
(60883, 1, 17453, ''),
(60884, 1, 17454, ''),
(60885, 1, 17455, ''),
(60886, 1, 17456, ''),
(60887, 1, 17457, ''),
(60888, 1, 17458, ''),
(60889, 1, 17459, ''),
(60890, 1, 17460, ''),
(60891, 1, 17461, ''),
(60892, 1, 17462, ''),
(60893, 1, 17463, ''),
(60894, 1, 17464, ''),
(60895, 1, 17465, ''),
(60896, 1, 17466, ''),
(60897, 1, 17467, ''),
(60898, 1, 17468, ''),
(60899, 1, 17469, ''),
(60900, 1, 17470, ''),
(60901, 1, 17471, ''),
(60902, 1, 17472, ''),
(60903, 1, 17473, '1'),
(60904, 1, 17474, '2'),
(60905, 1, 17475, '6'),
(60906, 1, 17476, '3'),
(60907, 1, 17477, '7'),
(60908, 1, 17478, ''),
(60909, 1, 17479, ''),
(60910, 1, 17480, ''),
(60911, 1, 17481, ''),
(60912, 1, 17482, ''),
(60913, 1, 17483, ''),
(60914, 1, 17484, ''),
(60915, 1, 17485, ''),
(60916, 1, 17486, ''),
(60917, 1, 17487, ''),
(60918, 1, 17488, ''),
(60919, 1, 17489, ''),
(60920, 1, 17490, ''),
(60921, 1, 17491, ''),
(60922, 1, 17492, ''),
(60923, 1, 17493, ''),
(60924, 1, 17494, ''),
(60925, 1, 17495, ''),
(60926, 1, 17496, ''),
(60927, 1, 17497, ''),
(60928, 1, 17498, ''),
(60929, 1, 17499, ''),
(60930, 1, 17500, ''),
(60931, 1, 17501, ''),
(60932, 1, 17502, ''),
(60933, 1, 17503, ''),
(60934, 1, 17504, ''),
(60935, 1, 17505, ''),
(60936, 1, 17506, ''),
(60937, 1, 17507, ''),
(60938, 1, 17508, ''),
(60939, 1, 17509, ''),
(60940, 1, 17510, ''),
(60941, 1, 17511, ''),
(60942, 1, 17512, ''),
(60943, 1, 17513, ''),
(60944, 1, 17514, ''),
(60945, 1, 17515, ''),
(60946, 1, 17516, ''),
(60947, 1, 17517, ''),
(60948, 1, 17518, ''),
(60949, 1, 17519, ''),
(60950, 1, 17520, ''),
(60951, 1, 17521, ''),
(60952, 1, 17522, ''),
(60953, 1, 17523, ''),
(60954, 1, 17524, ''),
(60955, 1, 17525, ''),
(60956, 1, 17526, 'asdasd'),
(60957, 1, 17527, 'asdasdasdasd11'),
(60958, 1, 17528, 'asdasd1'),
(60959, 1, 17529, ''),
(60960, 1, 17530, ''),
(60961, 1, 17531, ''),
(60962, 1, 17532, ''),
(60963, 1, 17533, ''),
(60964, 1, 17534, ''),
(60965, 1, 17535, ''),
(60966, 1, 17536, ''),
(60967, 1, 17537, ''),
(60968, 1, 17538, ''),
(60969, 1, 17539, ''),
(60970, 1, 17540, ''),
(60971, 1, 17541, ''),
(60972, 1, 17542, ''),
(60973, 1, 17543, ''),
(60974, 1, 17544, ''),
(60975, 1, 17545, ''),
(60976, 1, 17546, ''),
(60977, 1, 17547, ''),
(60978, 1, 17548, ''),
(60979, 1, 17549, ''),
(60980, 1, 17550, ''),
(60981, 1, 17551, ''),
(60982, 1, 17552, ''),
(60983, 1, 17553, ''),
(60984, 1, 17554, ''),
(60985, 1, 17555, ''),
(60986, 1, 17556, ''),
(60987, 1, 17557, ''),
(60988, 1, 17558, ''),
(60989, 1, 17559, ''),
(60990, 1, 17560, ''),
(60991, 1, 17561, ''),
(60992, 1, 17562, ''),
(60993, 1, 17563, ''),
(60994, 1, 17564, ''),
(60995, 1, 17565, ''),
(60996, 1, 17566, ''),
(60997, 1, 17567, ''),
(60998, 1, 17568, ''),
(60999, 1, 17569, ''),
(61000, 1, 17570, ''),
(61001, 1, 17571, ''),
(61002, 1, 17572, ''),
(61003, 1, 17573, ''),
(61004, 1, 17574, ''),
(61005, 1, 17575, ''),
(61006, 1, 17576, ''),
(61007, 1, 17577, ''),
(61008, 1, 17578, ''),
(61009, 1, 17579, ''),
(61010, 1, 17580, ''),
(61011, 1, 17581, ''),
(61012, 1, 17582, ''),
(61013, 1, 17583, ''),
(61014, 1, 17584, ''),
(61015, 1, 17585, ''),
(61016, 1, 17586, ''),
(61017, 1, 17587, ''),
(61018, 1, 17588, ''),
(61019, 1, 17589, ''),
(61020, 1, 17590, ''),
(61021, 1, 17591, ''),
(61022, 1, 17592, ''),
(61023, 1, 17593, ''),
(61024, 1, 17594, ''),
(61025, 1, 17595, ''),
(61026, 1, 17596, ''),
(61027, 1, 17597, ''),
(61028, 1, 17598, ''),
(61029, 1, 17599, ''),
(61030, 1, 17600, ''),
(61031, 1, 17601, ''),
(61032, 1, 17602, ''),
(61033, 1, 17603, ''),
(61034, 1, 17604, ''),
(61035, 1, 17605, ''),
(61036, 1, 17606, ''),
(61037, 1, 17607, ''),
(61038, 1, 17608, ''),
(61039, 1, 17609, ''),
(61040, 1, 17610, ''),
(61041, 1, 17611, ''),
(61042, 1, 17612, ''),
(61043, 1, 17613, ''),
(61044, 1, 17614, ''),
(61045, 1, 17615, ''),
(61046, 1, 17616, ''),
(61047, 1, 17617, ''),
(61048, 1, 17618, ''),
(61049, 1, 17619, ''),
(61050, 1, 17620, ''),
(61051, 1, 17621, ''),
(61052, 1, 17622, ''),
(61053, 1, 17623, ''),
(61054, 1, 17624, ''),
(61055, 1, 17625, ''),
(61056, 1, 17626, ''),
(61057, 1, 17627, ''),
(61058, 1, 17628, ''),
(61059, 1, 17629, ''),
(61060, 1, 17630, ''),
(61061, 1, 17631, ''),
(61062, 1, 17632, ''),
(61063, 1, 17633, ''),
(61064, 1, 17634, ''),
(61065, 1, 17635, ''),
(61066, 1, 17636, ''),
(61067, 1, 17637, ''),
(61068, 1, 17638, ''),
(61069, 1, 17639, ''),
(61070, 1, 17640, ''),
(61071, 1, 17641, ''),
(61072, 1, 17642, ''),
(61073, 1, 17643, ''),
(61074, 1, 17644, ''),
(61075, 1, 17645, ''),
(61076, 1, 17646, ''),
(61077, 1, 17647, ''),
(61078, 1, 17648, ''),
(61079, 1, 17649, ''),
(61080, 1, 17650, ''),
(61081, 1, 17651, ''),
(61082, 1, 17652, ''),
(61083, 1, 17653, ''),
(61084, 1, 17654, ''),
(61085, 1, 17655, ''),
(61086, 1, 17656, ''),
(61087, 1, 17657, ''),
(61088, 1, 17658, ''),
(61089, 1, 17659, ''),
(61090, 1, 17660, ''),
(61091, 1, 17661, ''),
(61092, 1, 17662, ''),
(61093, 1, 17663, ''),
(61094, 1, 17664, ''),
(61095, 1, 17665, ''),
(61096, 1, 17666, ''),
(61097, 1, 17667, ''),
(61098, 1, 17668, ''),
(61099, 1, 17669, ''),
(61100, 1, 17670, ''),
(61101, 1, 17671, ''),
(61102, 1, 17672, ''),
(61103, 1, 17673, ''),
(61104, 1, 17674, ''),
(61105, 1, 17675, ''),
(61106, 1, 17676, ''),
(61107, 1, 17677, ''),
(61108, 1, 17678, ''),
(61109, 1, 17679, ''),
(61110, 1, 17680, ''),
(61111, 1, 17681, ''),
(61112, 1, 17682, ''),
(61113, 1, 17683, ''),
(61114, 1, 17684, ''),
(61115, 1, 17685, ''),
(61116, 1, 17686, ''),
(61117, 1, 17687, ''),
(61118, 1, 17688, ''),
(61119, 1, 17689, ''),
(61120, 1, 17690, ''),
(61121, 1, 17691, ''),
(61122, 1, 17692, ''),
(61123, 1, 17693, ''),
(61124, 1, 17694, ''),
(61125, 1, 17695, ''),
(61126, 1, 17696, ''),
(61127, 1, 17697, ''),
(61128, 1, 17698, ''),
(61129, 1, 17699, ''),
(61130, 1, 17700, ''),
(61131, 1, 17701, ''),
(61132, 1, 17702, ''),
(61133, 1, 17703, ''),
(61134, 1, 17704, ''),
(61135, 1, 17705, ''),
(61136, 1, 17706, ''),
(61137, 1, 17707, ''),
(61138, 1, 17708, ''),
(61139, 1, 17709, ''),
(61140, 1, 17710, ''),
(61141, 1, 17711, ''),
(61142, 1, 17712, ''),
(61143, 1, 17713, ''),
(61144, 1, 17714, ''),
(61145, 1, 17715, ''),
(61146, 1, 17716, ''),
(61147, 1, 17717, ''),
(61148, 1, 17718, ''),
(61149, 1, 17719, ''),
(61150, 1, 17720, ''),
(61151, 1, 17721, ''),
(61152, 1, 17722, ''),
(61153, 1, 17723, ''),
(61154, 1, 17724, ''),
(61155, 1, 17725, ''),
(61156, 1, 17726, ''),
(61157, 1, 17727, ''),
(61158, 1, 17728, ''),
(61159, 1, 17729, ''),
(61160, 1, 17730, ''),
(61161, 1, 17731, ''),
(61162, 1, 17732, ''),
(61163, 1, 17733, ''),
(61164, 1, 17734, ''),
(61165, 1, 17735, ''),
(61166, 1, 17736, ''),
(61167, 1, 17737, ''),
(61168, 1, 17738, ''),
(61169, 1, 17739, ''),
(61170, 1, 17740, ''),
(61171, 1, 17741, ''),
(61172, 1, 17742, ''),
(61173, 1, 17743, ''),
(61174, 1, 17744, ''),
(61175, 1, 17745, ''),
(61176, 1, 17746, ''),
(61177, 1, 17747, ''),
(61178, 1, 17748, ''),
(61179, 1, 17749, ''),
(61180, 1, 17750, ''),
(61181, 1, 17751, ''),
(61182, 1, 17752, ''),
(61183, 1, 17753, ''),
(61184, 1, 17754, ''),
(61185, 1, 17755, ''),
(61186, 1, 17756, ''),
(61187, 1, 17757, ''),
(61188, 1, 17758, ''),
(61189, 1, 17759, ''),
(61190, 1, 17760, ''),
(61191, 1, 17761, ''),
(61192, 1, 17762, ''),
(61193, 1, 17763, ''),
(61194, 1, 17764, ''),
(61195, 1, 17765, ''),
(61196, 1, 17766, ''),
(61197, 1, 17767, ''),
(61198, 1, 17768, ''),
(61199, 1, 17769, ''),
(61200, 1, 17770, ''),
(61201, 1, 17771, ''),
(61202, 1, 17772, ''),
(61203, 1, 17773, ''),
(61204, 1, 17774, ''),
(61205, 1, 17775, ''),
(61206, 1, 17776, ''),
(61207, 1, 17777, ''),
(61208, 1, 17778, ''),
(61209, 1, 17779, ''),
(61210, 1, 17780, ''),
(61211, 1, 17781, ''),
(61212, 1, 17782, ''),
(61213, 1, 17783, ''),
(61214, 1, 17784, ''),
(61215, 1, 17785, ''),
(61216, 1, 17786, ''),
(61217, 1, 17787, ''),
(61218, 1, 17788, ''),
(61219, 1, 17789, ''),
(61220, 1, 17790, ''),
(61221, 1, 17791, ''),
(61222, 1, 17792, ''),
(61223, 1, 17793, ''),
(61224, 1, 17794, ''),
(61225, 1, 17795, ''),
(61226, 1, 17796, ''),
(61227, 1, 17797, ''),
(61228, 1, 17798, ''),
(61229, 1, 17799, ''),
(61230, 1, 17800, ''),
(61231, 1, 17801, ''),
(61232, 1, 17802, ''),
(61233, 1, 17803, ''),
(61234, 1, 17804, ''),
(61235, 1, 17805, ''),
(61236, 1, 17806, ''),
(61237, 1, 17807, ''),
(61238, 1, 17808, ''),
(61239, 1, 17809, ''),
(61240, 1, 17810, ''),
(61241, 1, 17811, ''),
(61242, 1, 17812, ''),
(61243, 1, 17813, ''),
(61244, 1, 17814, ''),
(61245, 1, 17815, ''),
(61246, 1, 17816, ''),
(61247, 1, 17817, ''),
(61248, 1, 17818, ''),
(61249, 1, 17819, ''),
(61250, 1, 17820, ''),
(61251, 1, 17821, ''),
(61252, 1, 17822, ''),
(61253, 1, 17823, ''),
(61254, 1, 17824, ''),
(61255, 1, 17825, ''),
(61256, 1, 17826, ''),
(61257, 1, 17827, ''),
(61258, 1, 17828, ''),
(61259, 1, 17829, ''),
(61260, 1, 17830, ''),
(61261, 1, 17831, ''),
(61262, 1, 17832, ''),
(61263, 1, 17833, ''),
(61264, 1, 17834, ''),
(61265, 1, 17835, ''),
(61266, 1, 17836, ''),
(61267, 1, 17837, ''),
(61268, 1, 17838, ''),
(61269, 1, 17839, ''),
(61270, 1, 17840, ''),
(61271, 1, 17841, ''),
(61272, 1, 17842, ''),
(61273, 1, 17843, ''),
(61274, 1, 17844, ''),
(61275, 1, 17845, ''),
(61276, 1, 17846, ''),
(61277, 1, 17847, ''),
(61278, 1, 17848, ''),
(61279, 1, 17849, ''),
(61280, 1, 17850, ''),
(61281, 1, 17851, ''),
(61282, 1, 17852, ''),
(61283, 1, 17853, ''),
(61284, 1, 17854, ''),
(61285, 1, 17855, ''),
(61286, 1, 17856, ''),
(61287, 1, 17857, ''),
(61288, 1, 17858, ''),
(61289, 1, 17859, ''),
(61290, 1, 17860, ''),
(61291, 1, 17861, ''),
(61292, 1, 17862, ''),
(61293, 1, 17863, ''),
(61294, 1, 17864, ''),
(61295, 1, 17865, ''),
(61296, 1, 17866, ''),
(61297, 1, 17867, ''),
(61298, 1, 17868, ''),
(61299, 1, 17869, ''),
(61300, 1, 17870, ''),
(61301, 1, 17871, ''),
(61302, 1, 17872, ''),
(61303, 1, 17873, ''),
(61304, 1, 17874, ''),
(61305, 1, 17875, ''),
(61306, 1, 17876, ''),
(61307, 1, 17877, ''),
(61308, 1, 17878, ''),
(61309, 1, 17879, ''),
(61310, 1, 17880, ''),
(61311, 1, 17881, ''),
(61312, 1, 17882, ''),
(61313, 1, 17883, ''),
(61314, 1, 17884, ''),
(61315, 1, 17885, ''),
(61316, 1, 17886, ''),
(61317, 1, 17887, ''),
(61318, 1, 17888, ''),
(61319, 1, 17889, ''),
(61320, 1, 17890, ''),
(61321, 1, 17891, ''),
(61322, 1, 17892, ''),
(61323, 1, 17893, ''),
(61324, 1, 17894, ''),
(61325, 1, 17895, ''),
(61326, 1, 17896, ''),
(61327, 1, 17897, ''),
(61328, 1, 17898, ''),
(61329, 1, 17899, ''),
(61330, 1, 17900, ''),
(61331, 1, 17901, ''),
(61332, 1, 17902, ''),
(61333, 1, 17903, ''),
(61334, 1, 17904, ''),
(61335, 1, 17905, ''),
(61336, 1, 17906, ''),
(61337, 1, 17907, ''),
(61338, 1, 17908, ''),
(61339, 1, 17909, ''),
(61340, 1, 17910, ''),
(61341, 1, 17911, ''),
(61342, 1, 17912, ''),
(61343, 1, 17913, ''),
(61344, 1, 17914, ''),
(61345, 1, 17915, ''),
(61346, 1, 17916, ''),
(61347, 1, 17917, ''),
(61348, 1, 17918, ''),
(61349, 1, 17919, ''),
(61350, 1, 17920, ''),
(61351, 1, 17921, ''),
(61352, 1, 17922, ''),
(61353, 1, 17923, ''),
(61354, 1, 17924, ''),
(61355, 1, 17925, ''),
(61356, 1, 17926, ''),
(61357, 1, 17927, ''),
(61358, 1, 17928, ''),
(61359, 1, 17929, ''),
(61360, 1, 17930, ''),
(61361, 1, 17931, ''),
(61362, 1, 17932, ''),
(61363, 1, 17933, ''),
(61364, 1, 17934, ''),
(61365, 1, 17935, ''),
(61366, 1, 17936, ''),
(61367, 1, 17937, ''),
(61368, 1, 17938, ''),
(61369, 1, 17939, ''),
(61370, 1, 17940, ''),
(61371, 1, 17941, ''),
(61372, 1, 17942, ''),
(61373, 1, 17943, ''),
(61374, 1, 17944, ''),
(61375, 1, 17945, ''),
(61376, 1, 17946, ''),
(61377, 1, 17947, ''),
(61378, 1, 17948, ''),
(61379, 1, 17949, ''),
(61380, 1, 17950, ''),
(61381, 1, 17951, '444'),
(61382, 1, 17952, '6'),
(61383, 1, 17953, '4'),
(61384, 1, 17954, ''),
(61385, 1, 17955, ''),
(61386, 1, 17956, ''),
(61387, 1, 17957, ''),
(61388, 1, 17958, ''),
(61389, 1, 17959, ''),
(61390, 1, 17960, ''),
(61391, 1, 17961, ''),
(61392, 1, 17962, ''),
(61393, 1, 17963, ''),
(61394, 1, 17964, ''),
(61395, 1, 17965, ''),
(61396, 1, 17966, ''),
(61397, 1, 17967, ''),
(61398, 1, 17968, ''),
(61399, 1, 17969, ''),
(61400, 1, 17970, ''),
(61401, 1, 17971, ''),
(61402, 1, 17972, ''),
(61403, 1, 17973, ''),
(61404, 1, 17974, ''),
(61405, 1, 17975, ''),
(61406, 1, 17976, ''),
(61407, 1, 17977, ''),
(61408, 1, 17978, ''),
(61409, 1, 17979, ''),
(61410, 1, 17980, ''),
(61411, 1, 17981, ''),
(61412, 1, 17982, ''),
(61413, 1, 17983, ''),
(61414, 1, 17984, ''),
(61415, 1, 17985, ''),
(61416, 1, 17986, ''),
(61417, 1, 17987, ''),
(61418, 1, 17988, ''),
(61419, 1, 17989, ''),
(61420, 1, 17990, ''),
(61421, 1, 17991, ''),
(61422, 1, 17992, ''),
(61423, 1, 17993, ''),
(61424, 1, 17994, ''),
(61425, 1, 17995, ''),
(61426, 1, 17996, ''),
(61427, 1, 17997, ''),
(61428, 1, 17998, ''),
(61429, 1, 17999, ''),
(61430, 1, 18000, ''),
(61431, 1, 18001, ''),
(61432, 1, 18002, ''),
(61433, 1, 18003, ''),
(61434, 1, 18004, ''),
(61435, 1, 18005, ''),
(61436, 1, 18006, ''),
(61437, 1, 18007, ''),
(61438, 1, 18008, ''),
(61439, 1, 18009, ''),
(61440, 1, 18010, ''),
(61441, 1, 18011, ''),
(61442, 1, 18012, ''),
(61443, 1, 18013, ''),
(61444, 1, 18014, ''),
(61445, 1, 18015, ''),
(61446, 1, 18016, ''),
(61447, 1, 18017, ''),
(61448, 1, 18018, ''),
(61449, 1, 18019, ''),
(61450, 1, 18020, ''),
(61451, 1, 18021, ''),
(61452, 1, 18022, ''),
(61453, 1, 18023, ''),
(61454, 1, 18024, ''),
(61455, 1, 18025, 'aa'),
(61456, 1, 18026, 'ee'),
(61457, 1, 18027, 'dd'),
(61458, 1, 18028, 'ff'),
(61459, 1, 18029, 'gg'),
(61460, 1, 18030, ''),
(61461, 1, 18031, ''),
(61462, 1, 18032, ''),
(61463, 1, 18033, ''),
(61464, 1, 18034, ''),
(61465, 1, 18035, ''),
(61466, 1, 18036, ''),
(61467, 1, 18037, ''),
(61468, 1, 18038, ''),
(61469, 1, 18039, ''),
(61470, 1, 18040, ''),
(61471, 1, 18041, ''),
(61472, 1, 18042, ''),
(61473, 1, 18043, 'asdsad'),
(61474, 1, 18044, 'asdasd'),
(61475, 1, 18045, ''),
(61476, 1, 18046, ''),
(61477, 1, 18047, ''),
(61478, 1, 18048, ''),
(61479, 1, 18049, ''),
(61480, 1, 18050, ''),
(61481, 1, 18051, ''),
(61482, 1, 18052, ''),
(61483, 1, 18053, ''),
(61484, 1, 18054, ''),
(61485, 1, 18055, ''),
(61486, 1, 18056, ''),
(61487, 1, 18057, ''),
(61488, 1, 18058, ''),
(61489, 1, 18059, ''),
(61490, 1, 18060, ''),
(61491, 1, 18061, ''),
(61492, 1, 18062, ''),
(61493, 1, 18063, ''),
(61494, 1, 18064, ''),
(61495, 1, 18065, ''),
(61496, 1, 18066, ''),
(61497, 1, 18067, ''),
(61498, 1, 18068, ''),
(61499, 1, 18069, ''),
(61500, 1, 18070, ''),
(61501, 1, 18071, ''),
(61502, 1, 18072, ''),
(61503, 1, 18073, ''),
(61504, 1, 18074, ''),
(61505, 1, 18075, ''),
(61506, 1, 18076, ''),
(61507, 1, 18077, ''),
(61508, 1, 18078, ''),
(61509, 1, 18079, ''),
(61510, 1, 18080, ''),
(61511, 1, 18081, ''),
(61512, 1, 18082, ''),
(61513, 1, 18083, ''),
(61514, 1, 18084, ''),
(61515, 1, 18085, ''),
(61516, 1, 18086, ''),
(61517, 1, 18087, ''),
(61518, 1, 18088, ''),
(61519, 1, 18089, ''),
(61520, 1, 18090, ''),
(61521, 1, 18091, ''),
(61522, 1, 18092, ''),
(61523, 1, 18093, ''),
(61524, 1, 18094, ''),
(61525, 1, 18095, ''),
(61526, 1, 18096, ''),
(61527, 1, 18097, ''),
(61528, 1, 18098, ''),
(61529, 1, 18099, ''),
(61530, 1, 18100, ''),
(61531, 1, 18101, ''),
(61532, 1, 18102, ''),
(61533, 1, 18103, ''),
(61534, 1, 18104, ''),
(61535, 1, 18105, ''),
(61536, 1, 18106, ''),
(61537, 1, 18107, ''),
(61538, 1, 18108, ''),
(61539, 1, 18109, ''),
(61540, 1, 18110, ''),
(61541, 1, 18111, ''),
(61542, 1, 18112, ''),
(61543, 1, 18113, ''),
(61544, 1, 18114, ''),
(61545, 1, 18115, ''),
(61546, 1, 18116, ''),
(61547, 1, 18117, ''),
(61548, 1, 18118, ''),
(61549, 1, 18119, ''),
(61550, 1, 18120, ''),
(61551, 1, 18121, ''),
(61552, 1, 18122, ''),
(61553, 1, 18123, ''),
(61554, 1, 18124, ''),
(61555, 1, 18125, ''),
(61556, 1, 18126, ''),
(61557, 1, 18127, ''),
(61558, 1, 18128, ''),
(61559, 1, 18129, ''),
(61560, 1, 18130, ''),
(61561, 1, 18131, ''),
(61562, 1, 18132, ''),
(61563, 1, 18133, ''),
(61564, 1, 18134, ''),
(61565, 1, 18135, ''),
(61566, 1, 18136, ''),
(61567, 1, 18137, ''),
(61568, 1, 18138, ''),
(61569, 1, 18139, ''),
(61570, 1, 18140, ''),
(61571, 1, 18141, ''),
(61572, 1, 18142, ''),
(61573, 1, 18143, ''),
(61574, 1, 18144, ''),
(61575, 1, 18145, ''),
(61576, 1, 18146, ''),
(61577, 1, 18147, ''),
(61578, 1, 18148, ''),
(61579, 1, 18149, ''),
(61580, 1, 18150, ''),
(61581, 1, 18151, ''),
(61582, 1, 18152, ''),
(61583, 1, 18153, ''),
(61584, 1, 18154, ''),
(61585, 1, 18155, ''),
(61586, 1, 18156, ''),
(61587, 1, 18157, ''),
(61588, 1, 18158, ''),
(61589, 1, 18159, ''),
(61590, 1, 18160, ''),
(61591, 1, 18161, ''),
(61592, 1, 18162, ''),
(61593, 1, 18163, ''),
(61594, 1, 18164, ''),
(61595, 1, 18165, ''),
(61596, 1, 18166, ''),
(61597, 1, 18167, ''),
(61598, 1, 18168, ''),
(61599, 1, 18169, ''),
(61600, 1, 18170, ''),
(61601, 1, 18171, ''),
(61602, 1, 18172, ''),
(61603, 1, 18173, ''),
(61604, 1, 18174, ''),
(61605, 1, 18175, ''),
(61606, 1, 18176, ''),
(61607, 1, 18177, ''),
(61608, 1, 18178, ''),
(61609, 1, 18179, 'q'),
(61610, 1, 18180, 'i'),
(61611, 1, 18181, 't'),
(61612, 1, 18182, 'w'),
(61613, 1, 18183, 'o'),
(61614, 1, 18184, 'y'),
(61615, 1, 18185, 'e'),
(61616, 1, 18186, 'p'),
(61617, 1, 18187, 'u'),
(61618, 1, 18188, 'r'),
(61619, 1, 18189, ''),
(61620, 1, 18190, ''),
(61621, 1, 18191, ''),
(61622, 1, 18192, ''),
(61623, 1, 18193, ''),
(61624, 1, 18194, ''),
(61625, 1, 18195, ''),
(61626, 1, 18196, ''),
(61627, 1, 18197, ''),
(61628, 1, 18198, ''),
(61629, 1, 18199, ''),
(61630, 1, 18200, ''),
(61631, 1, 18201, ''),
(61632, 1, 18202, ''),
(61633, 1, 18203, ''),
(61634, 1, 18204, ''),
(61635, 1, 18205, ''),
(61636, 1, 18206, ''),
(61637, 1, 18207, ''),
(61638, 1, 18208, ''),
(61639, 1, 18209, ''),
(61640, 1, 18210, ''),
(61641, 1, 18211, ''),
(61642, 1, 18212, ''),
(61643, 1, 18213, ''),
(61644, 1, 18214, ''),
(61645, 1, 18215, ''),
(61646, 1, 18216, ''),
(61647, 1, 18217, ''),
(61648, 1, 18218, ''),
(61649, 1, 18219, ''),
(61650, 1, 18220, ''),
(61651, 1, 18221, ''),
(61652, 1, 18222, ''),
(61653, 1, 18223, ''),
(61654, 1, 18224, ''),
(61655, 1, 18225, ''),
(61656, 1, 18226, ''),
(61657, 1, 18227, ''),
(61658, 1, 18228, ''),
(61659, 1, 18229, ''),
(61660, 1, 18230, ''),
(61661, 1, 18231, ''),
(61662, 1, 18232, ''),
(61663, 1, 18233, ''),
(61664, 1, 18234, ''),
(61665, 1, 18235, ''),
(61666, 1, 18236, ''),
(61667, 1, 18237, ''),
(61668, 1, 18238, ''),
(61669, 1, 18239, ''),
(61670, 1, 18240, ''),
(61671, 1, 18241, ''),
(61672, 1, 18242, ''),
(61673, 1, 18243, ''),
(61674, 1, 18244, ''),
(61675, 1, 18245, ''),
(61676, 1, 18246, ''),
(61677, 1, 18247, ''),
(61678, 1, 18248, ''),
(61679, 1, 18249, ''),
(61680, 1, 18250, ''),
(61681, 1, 18251, ''),
(61682, 1, 18252, ''),
(61683, 1, 18253, ''),
(61684, 1, 18254, ''),
(61685, 1, 18255, ''),
(61686, 1, 18256, ''),
(61687, 1, 18257, ''),
(61688, 1, 18258, ''),
(61689, 1, 18259, ''),
(61690, 1, 18260, ''),
(61691, 1, 18261, ''),
(61692, 1, 18262, ''),
(61693, 1, 18263, ''),
(61694, 1, 18264, ''),
(61695, 1, 18265, ''),
(61696, 1, 18266, ''),
(61697, 1, 18267, ''),
(61698, 1, 18268, ''),
(61699, 1, 18269, ''),
(61700, 1, 18270, ''),
(61701, 1, 18271, ''),
(61702, 1, 18272, ''),
(61703, 1, 18273, ''),
(61704, 1, 18274, ''),
(61705, 1, 18275, ''),
(61706, 1, 18276, ''),
(61707, 1, 18277, ''),
(61708, 1, 18278, ''),
(61709, 1, 18279, ''),
(61710, 1, 18280, ''),
(61711, 1, 18281, ''),
(61712, 1, 18282, ''),
(61713, 1, 18283, ''),
(61714, 1, 18284, ''),
(61715, 1, 18285, ''),
(61716, 1, 18286, ''),
(61717, 1, 18287, ''),
(61718, 1, 18288, ''),
(61719, 1, 18289, ''),
(61720, 1, 18290, ''),
(61721, 1, 18291, ''),
(61722, 1, 18292, ''),
(61723, 1, 18293, ''),
(61724, 1, 18294, ''),
(61725, 1, 18295, ''),
(61726, 1, 18296, ''),
(61727, 1, 18297, ''),
(61728, 1, 18298, ''),
(61729, 1, 18299, ''),
(61730, 1, 18300, ''),
(61731, 1, 18301, ''),
(61732, 1, 18302, ''),
(61733, 1, 18303, ''),
(61734, 1, 18304, ''),
(61735, 1, 18305, ''),
(61736, 1, 18306, ''),
(61737, 1, 18307, ''),
(61738, 1, 18308, ''),
(61739, 1, 18309, ''),
(61740, 1, 18310, ''),
(61741, 1, 18311, ''),
(61742, 1, 18312, ''),
(61743, 1, 18313, ''),
(61744, 1, 18314, ''),
(61745, 1, 18315, ''),
(61746, 1, 18316, ''),
(61747, 1, 18317, ''),
(61748, 1, 18318, ''),
(61749, 1, 18319, ''),
(61750, 1, 18320, ''),
(61751, 1, 18321, ''),
(61752, 1, 18322, ''),
(61753, 1, 18323, ''),
(61754, 1, 18324, ''),
(61755, 1, 18325, ''),
(61756, 1, 18326, ''),
(61757, 1, 18327, ''),
(61758, 1, 18328, ''),
(61759, 1, 18329, 'test'),
(61760, 1, 18330, 'test'),
(61761, 1, 18331, ''),
(61762, 1, 18332, ''),
(61763, 1, 18333, ''),
(61764, 1, 18334, ''),
(61765, 1, 18335, ''),
(61766, 1, 18336, ''),
(61767, 1, 18337, ''),
(61768, 1, 18338, ''),
(61769, 1, 18339, ''),
(61770, 1, 18340, ''),
(61771, 1, 18341, ''),
(61772, 1, 18342, ''),
(61773, 1, 18343, ''),
(61774, 1, 18344, ''),
(61775, 1, 18345, ''),
(61776, 1, 18346, ''),
(61777, 1, 18347, ''),
(61778, 1, 18348, ''),
(61779, 1, 18349, ''),
(61780, 1, 18350, ''),
(61781, 1, 18351, ''),
(61782, 1, 18352, ''),
(61783, 1, 18353, ''),
(61784, 1, 18354, ''),
(61785, 1, 18355, ''),
(61786, 1, 18356, ''),
(61787, 1, 18357, ''),
(61788, 1, 18358, ''),
(61789, 1, 18359, ''),
(61790, 1, 18360, ''),
(61791, 1, 18361, ''),
(61792, 1, 18362, ''),
(61793, 1, 18363, ''),
(61794, 1, 18364, ''),
(61795, 1, 18365, ''),
(61796, 1, 18366, ''),
(61797, 1, 18367, ''),
(61798, 1, 18368, ''),
(61799, 1, 18369, ''),
(61800, 1, 18370, ''),
(61801, 1, 18371, ''),
(61802, 1, 18372, ''),
(61803, 1, 18373, ''),
(61804, 1, 18374, ''),
(61805, 1, 18375, ''),
(61806, 1, 18376, ''),
(61807, 1, 18377, ''),
(61808, 1, 18378, ''),
(61809, 1, 18379, ''),
(61810, 1, 18380, ''),
(61811, 1, 18381, ''),
(61812, 1, 18382, ''),
(61813, 1, 18383, ''),
(61814, 1, 18384, ''),
(61815, 1, 18385, ''),
(61816, 1, 18386, ''),
(61817, 1, 18387, ''),
(61818, 1, 18388, ''),
(61819, 1, 18389, ''),
(61820, 1, 18390, ''),
(61821, 1, 18391, ''),
(61822, 1, 18392, ''),
(61823, 1, 18393, ''),
(61824, 1, 18394, ''),
(61825, 1, 18395, ''),
(61826, 1, 18396, ''),
(61827, 1, 18397, ''),
(61828, 1, 18398, ''),
(61829, 1, 18399, ''),
(61830, 1, 18400, ''),
(61831, 1, 18401, ''),
(61832, 1, 18402, ''),
(61833, 1, 18403, ''),
(61834, 1, 18404, ''),
(61835, 1, 18405, ''),
(61836, 1, 18406, ''),
(61837, 1, 18407, ''),
(61838, 1, 18408, ''),
(61839, 1, 18409, ''),
(61840, 1, 18410, ''),
(61841, 1, 18411, ''),
(61842, 1, 18412, ''),
(61843, 1, 18413, ''),
(61844, 1, 18414, ''),
(61845, 1, 18415, ''),
(61846, 1, 18416, ''),
(61847, 1, 18417, ''),
(61848, 1, 18418, ''),
(61849, 1, 18419, ''),
(61850, 1, 18420, ''),
(61851, 1, 18421, ''),
(61852, 1, 18422, ''),
(61853, 1, 18423, ''),
(61854, 1, 18424, ''),
(61855, 1, 18425, ''),
(61856, 1, 18426, ''),
(61857, 1, 18427, ''),
(61858, 1, 18428, ''),
(61859, 1, 18429, '5'),
(61860, 1, 18430, '4'),
(61861, 1, 18431, ''),
(61862, 1, 18432, ''),
(61863, 1, 18433, ''),
(61864, 1, 18434, ''),
(61865, 1, 18435, ''),
(61866, 1, 18436, ''),
(61867, 1, 18437, ''),
(61868, 1, 18438, ''),
(61869, 1, 18439, ''),
(61870, 1, 18440, ''),
(61871, 1, 18441, 'aaa'),
(61872, 1, 18442, ''),
(61873, 1, 18443, ''),
(61874, 1, 18444, ''),
(61875, 1, 18445, ''),
(61876, 1, 18446, ''),
(61877, 1, 18447, ''),
(61878, 1, 18448, ''),
(61879, 1, 18449, ''),
(61880, 1, 18450, ''),
(61881, 1, 18451, ''),
(61882, 1, 18452, ''),
(61883, 1, 18453, ''),
(61884, 1, 18454, ''),
(61885, 1, 18455, ''),
(61886, 1, 18456, ''),
(61887, 1, 18457, ''),
(61888, 1, 18458, ''),
(61889, 1, 18459, 'Required profile questions'),
(61896, 1, 18466, 'Possible Values'),
(61897, 1, 18467, 'Back to Profile'),
(61898, 1, 18468, 'Please fill the form properly'),
(61899, 1, 18469, 'Add new values'),
(61900, 1, 18470, '&nbsp;'),
(61901, 1, 18471, 'Photo is still uploading'),
(61904, 1, 18474, 'Local'),
(61905, 1, 18475, 'Url'),
(61906, 1, 18476, 'Join our fast-growing community. Find new friends, date up, share photo and video.\nEnjoy!'),
(61907, 1, 18477, 'Supports HTML'),
(61908, 1, 18478, 'You can''t delete this account type. At least 1 account type must be on the site.'),
(61909, 1, 18479, 'Admin dashboard themes'),
(61910, 1, 18480, 'See more'),
(61911, 1, 18481, 'aaaaaaaaaaaaaa'),
(61912, 1, 18482, 'asdasd1111111111111111'),
(61913, 1, 18483, '1'),
(61914, 1, 18484, '11'),
(61915, 1, 18485, '21'),
(61916, 1, 18486, '8'),
(61917, 1, 18487, '18'),
(61918, 1, 18488, '28'),
(61919, 1, 18489, '5'),
(61920, 1, 18490, '15'),
(61921, 1, 18491, '25'),
(61922, 1, 18492, '2'),
(61923, 1, 18493, '12'),
(61924, 1, 18494, '22'),
(61925, 1, 18495, '9'),
(61926, 1, 18496, '19'),
(61927, 1, 18497, '6'),
(61928, 1, 18498, '16'),
(61929, 1, 18499, '26'),
(61930, 1, 18500, '3'),
(61931, 1, 18501, '13'),
(61932, 1, 18502, '23'),
(61933, 1, 18503, '10'),
(61934, 1, 18504, '20'),
(61935, 1, 18505, '7'),
(61936, 1, 18506, '17'),
(61937, 1, 18507, '27'),
(61938, 1, 18508, '4'),
(61939, 1, 18509, '14'),
(61940, 1, 18510, '24'),
(61941, 1, 18511, 'aaaaaaaaa'),
(61942, 1, 18512, 'asdsadasd'),
(61943, 1, 18513, '1'),
(61944, 1, 18514, '11'),
(61945, 1, 18515, '21'),
(61946, 1, 18516, '31'),
(61947, 1, 18517, '8'),
(61948, 1, 18518, '18'),
(61949, 1, 18519, '28'),
(61950, 1, 18520, '5'),
(61951, 1, 18521, '15'),
(61952, 1, 18522, '25'),
(61953, 1, 18523, '2'),
(61954, 1, 18524, '12'),
(61955, 1, 18525, '22'),
(61956, 1, 18526, '9'),
(61957, 1, 18527, '19'),
(61958, 1, 18528, '29'),
(61959, 1, 18529, '6'),
(61960, 1, 18530, '16'),
(61961, 1, 18531, '26'),
(61962, 1, 18532, '3'),
(61963, 1, 18533, '13'),
(61964, 1, 18534, '23'),
(61965, 1, 18535, '10'),
(61966, 1, 18536, '20'),
(61967, 1, 18537, '30'),
(61968, 1, 18538, '7'),
(61969, 1, 18539, '17'),
(61970, 1, 18540, '27'),
(61971, 1, 18541, '4'),
(61972, 1, 18542, '14'),
(61973, 1, 18543, '24'),
(61974, 1, 18544, 'bbbbb bbbbb'),
(61975, 1, 18545, 'bbbbb'),
(61976, 1, 18546, '1'),
(61977, 1, 18547, '11'),
(61978, 1, 18548, '21'),
(61979, 1, 18549, '8'),
(61980, 1, 18550, '18'),
(61981, 1, 18551, '28'),
(61982, 1, 18552, '5'),
(61983, 1, 18553, '15'),
(61984, 1, 18554, '25'),
(61985, 1, 18555, '2'),
(61986, 1, 18556, '12'),
(61987, 1, 18557, '22'),
(61988, 1, 18558, '9'),
(61989, 1, 18559, '19'),
(61990, 1, 18560, '29'),
(61991, 1, 18561, '6'),
(61992, 1, 18562, '16'),
(61993, 1, 18563, '26'),
(61994, 1, 18564, '3'),
(61995, 1, 18565, '13'),
(61996, 1, 18566, '23'),
(61997, 1, 18567, '10'),
(61998, 1, 18568, '20'),
(61999, 1, 18569, '7'),
(62000, 1, 18570, '17'),
(62001, 1, 18571, '27'),
(62002, 1, 18572, '4'),
(62003, 1, 18573, '14'),
(62004, 1, 18574, '24'),
(62019, 1, 18589, 'Back'),
(62020, 1, 18590, 'Check all to'),
(62021, 1, 18591, 'commented on {$content}'),
(62022, 1, 18592, 'comment on {$content}'),
(62023, 1, 18593, 'Avatars'),
(62024, 1, 18594, 'Avatar'),
(62025, 1, 18595, 'Comments'),
(62026, 1, 18596, 'Comment'),
(62027, 1, 18597, 'Users'),
(62028, 1, 18598, 'Profile'),
(62029, 1, 18599, 'Crop avatar failed.'),
(62030, 1, 18600, 'Drag & drop image here or click to browse'),
(62031, 1, 18601, 'Drop image here'),
(62032, 1, 18602, 'Flagged: {$time}'),
(62033, 1, 18603, 'Maximum upload avatar size'),
(62034, 1, 18604, 'Action'),
(62035, 1, 18605, 'Are you sure you want to delete this {$content}?'),
(62036, 1, 18606, 'Are you sure you want to delete {$count} {$content}?'),
(62037, 1, 18607, '{$content} has been deleted'),
(62038, 1, 18608, '{$count} {$content} have been deleted'),
(62039, 1, 18609, '{$content} has been unflagged'),
(62040, 1, 18610, '{$count} {$content} have been unflagged'),
(62041, 1, 18611, '<a href="{$userUrl}"><b>{$userName}''s</b></a> {$content} has been flagged'),
(62042, 1, 18612, 'No items'),
(62043, 1, 18613, 'No items selected'),
(62044, 1, 18614, 'Moderator Panel'),
(62045, 1, 18615, 'Reason'),
(62046, 1, 18616, 'Reporter'),
(62047, 1, 18617, 'Moderation Tools'),
(62048, 1, 18618, 'Pending Approval'),
(62049, 1, 18619, 'Please provide a reason for suspending the member.'),
(62091, 1, 18661, 'Suspend {$displayName}'),
(62051, 1, 18621, 'Dear {$realName},<br><br>\r\nWe are informing you that your account on {$site_name} has been suspended with the following reason given:<br>\r\n{$suspendReason}<br><br>\r\nThank you,<br>\r\n{$site_name} team'),
(62052, 1, 18622, 'Your account has been suspended'),
(62053, 1, 18623, 'Dear {$realName},\r\nWe are informing you that your account on {$site_name} has been suspended with the following reason given:\r\n{$suspendReason}\r\nThank you,\r\n{$site_name} team'),
(62054, 1, 18624, 'Unflag'),
(62055, 1, 18625, 'Welcome to <a href="{$site_url}">{$site_name}</a>! Thanks for joining us. Here are some quick links that you need to find your way around:<br/><br/>\r\n- <a href="{$site_url}">Main page</a><br/>\r\n- <a href="{$site_url}my-profile">Change avatar</a><br/>\r\n- <a href="{$site_url}photo/viewlist/latest">Upload Photos</a><br/>\r\n- <a href="{$site_url}profile/edit">Change profile details</a><br/>\r\n- <a href="{$site_url}users">Look who''s in</a><br/><br/>\r\nFeel free to participate in our community!<br/><br/>\r\n<a href="{$site_url}">{$site_name}</a> administration<br/>'),
(62056, 1, 18626, 'Welcome to {$site_name}! Thanks for joining us. Here are some quick links that you need to find your way around:\r\n\r\n- Main page: {$site_url}\r\n- Change avatar: {$site_url}my-profile\r\n- Upload photos: {$site_url}photo/viewlist/latest\r\n- Change profile details: {$site_url}profile/edit\r\n- Look who''s in: {$site_url}users\r\n\r\nFeel free to participate in our community!\r\n\r\n{$site_name} administration\r\n\r\n{$site_url}'),
(62057, 1, 18627, '<p>\nWelcome to Makan Today! Here are a few quick links that you need to start your way around:\n</p>\n<ul class="ow_regular">\n<li><a href="profile/avatar" change_avatar>Change avatar</a></li>\n<li><a href="javascript://" photo_upload>Upload photos</a></li>\n<li><a href="profile/edit">Change profile details</a></li>\n<li><a href="my-profile">Preview/rearrange my profile</a></li>\n<li><a href="users">Look who''s in</a></li>\n</ul>\n\n<p>\nFeel free to participate in our community!\n</p>'),
(62058, 1, 18628, 'photo_upload - Photo upload link\r\nchange_avatar - Change avatar link'),
(62059, 1, 18629, 'Welcome!'),
(62060, 1, 18630, 'Add password'),
(62061, 1, 18631, ''),
(62062, 1, 18632, ''),
(62063, 1, 18633, ''),
(62064, 1, 18634, ''),
(62065, 1, 18635, ''),
(62066, 1, 18636, ''),
(62067, 1, 18637, ''),
(62068, 1, 18638, ''),
(62069, 1, 18639, ''),
(62070, 1, 18640, ''),
(62071, 1, 18641, ''),
(62072, 1, 18642, ''),
(62073, 1, 18643, ''),
(62074, 1, 18644, ''),
(62075, 1, 18645, ''),
(62076, 1, 18646, ''),
(62077, 1, 18647, ''),
(62078, 1, 18648, ''),
(62079, 1, 18649, ''),
(62080, 1, 18650, ''),
(62081, 1, 18651, ''),
(62082, 1, 18652, ''),
(62083, 1, 18653, ''),
(62084, 1, 18654, 'Change password'),
(62085, 1, 18655, ''),
(62086, 1, 18656, ''),
(62087, 1, 18657, ''),
(62088, 1, 18658, ''),
(62089, 1, 18659, 'New to site?'),
(62092, 1, 18662, 'liked their status'),
(62093, 1, 18663, 'commented on {$user}''s status'),
(62094, 1, 18664, 'liked {$user}''s status'),
(62095, 1, 18665, 'commented on their status'),
(62096, 1, 18666, 'Enable comments'),
(62097, 1, 18667, 'Enable likes'),
(62098, 1, 18668, 'Number of item comments shown by default in expanded mode.'),
(62099, 1, 18669, 'Expanded comments'),
(62100, 1, 18670, 'Here you may control which type of content is shown in newsfeed. Please note that any changes will be applied to _new_ content only.'),
(62101, 1, 18671, 'Expanded likes and comments by default'),
(62102, 1, 18672, 'Enable status updates on index page'),
(62103, 1, 18673, 'Content'),
(62104, 1, 18674, 'Settings'),
(62105, 1, 18675, 'Newsfeed'),
(62106, 1, 18676, 'Newsfeed'),
(62107, 1, 18677, 'Save'),
(62108, 1, 18678, 'Settings'),
(62109, 1, 18679, 'Allow status updates comments'),
(62110, 1, 18680, 'Allow status updates'),
(62111, 1, 18681, 'Newsfeed'),
(62112, 1, 18682, 'Comment'),
(62113, 1, 18683, 'Newsfeed'),
(62114, 1, 18684, 'Status update'),
(62115, 1, 18685, 'Settings saved'),
(62116, 1, 18686, 'Settings not changed'),
(62117, 1, 18687, 'Delete post'),
(62118, 1, 18688, 'Delete user'),
(62119, 1, 18689, '<a href="{$userUrl}">{$userName}</a> commented on your status.'),
(62120, 1, 18690, '<a href="{$userUrl}">{$userName}</a> likes your status.'),
(62121, 1, 18691, 'Newsfeed'),
(62122, 1, 18692, 'Someone comments on my status'),
(62123, 1, 18693, 'Someone likes my status'),
(62124, 1, 18694, 'Someone writes on my wall'),
(62125, 1, 18695, '<a href="{$userUrl}">{$userName}</a> commented on your status "<a href="{$url}">{$status}</a>".'),
(62126, 1, 18696, '<a href="{$userUrl}">{$userName}</a> likes your status "<a href="{$url}">{$status}</a>".'),
(62127, 1, 18697, 'No items'),
(62128, 1, 18698, 'Item deleted'),
(62129, 1, 18699, 'Total users: <span class="ow_txt_value">{$usersCount}</span>'),
(62130, 1, 18700, 'Delete post'),
(62131, 1, 18701, '{$user1} likes this'),
(62132, 1, 18702, '{$user1} and {$user2} like this'),
(62133, 1, 18703, '{$user1}, {$user2} and {$user3} like this'),
(62134, 1, 18704, '<a href="{$url}">{$count} members</a> like this'),
(62135, 1, 18705, 'View More'),
(62136, 1, 18706, 'Follow'),
(62137, 1, 18707, 'You are now following {$username}'),
(62138, 1, 18708, 'You need to sign in to like this.'),
(62139, 1, 18709, 'Item deleted'),
(62140, 1, 18710, 'Like'),
(62141, 1, 18711, 'This is not available on mobile yet. Try <a href="{$desktopUrl}">desktop version</a>.'),
(62142, 1, 18712, 'Newsfeed'),
(62143, 1, 18713, '<a href="{$userUrl}">{$userName}</a> wrote on your wall'),
(62144, 1, 18714, 'View my profile Newsfeed'),
(62145, 1, 18715, 'Save'),
(62146, 1, 18716, 'Settings updated'),
(62147, 1, 18717, 'updated their status'),
(62148, 1, 18718, 'Send'),
(62149, 1, 18719, 'Whats happening?'),
(62150, 1, 18720, 'and'),
(62151, 1, 18721, 'Unfollow'),
(62152, 1, 18722, 'You are no longer following {$username}'),
(62153, 1, 18723, 'Unlike'),
(62154, 1, 18724, 'Comment newsfeed'),
(62155, 1, 18725, '+{$count} more'),
(62156, 1, 18726, 'Newsfeed'),
(62157, 1, 18727, 'Items to show'),
(62158, 1, 18728, 'View more'),
(62159, 1, 18729, 'about an hour'),
(62160, 1, 18730, 'about %d hours'),
(62161, 1, 18731, 'about a minute'),
(62162, 1, 18732, 'about a month'),
(62163, 1, 18733, 'about a year'),
(62164, 1, 18734, 'Actions'),
(62165, 1, 18735, 'Send'),
(62166, 1, 18736, 'New message has been added'),
(62167, 1, 18737, 'Messages - Plugin Settings'),
(62168, 1, 18738, 'Messages Settings'),
(62169, 1, 18739, 'ago'),
(62170, 1, 18740, 'and'),
(62171, 1, 18741, 'Read message (use credits)'),
(62172, 1, 18742, 'delete'),
(62173, 1, 18743, 'Attachment'),
(62174, 1, 18744, 'Attachments'),
(62175, 1, 18745, 'Attach files'),
(62176, 1, 18746, 'Allow chat'),
(62177, 1, 18747, 'Read chat messages'),
(62178, 1, 18748, 'Read mails'),
(62179, 1, 18749, 'Read messages'),
(62180, 1, 18750, 'Continue chat dialog'),
(62181, 1, 18751, 'Continue mail dialog'),
(62182, 1, 18752, 'Continue dialog'),
(62183, 1, 18753, 'Start chat dialog'),
(62184, 1, 18754, 'Start mail dialog'),
(62185, 1, 18755, 'Start dialog'),
(62186, 1, 18756, 'Use Chat'),
(62187, 1, 18757, 'Messages'),
(62188, 1, 18758, 'a day'),
(62189, 1, 18759, 'between'),
(62190, 1, 18760, 'Delete'),
(62191, 1, 18761, 'Mark as read'),
(62192, 1, 18762, 'Mark as unread'),
(62193, 1, 18763, 'Bulk options'),
(62194, 1, 18764, 'Can not display "{$entityType}" message.'),
(62195, 1, 18765, 'Change your Messages privacy here'),
(62196, 1, 18766, 'Chat'),
(62197, 1, 18767, 'Message text is empty'),
(62198, 1, 18768, '...'),
(62199, 1, 18769, 'Check all'),
(62200, 1, 18770, 'Check now'),
(62201, 1, 18771, 'Click here to read messages'),
(62202, 1, 18772, 'Compose Message'),
(62203, 1, 18773, 'Are you sure?'),
(62204, 1, 18774, 'Are you sure you want to remove Messages?'),
(62205, 1, 18775, '<div class="ow_console_mailbox_cont" target="_blank">\r\n        <div class="ow_console_mailbox_title"><a target="_blank" href="{$userUrl}">{$displayName}</a></div>\r\n        <div class="ow_console_mailbox_txt">\r\n            {$text}\r\n        </div>\r\n    </div>'),
(62206, 1, 18776, 'Conversations'),
(62207, 1, 18777, 'Showing {$showing} messages of {$total} total, {$new} new'),
(62208, 1, 18778, 'You have not conversation yet'),
(62209, 1, 18779, 'Your conversation list is empty'),
(62210, 1, 18780, 'Conversation'),
(62211, 1, 18781, '{$conversation_title} - {$site_name}'),
(62212, 1, 18782, 'Conversation not found'),
(62213, 1, 18783, 'Send Private Message'),
(62214, 1, 18784, 'Message NOT sent'),
(62215, 1, 18785, 'Message sent'),
(62216, 1, 18786, '%d days'),
(62217, 1, 18787, 'Delete'),
(62218, 1, 18788, 'Delete chat'),
(62219, 1, 18789, 'Before uninstalling Messages plugin we have to remove all existing users'' chat content. This may take awhile.'),
(62220, 1, 18790, 'Are you sure you want to delete selected conversation(s)?'),
(62221, 1, 18791, 'Warning'),
(62222, 1, 18792, 'Delete Conversation'),
(62223, 1, 18793, 'Delete'),
(62224, 1, 18794, 'Conversation has been deleted'),
(62225, 1, 18795, 'Delete history'),
(62226, 1, 18796, '{$count} conversation(s) deleted'),
(62227, 1, 18797, 'Disable sounds'),
(62228, 1, 18798, 'New <a href="{$conversationUrl}" >message</a> from <a href="{$userUrl}">{$userName}</a>'),
(62229, 1, 18799, 'Someone sends me a new message'),
(62230, 1, 18800, 'Mailbox'),
(62231, 1, 18801, 'Enable file attachments'),
(62232, 1, 18802, 'Enable sounds'),
(62233, 1, 18803, 'Enable sounds'),
(62234, 1, 18804, 'Mass-messaging is blocked. You need to wait for {$send_message_interval} seconds before sending a message again.'),
(62235, 1, 18805, 'File attachments disabled'),
(62236, 1, 18806, 'Find Contact'),
(62237, 1, 18807, 'Online friends'),
(62238, 1, 18808, 'from now'),
(62239, 1, 18809, 'General Settings'),
(62240, 1, 18810, 'General Settings'),
(62241, 1, 18811, 'Inbox'),
(62242, 1, 18812, 'My mailbox - {$site_name}'),
(62243, 1, 18813, 'Keep Unread'),
(62244, 1, 18814, 'Chats'),
(62245, 1, 18815, 'Mails'),
(62246, 1, 18816, 'Mails + Chat'),
(62247, 1, 18817, 'New message'),
(62248, 1, 18818, 'Search'),
(62249, 1, 18819, 'Last message sent'),
(62250, 1, 18820, 'less than a minute'),
(62251, 1, 18821, 'Load Earlier Messages'),
(62252, 1, 18822, 'Mailbox'),
(62253, 1, 18823, 'Messages'),
(62254, 1, 18824, 'Subject:'),
(62255, 1, 18825, 'Mark as Read'),
(62256, 1, 18826, 'Mark as Unread'),
(62257, 1, 18827, 'Conversation has been marked as read'),
(62258, 1, 18828, 'Conversation has been marked as unread'),
(62259, 1, 18829, 'Failed to mark conversation as read'),
(62260, 1, 18830, '{$count} conversation(s) marked as read'),
(62261, 1, 18831, 'Mark as unread'),
(62262, 1, 18832, 'Failed to mark conversation as unread'),
(62263, 1, 18833, '{$count} conversation(s) marked as unread'),
(62264, 1, 18834, 'Mb'),
(62265, 1, 18835, 'Messages'),
(62266, 1, 18836, 'Someone sends me a new chat message'),
(62267, 1, 18837, 'Someone sends me a new mail message'),
(62268, 1, 18838, 'Messages'),
(62269, 1, 18839, 'Message'),
(62270, 1, 18840, 'Ouch, that''s a long text! Try to be a little more compact, under {$maxLength} symbols.'),
(62271, 1, 18841, 'Message was not authorized'),
(62272, 1, 18842, '%d minutes'),
(62273, 1, 18843, '%d months'),
(62274, 1, 18844, 'Settings saved'),
(62275, 1, 18845, 'new'),
(62276, 1, 18846, '*** New Message ***'),
(62277, 1, 18847, '{$count} new'),
(62278, 1, 18848, 'You have {$count} new message(s)!'),
(62279, 1, 18849, 'New message'),
(62280, 1, 18850, 'New message to'),
(62281, 1, 18851, 'New message from {$sendername}'),
(62282, 1, 18852, 'Hello {$username},<br/>\r\n<br/>\r\nYou have received a new message from {$sendername} on {$site_name}.<br/>\r\n<br/>\r\nGo to <a href="{$replyUrl}">{$replyUrl}</a> to reply to this message. <br/>\r\n<br/>\r\nSincerely, {$site_name} administration'),
(62283, 1, 18853, 'Hello {$username},\r\n\r\nYou have received a new message from {$sendername} on {$site_name}.\r\n\r\nGo to {$replyUrl} to reply to this message. \r\n\r\nSincerely, {$site_name} administration'),
(62284, 1, 18854, 'No friends online'),
(62285, 1, 18855, 'No messages'),
(62286, 1, 18856, 'Others'),
(62287, 1, 18857, 'Messages'),
(62288, 1, 18858, 'Uninstall Messages plugin'),
(62289, 1, 18859, 'Permission denied'),
(62290, 1, 18860, 'Before you continue sending messages let''s make sure you are a human. Please confirm the security code below:'),
(62291, 1, 18861, 'Value is incorrect or greater than server limit.'),
(62292, 1, 18862, 'The <i>Messages</i> plugin is being installed. Time for completing the installation depends on the number of users and cron schedule. <br />Installed so far: {$percents}%'),
(62293, 1, 18863, 'The <i>Messages</i> plugin is being installed. Time for completing the installation depends on the number of users and cron schedule. <br />Installed so far: {$percents}%'),
(62294, 1, 18864, '''Messages'' plugin uninstall initiated.'),
(62295, 1, 18865, 'Who can invite me to chat'),
(62296, 1, 18866, 'You do not have enough permissions to read messages.'),
(62297, 1, 18867, 'You do not have enough permissions to read this message.'),
(62298, 1, 18868, 'Read the message'),
(62299, 1, 18869, 'Recipient is not selected'),
(62300, 1, 18870, 'You do not have enough permissions to reply to messages.'),
(62301, 1, 18871, 'Save settings'),
(62302, 1, 18872, 'Selected'),
(62303, 1, 18873, 'All'),
(62304, 1, 18874, 'Send'),
(62305, 1, 18875, 'Send'),
(62306, 1, 18876, 'Send Message'),
(62307, 1, 18877, 'Failed to send message:'),
(62308, 1, 18878, 'You do not have enough permissions to write  messages.'),
(62309, 1, 18879, 'Sent'),
(62310, 1, 18880, 'Sent'),
(62311, 1, 18881, 'Compose reply'),
(62312, 1, 18882, 'Sent messages - {$site_name}'),
(62313, 1, 18883, 'Installation'),
(62314, 1, 18884, 'Really bad idea for big sites'),
(62315, 1, 18885, 'Friends Only Mode'),
(62316, 1, 18886, 'Choose messages mode'),
(62317, 1, 18887, 'Allow to send messages once in'),
(62318, 1, 18888, 'seconds'),
(62319, 1, 18889, 'Show all members in chat userlist'),
(62320, 1, 18890, 'Settings saved'),
(62321, 1, 18891, 'Settings updated'),
(62322, 1, 18892, 'Show all users'),
(62323, 1, 18893, 'Show only online users'),
(62324, 1, 18894, 'Invisible for all'),
(62325, 1, 18895, 'Subject'),
(62326, 1, 18896, 'Subject is empty'),
(62327, 1, 18897, 'Open in chat'),
(62328, 1, 18898, 'Text'),
(62329, 1, 18899, 'Text Message'),
(62330, 1, 18900, 'To'),
(62331, 1, 18901, 'In progress'),
(62332, 1, 18902, 'The <i>Messages</i> plugin is being uninstalled. Time for completing the uninstallation depends on the number of users and cron schedule. <br />Uninstalled so far: {$percents}%'),
(62333, 1, 18903, 'Failed to write file to disk.'),
(62334, 1, 18904, 'Too many files uploaded!'),
(62335, 1, 18905, 'Delete file fail!'),
(62336, 1, 18906, 'Delete file success!'),
(62337, 1, 18907, 'The file extention is not allowed.'),
(62338, 1, 18908, 'File upload fail!'),
(62339, 1, 18909, 'The uploaded file was only partially uploaded.'),
(62340, 1, 18910, 'A PHP extension stopped the file upload. PHP does not provide a way to ascertain which extension caused the file upload to stop.'),
(62341, 1, 18911, 'The uploaded file exceeds the max upload filesize.'),
(62342, 1, 18912, 'File {$file_name} :'),
(62343, 1, 18913, 'Upload file not found!'),
(62344, 1, 18914, 'No file was uploaded.'),
(62345, 1, 18915, 'Missing a temporary folder.'),
(62346, 1, 18916, 'Max upload attachment size'),
(62347, 1, 18917, 'Read chat messages'),
(62348, 1, 18918, 'Read private message'),
(62349, 1, 18919, 'Continue chat dialog'),
(62350, 1, 18920, 'Continue mail dialog'),
(62351, 1, 18921, 'Start chat dialog'),
(62352, 1, 18922, 'Start mail dialog'),
(62353, 1, 18923, 'User List'),
(62354, 1, 18924, 'User you are trying to contact is deleted.'),
(62355, 1, 18925, 'User you are trying to contact is not approved.'),
(62356, 1, 18926, '''{$username}'' is not authorized to use chat'),
(62357, 1, 18927, 'User is not authorized to read messages'),
(62358, 1, 18928, 'User you are trying to contact is not verified.'),
(62359, 1, 18929, '[username] has gone offline'),
(62360, 1, 18930, '[username] is now online'),
(62361, 1, 18931, 'User you are trying to contact is suspended.'),
(62362, 1, 18932, 'User you are trying to contact is suspended.'),
(62363, 1, 18933, 'User not found'),
(62364, 1, 18934, 'Offline'),
(62365, 1, 18935, 'Settings'),
(62366, 1, 18936, 'Save settings'),
(62367, 1, 18937, 'Messages Settings'),
(62368, 1, 18938, '{$displayname} went offline'),
(62369, 1, 18939, 'Use Chat'),
(62370, 1, 18940, 'You do not have enough permissions to use chat.'),
(62371, 1, 18941, 'View All'),
(62372, 1, 18942, '{$displayname} only accepts chat requests from friends');
INSERT INTO `ow_base_language_value` (`id`, `languageId`, `keyId`, `value`) VALUES
(62373, 1, 18943, 'Wink'),
(62374, 1, 18944, 'You can write your reply here...'),
(62375, 1, 18945, 'You do not have enough permissions to write  messages.'),
(62376, 1, 18946, 'Write a reply...'),
(62377, 1, 18947, '%d years'),
(62378, 1, 18948, 'you'),
(62379, 1, 18949, 'Day of the week when weekly summaries are sent'),
(62380, 1, 18950, 'Day'),
(62381, 1, 18951, 'Hour of the day when daily and weekly summaries are sent'),
(62382, 1, 18952, 'Hour'),
(62383, 1, 18953, 'Email Notifications'),
(62384, 1, 18954, 'Email Notifications'),
(62385, 1, 18955, 'Settings saved'),
(62386, 1, 18956, 'Also send by email'),
(62387, 1, 18957, 'Schedule Settings'),
(62388, 1, 18958, 'Notifications'),
(62389, 1, 18959, 'Mail Notifications'),
(62390, 1, 18960, 'Mail Notifications'),
(62391, 1, 18961, 'Email Notifications'),
(62392, 1, 18962, 'Talk soon,<br />\r\n{$site_name}, administration<br />\r\n{$site_url}'),
(62393, 1, 18963, 'Here''s the latest activity on <a href="{$site_url}"> {$site_name}</a> related to you:'),
(62394, 1, 18964, 'Dear {$userName},'),
(62395, 1, 18965, 'Latest activity on {$site_name}'),
(62396, 1, 18966, 'Talk soon,\r\n{$site_name}, administration\r\n{$site_url}'),
(62397, 1, 18967, 'Dear {$userName},\r\nHere''s the latest activity on {$site_name} related to you:'),
(62398, 1, 18968, 'Burada iki gn boyunca gerekleen tm bildirileri grebilirsin.Geri kalanlarn ise eposta adresinden kontrol edebilirsin.'),
(62399, 1, 18969, 'Save'),
(62400, 1, 18970, 'Save'),
(62401, 1, 18971, 'Automatically'),
(62402, 1, 18972, 'Automatically (if you don''t show up on the site for 2 days)'),
(62403, 1, 18973, 'Daily'),
(62404, 1, 18974, 'Immediately'),
(62405, 1, 18975, 'Never'),
(62406, 1, 18976, 'Schedule'),
(62407, 1, 18977, 'Weekly'),
(62408, 1, 18978, 'Settings changed'),
(62409, 1, 18979, 'Change preferences and frequency of these notifications'),
(62410, 1, 18980, 'Settings not changed'),
(62411, 1, 18981, 'Email Notifications'),
(62412, 1, 18982, 'Email Notifications'),
(62413, 1, 18983, 'Mail Notifications'),
(62414, 1, 18984, 'Mail Notifications'),
(62415, 1, 18985, 'Unsubscribe from all notifications'),
(62416, 1, 18986, 'Unsubscribe code expired'),
(62417, 1, 18987, 'You have been successfully unsubscribed'),
(62418, 1, 18988, 'Are you sure you want to unsubscribe from these notifications?'),
(62419, 1, 18989, 'Unsubscribe from this type of notifications'),
(62420, 1, 18990, 'Add Image'),
(62421, 1, 18991, 'Add new'),
(62422, 1, 18992, 'Add Slide'),
(62423, 1, 18993, 'Are you sure you want to uninstall this plugin?'),
(62424, 1, 18994, 'Delete content and uninstall plugin'),
(62425, 1, 18995, 'Before uninstalling slideshow plugin we have to remove all existing slideshows content. This may take awhile.'),
(62426, 1, 18996, 'Warning'),
(62427, 1, 18997, 'Are you sure you want to delete slide?'),
(62428, 1, 18998, 'Edit slide'),
(62429, 1, 18999, 'Effect'),
(62430, 1, 19000, 'fade'),
(62431, 1, 19001, 'slide'),
(62432, 1, 19002, 'File'),
(62433, 1, 19003, 'Images'),
(62434, 1, 19004, 'Interval'),
(62435, 1, 19005, 'long'),
(62436, 1, 19006, 'medium'),
(62437, 1, 19007, 'short'),
(62438, 1, 19008, 'Label'),
(62439, 1, 19009, 'Navigation'),
(62440, 1, 19010, 'No images added'),
(62441, 1, 19011, 'Optional'),
(62442, 1, 19012, 'Uninstall slideshow plugin'),
(62443, 1, 19013, 'Slideshow plugin uninstall initiated.'),
(62444, 1, 19014, '<span class="ow_mild_green">Drag''n''drop</span> images to rearrange their order.'),
(62445, 1, 19015, 'Slideshow Settings'),
(62446, 1, 19016, 'In progress'),
(62447, 1, 19017, 'Please wait while all slideshow content is being removed. This make take awhile depending on the number of slideshows on your site.'),
(62448, 1, 19018, 'URL'),
(62449, 1, 19019, 'Slideshow'),
(62450, 1, 19020, '<a href="{$userUrl}">{$user}</a> <a href="{$url}">replied</a> in <a href="{$topicUrl}">{$topicTitle}</a> forum topic'),
(62451, 1, 19021, '<a href="{$userUrl}">{$user}</a> started new discussion: <a href="{$topicUrl}">{$topicTitle}</a>'),
(62452, 1, 19022, 'Start new'),
(62453, 1, 19023, 'Add new post'),
(62454, 1, 19024, 'Add New Forum'),
(62455, 1, 19025, 'Description'),
(62456, 1, 19026, 'Forum name'),
(62457, 1, 19027, 'Section'),
(62458, 1, 19028, 'Add'),
(62459, 1, 19029, 'Add Forum'),
(62460, 1, 19030, 'Post'),
(62461, 1, 19031, 'Post Reply'),
(62462, 1, 19032, 'Forum - Plugin Settings'),
(62463, 1, 19033, 'Approve'),
(62464, 1, 19034, 'Attachments'),
(62465, 1, 19035, 'File has been deleted'),
(62466, 1, 19036, 'Attachment maximum file size'),
(62467, 1, 19037, 'Attach files'),
(62468, 1, 19038, 'Author'),
(62469, 1, 19039, 'Create/Edit topic'),
(62470, 1, 19040, 'Move topics'),
(62471, 1, 19041, 'Subscribe to forum topics'),
(62472, 1, 19042, 'View topic'),
(62473, 1, 19043, 'Forum'),
(62474, 1, 19044, ' Back to topic'),
(62475, 1, 19045, 'by'),
(62476, 1, 19046, 'Ouch, that''s a long text! Try to be a little more compact, under {$limit} symbols.'),
(62477, 1, 19047, 'Number of topics to show'),
(62478, 1, 19048, 'Preview length for forum topic in characters'),
(62479, 1, 19049, 'Are you sure you want to delete this file?'),
(62480, 1, 19050, 'Are you sure you want to remove ALL forum topics and sections?'),
(62481, 1, 19051, 'Connect forum'),
(62482, 1, 19052, 'Add forum to this plugin'),
(62483, 1, 19053, 'created new forum topic'),
(62484, 1, 19054, 'edited their forum topic'),
(62485, 1, 19055, 'Forums'),
(62486, 1, 19056, 'Forum post'),
(62487, 1, 19057, 'forum post in <a href="{$topicUrl}">{$title}</a>'),
(62488, 1, 19058, 'forum topic'),
(62489, 1, 19059, 'Create New Forum Topic'),
(62490, 1, 19060, 'Delete'),
(62491, 1, 19061, 'Delete content and uninstall plugin'),
(62492, 1, 19062, 'Before uninstalling forum plugin we have to remove all existing forum content. This may take awhile. That is why we will put the site to "maintenance mode" and activate it back upon completing the uninstall.'),
(62493, 1, 19063, 'Warning'),
(62494, 1, 19064, 'delete'),
(62495, 1, 19065, 'Are you sure you want to delete forum group?'),
(62496, 1, 19066, 'Are you sure you want to delete the post?'),
(62497, 1, 19067, 'delete'),
(62498, 1, 19068, 'Are you sure you want to delete the forum section?'),
(62499, 1, 19069, 'Delete'),
(62500, 1, 19070, 'Are you sure you want to delete the topic?'),
(62501, 1, 19071, 'Discussion'),
(62502, 1, 19072, 'Edit'),
(62503, 1, 19073, 'edit'),
(62504, 1, 19074, 'Save'),
(62505, 1, 19075, 'Description'),
(62506, 1, 19076, 'Forum name'),
(62507, 1, 19077, 'Edit Forum Group'),
(62508, 1, 19078, 'Edit Post'),
(62509, 1, 19079, 'edit'),
(62510, 1, 19080, 'Save'),
(62511, 1, 19081, 'Section Name'),
(62512, 1, 19082, 'Edit Forum Section'),
(62513, 1, 19083, 'Edit'),
(62514, 1, 19084, 'Edit Topic'),
(62515, 1, 19085, 'Forum'),
(62516, 1, 19086, 'Someone posts a reply in a forum topic'),
(62517, 1, 19087, '<a href="{$userUrl}">{$userName}</a> replied in <a href="{$postUrl}">{$title}</a> forum topic.'),
(62518, 1, 19088, 'Enable file attachments'),
(62519, 1, 19089, 'Enter Username'),
(62520, 1, 19090, '<a href="{$postUrl}">Latest reply</a>:'),
(62521, 1, 19091, 'liked their forum topic'),
(62522, 1, 19092, 'replied in forum topic'),
(62523, 1, 19093, 'posted a forum topic'),
(62524, 1, 19094, 'liked {$user}''s forum topic'),
(62525, 1, 19095, 'Forum topics'),
(62526, 1, 19096, 'Forum topic replies'),
(62527, 1, 19097, 'Discuss'),
(62528, 1, 19098, 'Replies: <span class="ow_txt_value">{$postCount}</span>'),
(62529, 1, 19099, 'Value is incorrect or greater than server limit'),
(62530, 1, 19100, 'Flag'),
(62531, 1, 19101, 'Forum posts'),
(62532, 1, 19102, 'Forum'),
(62533, 1, 19103, 'Forum is already connected'),
(62534, 1, 19104, 'Forum home'),
(62535, 1, 19105, '{$forum} | Forum'),
(62536, 1, 19106, 'Quote'),
(62537, 1, 19107, 'from'),
(62538, 1, 19108, 'Forum settings'),
(62539, 1, 19109, 'Forum Topics'),
(62540, 1, 19110, 'General settings'),
(62541, 1, 19111, 'Go to Forum'),
(62542, 1, 19112, '{$group} on {$site_name} forum'),
(62543, 1, 19113, 'In'),
(62544, 1, 19114, 'Private'),
(62545, 1, 19115, 'Last Reply'),
(62546, 1, 19116, 'Latest reply from <a href="{$url}">{$user}</a>'),
(62547, 1, 19117, 'locked'),
(62548, 1, 19118, 'Lock'),
(62549, 1, 19119, 'Are you sure you want to lock this topic?'),
(62550, 1, 19120, 'Add a new topic at the forums.'),
(62551, 1, 19121, 'Forums - {$site_name}'),
(62552, 1, 19122, 'New forum topic - {$site_name}'),
(62553, 1, 19123, 'Topic was moved from <a href="{$groupUrl}">{$groupName}</a>.'),
(62554, 1, 19124, 'Topic was <a href="{$topicUrl}">moved</a>.'),
(62555, 1, 19125, 'Move'),
(62556, 1, 19126, 'Move'),
(62557, 1, 19127, 'Move Topic'),
(62558, 1, 19128, 'new'),
(62559, 1, 19129, 'Post body'),
(62560, 1, 19130, 'New Topic'),
(62561, 1, 19131, 'Forum'),
(62562, 1, 19132, 'Topic subject'),
(62563, 1, 19133, 'Some attachments exceed allowed file size or their format not supported'),
(62564, 1, 19134, 'No groups'),
(62565, 1, 19135, 'No posts found'),
(62566, 1, 19136, 'There are no topics here. You''ll be the first.'),
(62567, 1, 19137, 'No topics'),
(62568, 1, 19138, 'Uninstall forum plugin'),
(62569, 1, 19139, '<span class="ow_remark ow_small" style="text-transform: none">(pending approval)</span>'),
(62570, 1, 19140, 'Message <a href="{$permalink}">#{$number}</a>'),
(62571, 1, 19141, 'Forum plugin uninstall initiated.'),
(62572, 1, 19142, 'The Forum post is edited by'),
(62573, 1, 19143, 'Post location:'),
(62574, 1, 19144, 'Quote'),
(62575, 1, 19145, 'Replies'),
(62576, 1, 19146, 'Search all forum'),
(62577, 1, 19147, 'Search this forum'),
(62578, 1, 19148, 'Search this section'),
(62579, 1, 19149, 'Search this topic'),
(62580, 1, 19150, 'Forum search'),
(62581, 1, 19151, 'Please select forum section'),
(62582, 1, 19152, 'Settings updated'),
(62583, 1, 19153, 'Last post date'),
(62584, 1, 19154, 'Relevance'),
(62585, 1, 19155, 'sticky'),
(62586, 1, 19156, 'Make Sticky'),
(62587, 1, 19157, 'Are you sure you want to make this topic sticky?'),
(62588, 1, 19158, 'Subscribe to new posts'),
(62589, 1, 19159, 'Topic subscription added'),
(62590, 1, 19160, 'Topic subscription canceled'),
(62591, 1, 19161, 'This topic'),
(62592, 1, 19162, 'Topic'),
(62593, 1, 19163, 'Topics'),
(62594, 1, 19164, '{$count} attached files'),
(62595, 1, 19165, 'This topic is locked'),
(62596, 1, 19166, 'This topic is sticky'),
(62597, 1, 19167, 'Topic location:'),
(62598, 1, 19168, '{$topic} | Forum {$content}'),
(62599, 1, 19169, 'In progress'),
(62600, 1, 19170, 'Please wait while all forum content is being removed. This make take awhile depending on the number of forum posts on your site.'),
(62601, 1, 19171, 'Unlock'),
(62602, 1, 19172, 'Are you sure you want to unlock this topic?'),
(62603, 1, 19173, 'Remove from sticky'),
(62604, 1, 19174, 'This topic will not be sticky. Are you sure you want to remove this topic from sticky ones?'),
(62605, 1, 19175, '(Server limit: {$value})'),
(62606, 1, 19176, 'Post in forum'),
(62607, 1, 19177, 'Views'),
(62608, 1, 19178, 'Visible for user roles'),
(62609, 1, 19179, 'Forum'),
(62610, 1, 19180, '<a href="{$userUrl}">{$user}</a> created new group: <a href="{$groupUrl}">{$groupTitle}</a>'),
(62611, 1, 19181, '<a href="{$userUrl}">{$user}</a> just joined <a href="{$groupUrl}">{$groupTitle}</a> group'),
(62612, 1, 19182, 'Additional features'),
(62613, 1, 19183, 'Create new'),
(62614, 1, 19184, 'Group'),
(62615, 1, 19185, 'Groups'),
(62616, 1, 19186, 'Write on comment wall'),
(62617, 1, 19187, 'Create/Edit topic'),
(62618, 1, 19188, 'Create groups'),
(62619, 1, 19189, 'The author can delete wall comments'),
(62620, 1, 19190, 'View groups'),
(62621, 1, 19191, 'Allow group wall posts'),
(62622, 1, 19192, 'Groups'),
(62623, 1, 19193, 'commented on this group'),
(62624, 1, 19194, 'Are you sure you want to remove ALL groups?'),
(62625, 1, 19195, 'Group invitations'),
(62626, 1, 19196, 'Groups'),
(62627, 1, 19197, 'Group'),
(62628, 1, 19198, 'Description'),
(62629, 1, 19199, 'Image'),
(62630, 1, 19200, 'Title'),
(62631, 1, 19201, 'Create Group'),
(62632, 1, 19202, 'Create New Forum Topic - {$group}'),
(62633, 1, 19203, 'You are not allowed to create a group'),
(62634, 1, 19204, 'Create a new group for any topic within {$site_name}.'),
(62635, 1, 19205, 'Create new group - {$site_name}'),
(62636, 1, 19206, 'Create'),
(62637, 1, 19207, 'Group created'),
(62638, 1, 19208, 'creator'),
(62639, 1, 19209, 'Group deleted'),
(62640, 1, 19210, 'Are you sure you want to delete this group? This will remove all its content, too.'),
(62641, 1, 19211, 'Delete content and uninstall plugin'),
(62642, 1, 19212, 'Before uninstalling groups plugin we have to remove all existing groups. This may take awhile. That is why we will put the site to "maintenance mode" and activate it back upon completing the uninstall.'),
(62643, 1, 19213, 'Warning'),
(62644, 1, 19214, 'Are you sure?'),
(62645, 1, 19215, 'Delete post'),
(62646, 1, 19216, 'Delete'),
(62647, 1, 19217, 'Are you sure you want to delete the user from this group'),
(62648, 1, 19218, 'Delete user'),
(62649, 1, 19219, 'User has been deleted'),
(62650, 1, 19220, 'Back to group'),
(62651, 1, 19221, 'Edit'),
(62652, 1, 19222, 'Save'),
(62653, 1, 19223, 'Changes saved'),
(62654, 1, 19224, '<a href="{$userUrl}">{$userName}</a> added a wall comment in <a href="{$url}">{$title}</a> group'),
(62655, 1, 19225, 'Someone posts a wall comment in a group I participate in'),
(62656, 1, 19226, '<a href="{$inviterUrl}">{$inviterName}</a> invited you to the group "<a href="{$groupUrl}">{$groupName}</a>"'),
(62657, 1, 19227, 'Groups'),
(62658, 1, 19228, 'Invalid image type. Only jpg/jpeg/png/gif allowed.'),
(62659, 1, 19229, 'File upload failed'),
(62660, 1, 19230, 'Attention: Forum is required for Groups. Go to <a href="{$url}">plugin list</a> to activate it'),
(62661, 1, 19231, '{$user} just joined'),
(62662, 1, 19232, 'Total users: <span class="ow_txt_value">{$usersCount}</span>'),
(62663, 1, 19233, 'Groups'),
(62664, 1, 19234, 'created new group'),
(62665, 1, 19235, 'You are now following {$groupTitle}'),
(62666, 1, 19236, 'Follow'),
(62667, 1, 19237, 'Unfollow'),
(62668, 1, 19238, 'just joined this group'),
(62669, 1, 19239, 'You are no longer following {$groupTitle}'),
(62670, 1, 19240, 'Groups'),
(62671, 1, 19241, 'Group creator only'),
(62672, 1, 19242, 'Who can invite'),
(62673, 1, 19243, 'Participants'),
(62674, 1, 19244, 'Anybody'),
(62675, 1, 19245, 'By invitation only'),
(62676, 1, 19246, 'Who can view'),
(62677, 1, 19247, 'Forum has been connected to Groups plugin'),
(62678, 1, 19248, 'General'),
(62679, 1, 19249, 'No groups'),
(62680, 1, 19250, 'The group with this name already exists'),
(62681, 1, 19251, 'edited their group'),
(62682, 1, 19252, 'Groups'),
(62683, 1, 19253, 'Invitations'),
(62684, 1, 19254, 'Latest'),
(62685, 1, 19255, 'My groups'),
(62686, 1, 19256, 'Most Popular'),
(62687, 1, 19257, 'You can''t delete the owner of this group'),
(62688, 1, 19258, '{$user1} invites you to {$group} group.'),
(62689, 1, 19259, '{$user1} and {$user2} invite you to {$group}'),
(62690, 1, 19260, '{$user1} and {$user2} and {$otherUsers} invite you to {$group}'),
(62691, 1, 19261, 'other users'),
(62692, 1, 19262, 'Accept'),
(62693, 1, 19263, 'Invite'),
(62694, 1, 19264, 'The invite was declined'),
(62695, 1, 19265, 'Ignore'),
(62696, 1, 19266, 'Invite my friends'),
(62697, 1, 19267, 'Group invitations'),
(62698, 1, 19268, 'Group invitations - {$site_name}'),
(62699, 1, 19269, 'You''ve successfully joined this group'),
(62700, 1, 19270, 'Most recently created user groups at {$site_name}.'),
(62701, 1, 19271, 'Latest groups at {$site_name}'),
(62702, 1, 19272, 'You''ve left this group'),
(62703, 1, 19273, 'No groups available'),
(62704, 1, 19274, '<span class="ow_txt_value">{$count}</span> members'),
(62705, 1, 19275, 'Groups'),
(62706, 1, 19276, 'My Groups'),
(62707, 1, 19277, 'My groups at {$site_name}'),
(62708, 1, 19278, 'Someone invites me to a group'),
(62709, 1, 19279, 'Uninstall groups plugin'),
(62710, 1, 19280, 'Forum plugin uninstall initiated.'),
(62711, 1, 19281, 'Most popular created user groups at {$site_name}.'),
(62712, 1, 19282, 'Most popular groups at {$site_name}'),
(62713, 1, 19283, 'You need to be a group member to post.'),
(62714, 1, 19284, 'View my groups'),
(62715, 1, 19285, 'We are sorry. This group is private.'),
(62716, 1, 19286, 'Private group'),
(62717, 1, 19287, 'Private group'),
(62718, 1, 19288, '{$topic} - {$group}'),
(62719, 1, 19289, 'In progress'),
(62720, 1, 19290, 'Please wait while all forum content is being removed. This make take awhile depending on the number of groups on your site.'),
(62721, 1, 19291, 'Comment group wall'),
(62722, 1, 19292, 'Create group'),
(62723, 1, 19293, 'Post in group forum'),
(62724, 1, 19294, '{$count} users invited'),
(62725, 1, 19295, 'User groups at {$site_name}.'),
(62726, 1, 19296, 'Groups at {$site_name}'),
(62727, 1, 19297, 'No groups'),
(62728, 1, 19298, '{$userName}''s groups'),
(62729, 1, 19299, 'joined group'),
(62730, 1, 19300, 'Oops, no profiles'),
(62731, 1, 19301, ' Back to group forum topic list'),
(62732, 1, 19302, 'You are not allowed to view groups'),
(62733, 1, 19303, '{$description}'),
(62734, 1, 19304, '{$group_name} - group at {$site_name}'),
(62735, 1, 19305, 'The Wall'),
(62736, 1, 19306, 'Groups Configuration'),
(62737, 1, 19307, 'Admin: <a href="{$url}">{$name}</a>'),
(62738, 1, 19308, 'Created: {$date}'),
(62739, 1, 19309, 'Group Info'),
(62740, 1, 19310, 'Count'),
(62741, 1, 19311, 'Show Groups'' titles'),
(62742, 1, 19312, 'Groups'),
(62743, 1, 19313, 'Invite'),
(62744, 1, 19314, 'Join'),
(62745, 1, 19315, 'Join Button'),
(62746, 1, 19316, 'Leave Group'),
(62747, 1, 19317, 'Leave Button'),
(62748, 1, 19318, 'Count'),
(62749, 1, 19319, 'Users'),
(62750, 1, 19320, 'View all'),
(62751, 1, 19321, 'Number of groups to show'),
(62752, 1, 19322, 'Groups'),
(62753, 1, 19323, 'View all'),
(62754, 1, 19324, 'Maximum file size'),
(62755, 1, 19325, 'The photo cannot be uploaded if the size limit is exceeded. The possible limit is <b><i>0.5</i></b> Mb'),
(62756, 1, 19326, '<a href="{$userUrl}">{$user}</a> uploaded new <a href="{$url}">photo</a>.'),
(62757, 1, 19327, '<a href="{$userUrl}">{$user}</a> added {$count} photos to <a href="{$albumUrl}">{$albumName}</a> album'),
(62758, 1, 19328, 'Add description'),
(62759, 1, 19329, 'Add new'),
(62760, 1, 19330, 'Add photos'),
(62761, 1, 19331, 'Add tags'),
(62762, 1, 19332, 'Photo - Plugin Settings'),
(62763, 1, 19333, 'General'),
(62764, 1, 19334, 'View settings'),
(62765, 1, 19335, 'Advanced upload'),
(62766, 1, 19336, 'NO'),
(62767, 1, 19337, 'ADD PHOTOS'),
(62768, 1, 19338, 'COMPLETE'),
(62769, 1, 19339, 'PROCEED WITH UPLOADING PHOTOS?'),
(62770, 1, 19340, 'Enable advanced Adobe Flash uploader to let users choose any number of files, resize, rotate photos before upload'),
(62771, 1, 19341, 'PROCESSING'),
(62772, 1, 19342, 'UPLOAD'),
(62773, 1, 19343, 'UPLOADING'),
(62774, 1, 19344, 'YES'),
(62775, 1, 19345, 'Album'),
(62776, 1, 19346, 'albums by'),
(62777, 1, 19347, 'Album by'),
(62778, 1, 19348, 'Album deleted'),
(62779, 1, 19349, 'You are not allowed to delete photo albums'),
(62780, 1, 19350, 'Description'),
(62781, 1, 19351, 'My Photos'),
(62782, 1, 19352, 'Album Name'),
(62783, 1, 19353, 'Maximum number of photos per album'),
(62784, 1, 19354, 'Keep this number reasonably big'),
(62785, 1, 19355, 'You have exceeded the limit of {$limit} photos in album'),
(62786, 1, 19356, 'updated'),
(62787, 1, 19357, 'Approve'),
(62788, 1, 19358, 'Are you sure?'),
(62789, 1, 19359, 'Comment photo'),
(62790, 1, 19360, 'The content owner can delete comments'),
(62791, 1, 19361, 'Upload photo'),
(62792, 1, 19362, 'View photo'),
(62793, 1, 19363, 'You cannot edit the photo content due to limited permissions'),
(62794, 1, 19364, 'Photo'),
(62795, 1, 19365, 'You are not allowed to upload photo'),
(62796, 1, 19366, 'You cannot view the page content due to limited permissions'),
(62797, 1, 19367, 'Save'),
(62798, 1, 19368, 'Upload'),
(62799, 1, 19369, 'Check all'),
(62800, 1, 19370, 'Choose album'),
(62801, 1, 19371, 'Choose existing Album or create new one'),
(62802, 1, 19372, 'If you close the window - all data will be lost. Continue?'),
(62803, 1, 19373, 'The number of Photo Albums'),
(62804, 1, 19374, 'Show Photo Albums'' titles'),
(62805, 1, 19375, 'Number of photos to show'),
(62806, 1, 19376, 'comments'),
(62807, 1, 19377, '<a href="{$commentorUrl}">{$commentor}</a> commented on <a href="{$ownerUrl}">{$owner}</a>''s <a href="{$url}">photo</a>'),
(62808, 1, 19378, 'Comments:'),
(62809, 1, 19379, 'Are you sure you want to delete this photo?'),
(62810, 1, 19380, 'Are you sure you want to delete this photo album?'),
(62811, 1, 19381, 'Are you sure you want to remove ALL user photos?'),
(62812, 1, 19382, 'added new photo'),
(62813, 1, 19383, 'edited their photo'),
(62814, 1, 19384, 'Photos'),
(62815, 1, 19385, 'photo'),
(62816, 1, 19386, 'Original cover'),
(62817, 1, 19387, 'Preview cover'),
(62818, 1, 19388, 'Create album'),
(62819, 1, 19389, 'Crop album cover'),
(62820, 1, 19390, 'Delete Album'),
(62821, 1, 19391, 'Delete content and uninstall plugin'),
(62822, 1, 19392, 'Before uninstalling photo plugin we have to remove all existing user photo content. This may take awhile. That is why we will put the site to "maintenance mode" and activate it back upon completing the uninstall.'),
(62823, 1, 19393, 'Warning'),
(62824, 1, 19394, 'Are you sure you want to delete full-size photos?'),
(62825, 1, 19395, 'Delete full-size photos ({$count})'),
(62826, 1, 19396, 'Delete'),
(62827, 1, 19397, 'Delete Selected'),
(62828, 1, 19398, 'Description text...'),
(62829, 1, 19399, 'Describe your photos'),
(62830, 1, 19400, 'Description'),
(62831, 1, 19401, 'Add short description about these photos'),
(62832, 1, 19402, 'Click to browse photos'),
(62833, 1, 19403, 'Drag & Drop photos here or click to browse'),
(62834, 1, 19404, 'Done'),
(62835, 1, 19405, 'Allow users download photos'),
(62836, 1, 19406, 'Download'),
(62837, 1, 19407, 'Drop photos to start upload'),
(62838, 1, 19408, 'Edit Album'),
(62839, 1, 19409, 'Edit Cover'),
(62840, 1, 19410, 'Effects'),
(62841, 1, 19411, 'fade'),
(62842, 1, 19412, 'slide'),
(62843, 1, 19413, '<a href="{$userUrl}">{$userName}</a> commented on your <a href="{$photoUrl}">photo</a>.'),
(62844, 1, 19414, 'Photo'),
(62845, 1, 19415, 'Someone comments on my photo'),
(62846, 1, 19416, 'Enable advanced upload'),
(62847, 1, 19417, 'Failed to write file to disk'),
(62848, 1, 19418, 'A PHP extension stopped the file upload. PHP does not provide a way to ascertain which extension caused the file upload to stop; examining the list of loaded extensions with phpinfo() may help'),
(62849, 1, 19419, 'The uploaded file exceeds the MAX_FILE_SIZE directive that was specified in the HTML form'),
(62850, 1, 19420, 'The uploaded file exceeds the upload_max_filesize directive in php.ini'),
(62851, 1, 19421, 'No file was uploaded'),
(62852, 1, 19422, 'Missing a temporary folder'),
(62853, 1, 19423, 'The uploaded file was only partially uploaded'),
(62854, 1, 19424, 'liked their photo'),
(62855, 1, 19425, 'commented on their photo'),
(62856, 1, 19426, 'commented on {$user}''s photo'),
(62857, 1, 19427, 'liked {$user}''s photo'),
(62858, 1, 19428, 'Photo'),
(62859, 1, 19429, ''),
(62860, 1, 19430, 'and {$moreCount} more'),
(62861, 1, 19431, 'uploaded <a href="{$albumUrl}"> {$number}</a> new photos'),
(62862, 1, 19432, 'uploaded {$number} new photos to <a href="{$albumUrl}">{$albumName}</a> album'),
(62863, 1, 19433, 'uploaded {$number} new photo to <a href="{$albumUrl}">{$albumName}</a> album'),
(62864, 1, 19434, 'Value is incorrect or greater than server limit'),
(62865, 1, 19435, 'Photo'),
(62866, 1, 19436, 'Fullsize limit'),
(62867, 1, 19437, 'All photos larger than this size (X or Y) will be resized down to this limit for storage.'),
(62868, 1, 19438, 'Height must be a valid integer between {$min} and {$max}'),
(62869, 1, 19439, 'Main image size'),
(62870, 1, 19440, 'The photo size to display on page'),
(62871, 1, 19441, 'Mark as Featured'),
(62872, 1, 19442, 'Albums'),
(62873, 1, 19443, 'Explore'),
(62874, 1, 19444, 'Featured'),
(62875, 1, 19445, 'Latest'),
(62876, 1, 19446, 'Most Discussed'),
(62877, 1, 19447, 'My photos'),
(62878, 1, 19448, 'Photos'),
(62879, 1, 19449, 'Browse by tags'),
(62880, 1, 19450, 'Top Rated'),
(62881, 1, 19451, 'Featured photos uploaded by members of {$site_name}.'),
(62882, 1, 19452, 'Recently uploaded photos by members of {$site_name}.'),
(62883, 1, 19453, 'Most Discussed photos uploaded by members of {$site_name}.'),
(62884, 1, 19454, 'Browse photos by tags: {$topTags}, and others.'),
(62885, 1, 19455, 'View photos tagged as ''{$tag}''.'),
(62886, 1, 19456, 'Most highly rated photos uploaded by members of {$site_name}.'),
(62887, 1, 19457, 'Upload new photos to {$site_name}.'),
(62888, 1, 19458, '{$number} photos by {$displayName}.'),
(62889, 1, 19459, 'Photo albums by {$displayName} - {$albums}, and others.'),
(62890, 1, 19460, '{$title} - photo tagged as {$tags}.'),
(62891, 1, 19461, 'Featured photos - {$site_name}'),
(62892, 1, 19462, 'Latest photos - {$site_name}'),
(62893, 1, 19463, 'Most Discussed photos - {$site_name}'),
(62894, 1, 19464, 'Browse photos by tags - {$site_name}'),
(62895, 1, 19465, '''{$tag}'' photos - {$site_name}'),
(62896, 1, 19466, 'Top rated photos - {$site_name}'),
(62897, 1, 19467, 'Upload photos - {$site_name}'),
(62898, 1, 19468, '{$albumName} (photo album by {$displayName}) - {$site_name}'),
(62899, 1, 19469, '{$displayName}''s photo albums - {$site_name}'),
(62900, 1, 19470, '{$title} - photo at {$site_name}'),
(62901, 1, 19471, 'Choose photo'),
(62902, 1, 19472, 'Photo'),
(62903, 1, 19473, 'Replace photo'),
(62904, 1, 19474, 'Move to Album'),
(62905, 1, 19475, 'Move photos to new album'),
(62906, 1, 19476, 'My Photo Albums'),
(62907, 1, 19477, 'Newsfeed Photos'),
(62908, 1, 19478, 'You can''t create an album with this name.'),
(62909, 1, 19479, 'Next photo'),
(62910, 1, 19480, 'Some photos were not uploaded because of excessive size or wrong format'),
(62911, 1, 19481, 'No albums'),
(62912, 1, 19482, 'No items'),
(62913, 1, 19483, 'No photo'),
(62914, 1, 19484, 'No photo found'),
(62915, 1, 19485, 'No photo selected'),
(62916, 1, 19486, 'No photos were uploaded because of excessive size or wrong format'),
(62917, 1, 19487, 'of'),
(62918, 1, 19488, 'Browse Photos'),
(62919, 1, 19489, 'Uninstall photo plugin'),
(62920, 1, 19490, '{$user}''s photo albums'),
(62921, 1, 19491, 'Pending Approval . . .'),
(62922, 1, 19492, 'You only had enough credits to upload {$uploaded} photos out of {$count}. Buy more credits to upload the rest'),
(62923, 1, 19493, 'Photos per page'),
(62924, 1, 19494, 'Browsing lists of photos and photo albums'),
(62925, 1, 19495, 'Gallery'),
(62926, 1, 19496, 'Photos deleted'),
(62927, 1, 19497, '{$total} photos'),
(62928, 1, 19498, '{$count} photos uploaded'),
(62929, 1, 19499, 'The {$count} photos will be available shortly, pending approval.'),
(62930, 1, 19500, 'Added'),
(62931, 1, 19501, 'Photo album saved'),
(62932, 1, 19502, 'Photo deleted'),
(62933, 1, 19503, 'Photo'),
(62934, 1, 19504, 'Photos'),
(62935, 1, 19505, 'Photo NOT deleted'),
(62936, 1, 19506, 'Photo(s) successfully moved'),
(62937, 1, 19507, 'Photo updated'),
(62938, 1, 19508, 'The photo will be available shortly, pending approval.'),
(62939, 1, 19509, 'Photo upload error'),
(62940, 1, 19510, 'Pic #{$number}'),
(62941, 1, 19511, 'Play/Pause'),
(62942, 1, 19512, 'Please wait while previously photo is being uploaded'),
(62943, 1, 19513, 'Photo plugin uninstall initiated.'),
(62944, 1, 19514, 'Preview image size'),
(62945, 1, 19515, 'The photo size to display on page'),
(62946, 1, 19516, 'Previous photo'),
(62947, 1, 19517, 'View my photo albums'),
(62948, 1, 19518, 'Limits'),
(62949, 1, 19519, 'You have exceeded the limit of {$limit} photos'),
(62950, 1, 19520, 'Rating'),
(62951, 1, 19521, '(Total {$count})'),
(62952, 1, 19522, '(Total {$count}. Your is {$score})'),
(62953, 1, 19523, 'Recently uploaded photos'),
(62954, 1, 19524, 'Remove from Featured'),
(62955, 1, 19525, 'Save as Avatar'),
(62956, 1, 19526, 'Save as Album Cover'),
(62957, 1, 19527, 'Search text, @username or #hashtag'),
(62958, 1, 19528, 'No items found'),
(62959, 1, 19529, 'Select only 1 photo to set the cover'),
(62960, 1, 19530, 'Settings updated'),
(62961, 1, 19531, 'Set as album cover'),
(62962, 1, 19532, 'Set as Album Cover'),
(62963, 1, 19533, 'Show'),
(62964, 1, 19534, 'Simple upload'),
(62965, 1, 19535, 'Photo "{$name}" file size cannot be greater than <b>{$size}</b> Mb'),
(62966, 1, 19536, 'Slideshow time:&nbsp;'),
(62967, 1, 19537, 'Settings'),
(62968, 1, 19538, 'Photo status changed'),
(62969, 1, 19539, 'Store full-size photos'),
(62970, 1, 19540, 'Show and store full-size photos'),
(62971, 1, 19541, 'Tags'),
(62972, 1, 19542, 'Comma-separated'),
(62973, 1, 19543, 'Tag search'),
(62974, 1, 19544, 'Tag search result for:'),
(62975, 1, 19545, 'Edit photo'),
(62976, 1, 19546, '{$total} albums total'),
(62977, 1, 19547, 'This photo is too small to be set as the album cover. Minimum size is 330x330'),
(62978, 1, 19548, 'Invalid file type. {$name}'),
(62979, 1, 19549, 'In progress'),
(62980, 1, 19550, 'Please wait while all photo content is being removed. This make take awhile depending on the number of photos on your site.'),
(62981, 1, 19551, 'Upload'),
(62982, 1, 19552, '(Server limit: {$value})'),
(62983, 1, 19553, 'Upload photos'),
(62984, 1, 19554, 'Upload Settings'),
(62985, 1, 19555, 'Comment photo'),
(62986, 1, 19556, 'Add photo'),
(62987, 1, 19557, 'Photo Albums'),
(62988, 1, 19558, 'Maximum number of photos for user'),
(62989, 1, 19559, 'Keep this number reasonably big'),
(62990, 1, 19560, 'View full-size'),
(62991, 1, 19561, 'View Settings'),
(62992, 1, 19562, 'View all user albums'),
(62993, 1, 19563, 'Width must be a valid integer between {$min} and {$max}'),
(62994, 1, 19564, '<a href="{$userUrl}">{$user}</a> added new video: <a href="{$url}">{$clipTitle}</a>'),
(62995, 1, 19565, 'Added'),
(62996, 1, 19566, 'Add new'),
(62997, 1, 19567, 'Video - Plugin Settings'),
(62998, 1, 19568, 'General'),
(62999, 1, 19569, 'Add video'),
(63000, 1, 19570, 'Comment video'),
(63001, 1, 19571, 'The content owner can delete comments'),
(63002, 1, 19572, 'View video'),
(63003, 1, 19573, 'You can''t add video due to limited permissions'),
(63004, 1, 19574, 'Video'),
(63005, 1, 19575, 'You are not allowed to view video'),
(63006, 1, 19576, 'Add'),
(63007, 1, 19577, 'Save'),
(63008, 1, 19578, 'Music video by'),
(63009, 1, 19579, 'Video has been added'),
(63010, 1, 19580, 'added new video'),
(63011, 1, 19581, 'Video deleted'),
(63012, 1, 19582, 'edited their video'),
(63013, 1, 19583, 'Video NOT deleted'),
(63014, 1, 19584, 'Video updated'),
(63015, 1, 19585, 'Show video titles'),
(63016, 1, 19586, 'Number of videos to show'),
(63017, 1, 19587, 'Use a number between 1 and 20'),
(63018, 1, 19588, 'Embed code'),
(63019, 1, 19589, 'Use video embed code from resources like Youtube, Metacafe, Google Video and others.'),
(63020, 1, 19590, '<a href="{$commentorUrl}">{$commentor}</a> commented on <a href="{$ownerUrl}">{$owner}</a>''s video: <a href="{$url}">{$title}</a>'),
(63021, 1, 19591, 'Are you sure you want to delete video?'),
(63022, 1, 19592, 'Videos'),
(63023, 1, 19593, 'Video'),
(63024, 1, 19594, 'Description'),
(63025, 1, 19595, 'Short description of the video'),
(63026, 1, 19596, '<a href="{$userUrl}">{$userName}</a> commented on your video: <a href="{$videoUrl}">{$videoTitle}</a>'),
(63027, 1, 19597, 'Video'),
(63028, 1, 19598, 'Someone comments on my video'),
(63029, 1, 19599, 'liked their video'),
(63030, 1, 19600, 'commented on their video'),
(63031, 1, 19601, 'commented on {$user}''s video'),
(63032, 1, 19602, 'liked {$user}''s video'),
(63033, 1, 19603, 'Video'),
(63034, 1, 19604, 'Video'),
(63035, 1, 19605, 'Mark as Featured'),
(63036, 1, 19606, 'Featured'),
(63037, 1, 19607, 'Latest'),
(63038, 1, 19608, 'Browse by Tag'),
(63039, 1, 19609, 'Top Rated'),
(63040, 1, 19610, 'Videos submitted by user {$displayName}'),
(63041, 1, 19611, 'Add new video to {$site_name}.'),
(63042, 1, 19612, 'Best videos at {$site_name}! Staff picks!'),
(63043, 1, 19613, 'Recently uploaded videos at {$site_name}.'),
(63044, 1, 19614, 'Videos by tags: {$topTags}, and others.'),
(63045, 1, 19615, 'Browse videos tagged as ''{$tag}''.'),
(63046, 1, 19616, 'Top rated videos submitted by users at {$site_name}.'),
(63047, 1, 19617, 'Video called ''{$title}'', tagged as {$tags}.'),
(63048, 1, 19618, '{$displayName}''s videos - {$site_name}'),
(63049, 1, 19619, 'Add new video'),
(63050, 1, 19620, 'Featured videos - {$site_name}'),
(63051, 1, 19621, 'Recent videos - {$site_name}'),
(63052, 1, 19622, 'Browse videos by tags - {$site_name}'),
(63053, 1, 19623, '''{$tag}'' videos - {$site_name}'),
(63054, 1, 19624, 'Top rated videos - {$site_name}'),
(63055, 1, 19625, '{$title} - Video at {$site_name}'),
(63056, 1, 19626, 'My Video'),
(63057, 1, 19627, 'No video'),
(63058, 1, 19628, 'No video found'),
(63059, 1, 19629, 'Other user videos'),
(63060, 1, 19630, 'Add Video'),
(63061, 1, 19631, 'Browse Videos'),
(63062, 1, 19632, 'Video by {$user}'),
(63063, 1, 19633, 'The video is pending approval and will be available shortly'),
(63064, 1, 19634, 'Videos per page'),
(63065, 1, 19635, 'Browsing lists of videos'),
(63066, 1, 19636, 'Main video player size'),
(63067, 1, 19637, 'View my video'),
(63068, 1, 19638, 'Maximum number of videos per user'),
(63069, 1, 19639, 'Quotas'),
(63070, 1, 19640, 'Keep this number reasonably big'),
(63071, 1, 19641, 'You have exceeded video upload limit: {$limit}'),
(63072, 1, 19642, 'Remove from Featured'),
(63073, 1, 19643, 'Video resource is not allowed'),
(63074, 1, 19644, 'Video settings updated'),
(63075, 1, 19645, 'This is the size for player displayed on video page'),
(63076, 1, 19646, 'Video status changed'),
(63077, 1, 19647, 'Video status NOT changed'),
(63078, 1, 19648, 'Tags'),
(63079, 1, 19649, 'Comma-separated'),
(63080, 1, 19650, 'Tag Search'),
(63081, 1, 19651, 'Tag search result for:'),
(63082, 1, 19652, 'Edit Video'),
(63083, 1, 19653, 'Title'),
(63084, 1, 19654, '{$total} videos total'),
(63085, 1, 19655, 'Comment video'),
(63086, 1, 19656, 'Add video'),
(63087, 1, 19657, 'Video'),
(63088, 1, 19658, 'We allow to <b>embed existing videos</b> from other video sharing sites only.'),
(63089, 1, 19659, 'Video by'),
(63090, 1, 19660, 'Video'),
(63091, 1, 19661, 'Video'),
(63092, 1, 19662, 'View Settings'),
(63093, 1, 19663, 'Accept'),
(63094, 1, 19664, 'Plan a meeting with the users of {$site_name}.'),
(63095, 1, 19665, '&nbsp;'),
(63096, 1, 19666, 'Date & time'),
(63097, 1, 19667, '&nbsp;'),
(63098, 1, 19668, 'Description'),
(63099, 1, 19669, 'Empty image field'),
(63100, 1, 19670, '&nbsp;'),
(63101, 1, 19671, 'Event ends'),
(63102, 1, 19672, '&nbsp;'),
(63103, 1, 19673, 'Image'),
(63104, 1, 19674, 'Invalid end date'),
(63105, 1, 19675, '&nbsp;'),
(63106, 1, 19676, 'Location'),
(63107, 1, 19677, 'Add'),
(63108, 1, 19678, 'Event added'),
(63109, 1, 19679, '&nbsp'),
(63110, 1, 19680, 'Title'),
(63111, 1, 19681, '&nbsp;'),
(63112, 1, 19682, 'Who can invite'),
(63113, 1, 19683, 'Event creator only'),
(63114, 1, 19684, 'Participants'),
(63115, 1, 19685, '&nbsp;'),
(63116, 1, 19686, 'Who can view'),
(63117, 1, 19687, 'Anybody'),
(63118, 1, 19688, 'By invitation only'),
(63119, 1, 19689, 'Add new event'),
(63120, 1, 19690, 'Event'),
(63121, 1, 19691, 'Create new event'),
(63122, 1, 19692, 'Create new event - {$site_name}'),
(63123, 1, 19693, 'all day'),
(63124, 1, 19694, 'Maybe'),
(63125, 1, 19695, 'No'),
(63126, 1, 19696, 'I''m attending'),
(63127, 1, 19697, 'Comment events'),
(63128, 1, 19698, 'Add Events'),
(63129, 1, 19699, 'View events'),
(63130, 1, 19700, 'Events'),
(63131, 1, 19701, 'View all ({$count} users)'),
(63132, 1, 19702, 'yes'),
(63133, 1, 19703, 'maybe'),
(63134, 1, 19704, 'no'),
(63135, 1, 19705, 'Events count'),
(63136, 1, 19706, 'Invitations'),
(63137, 1, 19707, 'My Events'),
(63138, 1, 19708, 'Upcoming'),
(63139, 1, 19709, 'Past'),
(63140, 1, 19710, 'Event invitations'),
(63141, 1, 19711, 'Events'),
(63142, 1, 19712, 'Event'),
(63143, 1, 19713, 'creator'),
(63144, 1, 19714, 'change'),
(63145, 1, 19715, 'Created'),
(63146, 1, 19716, 'Joined'),
(63147, 1, 19717, 'Delete'),
(63148, 1, 19718, 'Are you sure you want to delete the event?'),
(63149, 1, 19719, 'Event deleted'),
(63150, 1, 19720, 'Edit'),
(63151, 1, 19721, 'Please select event end date/time'),
(63152, 1, 19722, 'Edit'),
(63153, 1, 19723, 'Event edited'),
(63154, 1, 19724, 'Edit event'),
(63155, 1, 19725, 'Edit event - {$site_name}'),
(63156, 1, 19726, '<a href="{$userUrl}">{$userName}</a> added a wall comment in <a href="{$url}">{$title}</a> event'),
(63157, 1, 19727, 'Someone posts on event walls'),
(63158, 1, 19728, '<a href="{$inviterUrl}">{$inviterName}</a> invited you to the event "<a href="{$eventUrl}">{$eventName}</a>"'),
(63159, 1, 19729, 'Events I created'),
(63160, 1, 19730, 'Events I created - {$site_name}'),
(63161, 1, 19731, 'created new event'),
(63162, 1, 19732, 'edited their event'),
(63163, 1, 19733, 'Events I''m attending'),
(63164, 1, 19734, 'Events I''m attending - {$site_name}'),
(63165, 1, 19735, '{$event_title} - event at {$site_name}'),
(63166, 1, 19736, 'Sorry, you don''t have permissions to view this page.'),
(63167, 1, 19737, 'is attending {$user}''s event'),
(63168, 1, 19738, 'commented on {$user}''s event'),
(63169, 1, 19739, 'liked {$user}''s event'),
(63170, 1, 19740, 'liked their event'),
(63171, 1, 19741, '{$user} just attended'),
(63172, 1, 19742, 'commented on their event.'),
(63173, 1, 19743, 'Total users: <span class="ow_txt_value">{$usersCount}</span>'),
(63174, 1, 19744, 'created new event'),
(63175, 1, 19745, 'Events'),
(63176, 1, 19746, 'is attending event'),
(63177, 1, 19747, 'Invite my friends'),
(63178, 1, 19748, 'Ignore'),
(63179, 1, 19749, '{$user1} invites you to {$event} event.'),
(63180, 1, 19750, '{$user1} and {$user2} invite you to {$event} event'),
(63181, 1, 19751, '{$user1} and {$user2} and {$otherUsers} invite you to {$event} event'),
(63182, 1, 19752, 'Event invitations'),
(63183, 1, 19753, 'Event invitations - {$site_name}'),
(63184, 1, 19754, 'Invite'),
(63185, 1, 19755, 'The list of upcoming events for the members of {$site_name}.'),
(63186, 1, 19756, 'Events'),
(63187, 1, 19757, 'Events - {$site_name}'),
(63188, 1, 19758, 'Events'),
(63189, 1, 19759, 'pending approval'),
(63190, 1, 19760, 'My Events'),
(63191, 1, 19761, 'Someone invites me to an event'),
(63192, 1, 19762, 'Events'),
(63193, 1, 19763, 'No events'),
(63194, 1, 19764, 'No events, <a href="{$url}">Add new</a>'),
(63195, 1, 19765, 'The list of the past events for the members of {$site_name}.'),
(63196, 1, 19766, 'Past events'),
(63197, 1, 19767, 'Past events - {$site_name}'),
(63198, 1, 19768, 'View my events'),
(63199, 1, 19769, 'We are sorry. This event is private.'),
(63200, 1, 19770, 'Private event'),
(63201, 1, 19771, 'Private event'),
(63202, 1, 19772, 'My Events'),
(63203, 1, 19773, 'Time'),
(63204, 1, 19774, 'Upcoming events'),
(63205, 1, 19775, 'Comment event'),
(63206, 1, 19776, 'Add event'),
(63207, 1, 19777, '{$count} users invited'),
(63208, 1, 19778, 'The list of users participating in "{$eventTitle}" event.'),
(63209, 1, 19779, 'The list of users maybe participating in "{$eventTitle}" event.'),
(63210, 1, 19780, 'The list of users not participating in "{$eventTitle}" event.'),
(63211, 1, 19781, '"{$eventTitle}" event participants - {$site_name}'),
(63212, 1, 19782, '"{$eventTitle}" event - who''s maybe attending - {$site_name}'),
(63213, 1, 19783, '"{$eventTitle}" event - who''s not attending - {$site_name}'),
(63214, 1, 19784, 'The list of events {$display_name} participates in.'),
(63215, 1, 19785, '{$display_name}''s events'),
(63216, 1, 19786, '{$display_name}''s events - {$site_name}'),
(63217, 1, 19787, 'Sorry, you can''t leave your event'),
(63218, 1, 19788, 'I''m attending'),
(63219, 1, 19789, 'Maybe I''m attending'),
(63220, 1, 19790, 'I''m not attending'),
(63221, 1, 19791, 'Please change your status'),
(63222, 1, 19792, 'Your status updated'),
(63223, 1, 19793, 'view all'),
(63224, 1, 19794, 'Creator'),
(63225, 1, 19795, 'Date & time'),
(63226, 1, 19796, 'Description'),
(63227, 1, 19797, 'Details'),
(63228, 1, 19798, 'Event ends'),
(63229, 1, 19799, 'Description'),
(63230, 1, 19800, 'Location'),
(63231, 1, 19801, 'Who''s attending'),
(63232, 1, 19802, 'Settings not changed'),
(63233, 1, 19803, 'The changes you made are being applied. This can take some time.'),
(63234, 1, 19804, 'It may take some time for these settings to apply.'),
(63235, 1, 19805, 'no items'),
(63236, 1, 19806, 'Here you can set access permissions to your content for other users'),
(63237, 1, 19807, 'Everybody'),
(63238, 1, 19808, 'Privacy'),
(63239, 1, 19809, 'Private'),
(63240, 1, 19810, '{$display_name} chooses not to share this content.'),
(63241, 1, 19811, 'Only me'),
(63242, 1, 19812, 'Save'),
(63243, 1, 19813, 'Accept'),
(63244, 1, 19814, '{$user_avatar} {$requester_avatar}'),
(63245, 1, 19815, '<a href="{$user_url}">{$name}</a> and <a href="{$requester_url}">{$requester_name}</a> are now friends'),
(63246, 1, 19816, 'Add to Friends'),
(63247, 1, 19817, 'Send friend request'),
(63248, 1, 19818, 'Friends'),
(63249, 1, 19819, 'Cancel'),
(63250, 1, 19820, 'commented on {$user1} and {$user2} now being friends'),
(63251, 1, 19821, '<p>\r\nDear {$sender},\r\n</p>\r\n<p>\r\nWe are glad to let you know that <a href="{$receiver_url}">{$receiver}</a> confirmed you as a friend on <a href="{$site_url}">{$site_name}</a>.\r\n</p>\r\n<p>\r\nThank you,<br />\r\nAdministration<br />\r\n<a href="{$site_url}">{$site_name}</a>\r\n</p>'),
(63252, 1, 19822, '{$receiver} confirmed you as a friend'),
(63253, 1, 19823, 'Dear {$sender},\r\n\r\nWe are glad to let you know that {$receiver} confirmed you as a friend on {$site_name}.\r\n\r\n{$receiver}''s profile: {$receiver_url}\r\n{$site_name}: {$site_url}\r\n\r\nThank you,\r\nAdministration\r\n{$site_name}\r\n{$site_url}'),
(63254, 1, 19824, 'Friend Requests'),
(63255, 1, 19825, '<a target="_blank" href="{$userUrl}">{$displayName}</a> wants to be friends with you.'),
(63256, 1, 19826, 'Someone accepts my friend request'),
(63257, 1, 19827, 'Someone sends me friend request'),
(63258, 1, 19828, 'Cancelled'),
(63259, 1, 19829, 'New friend added'),
(63260, 1, 19830, 'Request already sent'),
(63261, 1, 19831, 'Request ignored'),
(63262, 1, 19832, 'Friend request was sent'),
(63263, 1, 19833, 'Friends'),
(63264, 1, 19834, 'Manage your friendships'),
(63265, 1, 19835, 'Friends {$count}'),
(63266, 1, 19836, 'Friend requests'),
(63267, 1, 19837, 'Received requests {$count}'),
(63268, 1, 19838, 'Ignore'),
(63269, 1, 19839, 'liked that {$user1} and {$user2} are now friends'),
(63270, 1, 19840, 'My friends'),
(63271, 1, 19841, 'My friends - {$site_name}'),
(63272, 1, 19842, 'and <a href="{$user_url}">{$name}</a> are now friends'),
(63273, 1, 19843, 'New friend added'),
(63274, 1, 19844, 'Friends'),
(63275, 1, 19845, '{$receiver} accepted you as a friend.'),
(63276, 1, 19846, '{$sender} wants to be friends with you.'),
(63277, 1, 19847, '<p>\r\n<a href="{$request_url}">Click here</a> to accept this request.\r\n</p>'),
(63278, 1, 19848, '<p>\r\n<a href="{$url}">Click here</a> to view all requests.\r\n</p>'),
(63279, 1, 19849, '<a href="{$userUrl}">{$displayName}</a> wants to be friends with you.'),
(63280, 1, 19850, 'View my friends'),
(63281, 1, 19851, 'My friends'),
(63282, 1, 19852, 'Remove from Friends'),
(63283, 1, 19853, 'Remove from friends'),
(63284, 1, 19854, 'Send friend request'),
(63285, 1, 19855, ''),
(63286, 1, 19856, '{$sender} wants to be friends with you'),
(63287, 1, 19857, ''),
(63288, 1, 19858, 'Sent requests {$count}'),
(63289, 1, 19859, 'Send friend request'),
(63290, 1, 19860, '{$user}''s friends'),
(63291, 1, 19861, '{$user}''s friends - {$site_name}'),
(63292, 1, 19862, 'No friends yet'),
(63293, 1, 19863, 'Count'),
(63294, 1, 19864, 'Friends'),
(63295, 1, 19865, 'View'),
(63296, 1, 19866, 'Friends'),
(63297, 1, 19867, 'Received requests'),
(63298, 1, 19868, 'Sent requests'),
(63299, 1, 19869, 'My Friends'),
(63300, 1, 19870, 'Home Chef'),
(63301, 1, 19871, 'Delivery Man'),
(63302, 1, 19872, 'list of all cooking techniques you know'),
(63303, 1, 19873, 'Cooking Techniques known'),
(63305, 1, 19875, 'Favorite Cuisines'),
(63306, 1, 19876, 'please select your favorite dishes'),
(63307, 1, 19877, 'Favorite Dishes'),
(63308, 1, 19878, 'Biriyani'),
(63309, 1, 19879, 'Roti Poratta'),
(63310, 1, 19880, 'Mee Goreng'),
(63311, 1, 19881, 'Ayam Penyat'),
(63312, 1, 19882, 'Nasi Lemak'),
(63313, 1, 19883, 'Singaporean food'),
(63314, 1, 19884, 'Malay food'),
(63315, 1, 19885, 'Indian food'),
(63316, 1, 19886, 'Chinese food'),
(63317, 1, 19887, 'Arab / Middle eastern food'),
(63318, 1, 19888, 'Western food'),
(63319, 1, 19889, 'Japanese food'),
(63320, 1, 19890, 'Korean food'),
(63321, 1, 19891, 'Vietnamese food'),
(63322, 1, 19892, 'Filipino food'),
(63323, 1, 19893, 'Grilling'),
(63324, 1, 19894, 'Roasting'),
(63325, 1, 19895, 'Deep frying'),
(63326, 1, 19896, 'Breading'),
(63327, 1, 19897, 'Baking'),
(63328, 1, 19898, 'Claypot'),
(63332, 1, 19902, ''),
(63333, 1, 19903, 'Block Number & Street'),
(63338, 1, 19908, ''),
(63336, 1, 19906, ''),
(63337, 1, 19907, 'District'),
(63339, 1, 19909, 'Postal Code'),
(63346, 1, 19916, ''),
(63347, 1, 19917, 'Country'),
(63348, 1, 19918, 'Singapore'),
(63349, 1, 19919, 'Malaysia'),
(63350, 1, 19920, 'Brunei'),
(63351, 1, 19921, 'Indonesia'),
(63352, 1, 19922, '<b>Followers</b> requires for <a href="{$pluginUrl}" target="_blank">Newsfeed</a>'),
(63353, 1, 19923, 'Followers: <a href="{$url}">{$count}</a>'),
(63354, 1, 19924, 'Followers count'),
(63355, 1, 19925, 'Followers: <a href="javascript://">15</a>'),
(63356, 1, 19926, 'View my followers'),
(63357, 1, 19927, 'My Followers'),
(63358, 1, 19928, 'Followers: {$count}'),
(63359, 1, 19929, 'Followers'),
(63360, 1, 19930, '{$user}''s followers'),
(63361, 1, 19931, '{$user}''s followers'),
(63362, 1, 19932, 'No followers'),
(63363, 1, 19933, 'Count'),
(63364, 1, 19934, 'Followers'),
(63365, 1, 19935, 'View all'),
(64163, 1, 20733, 'Convert N to BR'),
(64164, 1, 20734, 'Save'),
(64165, 1, 20735, 'Select payment method'),
(64166, 1, 20736, 'SetUp Role Permission'),
(64167, 1, 20737, 'Shop + Classifieds'),
(64168, 1, 20738, 'Classifieds only'),
(64169, 1, 20739, 'Shop only'),
(64170, 1, 20740, 'Shop Mode Working'),
(64171, 1, 20741, 'What is Your Theme?'),
(64172, 1, 20742, 'GRID'),
(64173, 1, 20743, 'LIST'),
(64174, 1, 20744, 'Enter Your "sign password" for WebToPay.com'),
(64175, 1, 20745, 'Payments may be made only by means of WebToPay.com'),
(64176, 1, 20746, 'YES'),
(64177, 1, 20747, 'Confirm the purchase'),
(64178, 1, 20748, 'Restore or give'),
(64179, 1, 20749, 'Menu'),
(64180, 1, 20750, 'Category/Groups'),
(64181, 1, 20751, 'Unknow Error...'),
(64182, 1, 20752, 'The cost of selling is'),
(64183, 1, 20753, 'Field Title is required - enter a Title'),
(64184, 1, 20754, 'Field Description is required - enter a Description'),
(64185, 1, 20755, 'Enter Seller email'),
(64186, 1, 20756, 'Exposure in stock requires payment points - check that you approve this request'),
(64187, 1, 20757, 'Field Category is required - select a Category'),
(64188, 1, 20758, 'Select Classifieds type'),
(64189, 1, 20759, 'You have enough credits to Restore/Give specified amount of credits'),
(64190, 1, 20760, 'Unknow Error payment'),
(64191, 1, 20761, 'Error: No payment detect'),
(64192, 1, 20762, 'Do you have not enough credit to sell!'),
(64193, 1, 20763, 'Back'),
(64194, 1, 20764, 'Active'),
(64195, 1, 20765, 'Delete'),
(64196, 1, 20766, 'GID'),
(64197, 1, 20767, 'GroupID'),
(64198, 1, 20768, 'Order'),
(64199, 1, 20769, 'Group Title'),
(64200, 1, 20770, 'I have read and agree to the rules'),
(64201, 1, 20771, 'Shop'),
(64202, 1, 20772, 'Shop'),
(64203, 1, 20773, '<b>NOTE:</b><br/>\r\n<ul>\r\n<li>*To add a sub category to category: <b>CID</b> first read <b>CID</b> number category you want to add a sub-category and then in the <b>"Sub.Cat"</b> type this number </li>\r\n<li>*Category Name can not be empty </li>\r\n<li>*Group Name can not be empty </li> <li>*Always after making changes, click "Save" to save your changes </li>\r\n<li>*To move a category to another group, first read <b>GID</b> Groups to which you want to move a category and then in the Categories column "Group ID", enter this GID number</li>\r\n</ul>'),
(64204, 1, 20774, 'Last Price (in Credits)'),
(64205, 1, 20775, 'Kitchen'),
(64206, 1, 20776, 'Map'),
(64207, 1, 20777, 'Longitude'),
(64208, 1, 20778, 'Latitude'),
(64209, 1, 20779, 'Max desc length (on the list)'),
(64210, 1, 20780, '<a href="{$producturl}">Has bought the product</a>'),
(64211, 1, 20781, '<a href="{$producturl}">Has bought the product</a>'),
(64212, 1, 20782, 'Add new cat'),
(64213, 1, 20783, 'Menu "Group button" gradient from/to'),
(64214, 1, 20784, 'Menu background color when "Hover"'),
(64215, 1, 20785, 'Menu background color when "Open"'),
(64216, 1, 20786, 'Menu Color text shadow'),
(64217, 1, 20787, 'Menu Color button text'),
(64218, 1, 20788, 'Delete cat'),
(64219, 1, 20789, 'Edit cat'),
(64220, 1, 20790, 'Not found the Seller account...'),
(64221, 1, 20791, '<a href="{$actorUrl}">{$actor}</a> bought the product: <a href="{$url}">"{$title}"</a>'),
(64222, 1, 20792, '<a href="{$actorUrl}">{$actor}</a> updated product: <a href="{$url}">"{$title}"</a>'),
(64223, 1, 20793, 'Welcome {$username},\r\n\r\nThen someone made a purchase from you in the store {$sitename}. Go to: {$siteurl} and learn more ...\r\n\r\nDo not reply to this email had.'),
(64224, 1, 20794, 'Then someone made a purchase from you...'),
(64225, 1, 20795, ''),
(64226, 1, 20796, 'Cur'),
(64227, 1, 20797, 'The product can add up to 10 options. Options include color, size, quantity per package, etc. Each option has its price, currency, quantity in stock (or unlimited - check the last column)'),
(64228, 1, 20798, 'infin'),
(64229, 1, 20799, ''),
(64230, 1, 20800, 'Qty'),
(64231, 1, 20801, 'No.'),
(64232, 1, 20802, 'Name'),
(64233, 1, 20803, 'Price'),
(64234, 1, 20804, 'Payment accepted'),
(64235, 1, 20805, 'Payment not accepted ...additional payment information...'),
(64236, 1, 20806, 'Payment accepted but not committed'),
(64237, 1, 20807, 'Payment accepted not committed'),
(64238, 1, 20808, 'Payment accepted was successful'),
(64239, 1, 20809, 'Payment Canceled'),
(64240, 1, 20810, 'One price'),
(64241, 1, 20811, 'Price of the option'),
(64242, 1, 20812, 'Accept payment for this product'),
(64243, 1, 20813, 'Please debit my account point'),
(64244, 1, 20814, 'Available'),
(64245, 1, 20815, 'Enter the number of points that you want to buy a promotion'),
(64246, 1, 20816, 'Acts as auction: who will give more, this product will be the first.\r\n<br/><b>NOTE: After saving NO RETURNS OR CHANGE OF POINTS!</b>'),
(64247, 1, 20817, 'Buy credits'),
(64248, 1, 20818, 'This is Calssifieds.'),
(64249, 1, 20819, 'Ask Seller'),
(64250, 1, 20820, 'In order to finalize contact the bidder...'),
(64251, 1, 20821, 'Product Condition'),
(64252, 1, 20822, 'NA'),
(64253, 1, 20823, 'New'),
(64254, 1, 20824, 'Used'),
(64255, 1, 20825, 'Buy now'),
(64256, 1, 20826, 'After click "Buy Now" you will be taken to the payment page.\r\n\r\nBy clicking the "Buy Now" You confirm the purchase and confirm that you have read the rules of the store and agree'),
(64257, 1, 20827, 'Confirm that you are interested in Classified. Do You want contact to Seller by sendding P.M.?'),
(64258, 1, 20828, 'I confirm willingness to purchase:'),
(64259, 1, 20829, 'Contact to Seller'),
(64260, 1, 20830, 'Cancel'),
(64261, 1, 20831, 'credits'),
(64262, 1, 20832, 'Current status of the product is'),
(64263, 1, 20833, 'Not for sale!'),
(64264, 1, 20834, 'Filter status');
INSERT INTO `ow_base_language_value` (`id`, `languageId`, `keyId`, `value`) VALUES
(64265, 1, 20835, 'The cost of anything for sale are'),
(64266, 1, 20836, 'Location'),
(64267, 1, 20837, 'Login first!'),
(64268, 1, 20838, 'Position on the map'),
(64269, 1, 20839, 'Cancel the payment for this product'),
(64270, 1, 20840, 'No found products...'),
(64271, 1, 20841, 'The product has been sold or the product is expected to Approved'),
(64272, 1, 20842, 'Status'),
(64273, 1, 20843, 'Path'),
(64274, 1, 20844, 'Require'),
(64275, 1, 20845, 'Save New Status'),
(64276, 1, 20846, 'Select Classifieds type'),
(64277, 1, 20847, 'From All Categories'),
(64278, 1, 20848, 'Category'),
(64279, 1, 20849, 'All'),
(64280, 1, 20850, 'DELIVERED'),
(64281, 1, 20851, 'ERROR'),
(64282, 1, 20852, 'INIT'),
(64283, 1, 20853, 'PREPERED'),
(64284, 1, 20854, 'PROCESSING'),
(64285, 1, 20855, 'VERIFIED'),
(64286, 1, 20856, 'Action'),
(64287, 1, 20857, 'Active'),
(64288, 1, 20858, 'Add new product'),
(64289, 1, 20859, 'Classifieds mode'),
(64290, 1, 20860, 'Payment via Credits'),
(64291, 1, 20861, 'Shop mode'),
(64292, 1, 20862, 'Sale Mode'),
(64293, 1, 20863, 'Classifieds - without cart <br/>\r\nPayment via Credits - Pament using Credits from this website<br/>\r\nShop - the opportunity to buy online (such as PayPal)'),
(64294, 1, 20864, 'Pending Approval'),
(64295, 1, 20865, 'Buy Now!'),
(64296, 1, 20866, 'Pay Your Credits'),
(64297, 1, 20867, 'Pay'),
(64298, 1, 20868, 'Category'),
(64299, 1, 20869, 'Change product status'),
(64300, 1, 20870, 'Confirm that you want to pay the Credit from your account.\\n\\nDo you charge your account for'),
(64301, 1, 20871, 'Contact to Seller'),
(64302, 1, 20872, 'Contact to Seller'),
(64303, 1, 20873, 'Days'),
(64304, 1, 20874, 'Delete'),
(64305, 1, 20875, 'Delete this product'),
(64306, 1, 20876, 'Deleted'),
(64307, 1, 20877, 'Delete file'),
(64308, 1, 20878, 'Delete image'),
(64309, 1, 20879, 'Description'),
(64310, 1, 20880, 'Disapproved'),
(64311, 1, 20881, 'Approved'),
(64312, 1, 20882, 'Edit this product'),
(64313, 1, 20883, 'File for download'),
(64314, 1, 20884, 'Download'),
(64315, 1, 20885, 'Contact the seller'),
(64316, 1, 20886, 'Exist file for download'),
(64317, 1, 20887, 'Moderation'),
(64318, 1, 20888, 'Next'),
(64319, 1, 20889, 'The product does not contain a file to download'),
(64320, 1, 20890, 'No items to display...'),
(64321, 1, 20891, 'Pay Now'),
(64322, 1, 20892, 'Preview'),
(64323, 1, 20893, 'Price'),
(64324, 1, 20894, 'File for sale'),
(64325, 1, 20895, 'Product image'),
(64326, 1, 20896, 'Free'),
(64327, 1, 20897, 'Select'),
(64328, 1, 20898, 'Select new product status'),
(64329, 1, 20899, 'Seller'),
(64330, 1, 20900, 'Add Product'),
(64331, 1, 20901, 'Your Basket'),
(64332, 1, 20902, 'My Products'),
(64333, 1, 20903, 'Orders List'),
(64334, 1, 20904, 'Sort'),
(64335, 1, 20905, 'How much time you publish it'),
(64336, 1, 20906, 'Title'),
(64337, 1, 20907, 'Indefinitely'),
(64338, 1, 20908, 'Buyer'),
(64339, 1, 20909, 'Downloaded'),
(64340, 1, 20910, 'Classifieds type'),
(64341, 1, 20911, 'Wanted'),
(64342, 1, 20912, 'Product was deleted!'),
(64343, 1, 20913, 'Your Credits'),
(64344, 1, 20914, 'Your points'),
(64345, 1, 20915, 'Cancel the payment?'),
(64346, 1, 20916, 'Accepted this payment?'),
(64347, 1, 20917, 'Return/Give Credits was succesfull!'),
(64348, 1, 20918, 'Save'),
(64349, 1, 20919, 'Saved succesfull'),
(64350, 1, 20920, 'Setting'),
(64351, 1, 20921, 'Show Location'),
(64352, 1, 20922, 'Term of use'),
(64353, 1, 20923, 'to this User'),
(64354, 1, 20924, 'Send'),
(64355, 1, 20925, 'Add/Replay Comment'),
(64356, 1, 20926, 'Your rate'),
(64357, 1, 20927, 'Total rate'),
(64358, 1, 20928, 'Comments'),
(64359, 1, 20929, 'Turn ON experimental option (Comments and Rate)'),
(64360, 1, 20930, 'Turn ON Comments and Rate'),
(64361, 1, 20931, '<a href="{$producturl}">Was change Rate</a>'),
(64362, 1, 20932, '<a href="{$producturl}">Was rated</a>'),
(64363, 1, 20933, '<a href="{$producturl}">Product was commnted</a>'),
(64364, 1, 20934, 'Bad'),
(64365, 1, 20935, 'Poor'),
(64366, 1, 20936, 'Regular'),
(64367, 1, 20937, 'Good'),
(64368, 1, 20938, 'Super'),
(64369, 1, 20939, 'My Purchases'),
(64370, 1, 20940, 'Default payment curency'),
(64371, 1, 20941, 'Recently'),
(64372, 1, 20942, 'Recently added'),
(64373, 1, 20943, 'More'),
(64374, 1, 20944, 'Claim Now'),
(64375, 1, 20945, 'Sell product'),
(64376, 1, 20946, 'Add classifieds'),
(64377, 1, 20947, 'Hide seller Avatar on product list'),
(64378, 1, 20948, 'Hide small details on product list'),
(64379, 1, 20949, 'If hide smll details - hide seller small icon on procuct list'),
(64380, 1, 20950, 'Hide button MORE on product list'),
(64381, 1, 20951, 'ERR: Add category!!'),
(64382, 1, 20952, 'If possible, hide empty Categories'),
(64383, 1, 20953, 'Sale of files is only possible in: Shop mode or Payment via credits'),
(64384, 1, 20954, 'You can not change the editing...'),
(64385, 1, 20955, 'Qty'),
(64386, 1, 20956, 'Show Qty in product'),
(64387, 1, 20957, 'Find a buyer'),
(64388, 1, 20958, 'Views'),
(64389, 1, 20959, 'Downloads'),
(64390, 1, 20960, 'Only for owner'),
(64391, 1, 20961, 'Show counter `zoomed` product.'),
(64392, 1, 20962, 'Ask about product'),
(64393, 1, 20963, 'Send message'),
(64394, 1, 20964, 'Hi, I would like to ask about this product'),
(64395, 1, 20965, 'Message was send'),
(64396, 1, 20966, 'Please, first login'),
(64397, 1, 20967, 'Require coment aproved'),
(64398, 1, 20968, 'Show comments only for Admin?'),
(64399, 1, 20969, 'Try corect image orientation (based on ExIF)'),
(64400, 1, 20970, 'If You have problem while uploading image, then disable this option, or check on Your server-side (is corect installed): ImageMgic and GD2 library.'),
(64401, 1, 20971, 'Ask'),
(64402, 1, 20972, 'Ask seller'),
(64403, 1, 20973, 'Title'),
(64404, 1, 20974, 'Message'),
(64405, 1, 20975, 'Message was send succesfull'),
(64406, 1, 20976, 'Message was not send!'),
(64407, 1, 20977, 'Show Ask button in product'),
(64408, 1, 20978, 'Hide timeout products'),
(64409, 1, 20979, 'Classified'),
(64410, 1, 20980, 'Default sorting'),
(64411, 1, 20981, 'Sort by name ASC'),
(64412, 1, 20982, 'Sort by name DESC'),
(64413, 1, 20983, 'Sort by date ASC'),
(64414, 1, 20984, 'Sort by date DESC'),
(64415, 1, 20985, 'Sort by popularity ASC'),
(64416, 1, 20986, 'Sort by popularity DESC'),
(64417, 1, 20987, 'Edit shop details'),
(64418, 1, 20988, 'Shop profile'),
(64419, 1, 20989, 'Dont save'),
(64420, 1, 20990, 'Background color submenu'),
(64421, 1, 20991, 'Background main menu color'),
(64422, 1, 20992, 'Settings'),
(64423, 1, 20993, 'Settings for plugin credits'),
(64424, 1, 20994, 'Settings for menu'),
(64425, 1, 20995, 'Other settings'),
(64426, 1, 20996, 'You must set item price'),
(64427, 1, 20997, 'You must set item numbers'),
(64428, 1, 20998, 'You must set item name'),
(64429, 1, 20999, 'The cost of the addition product'),
(64430, 1, 21000, 'Promoting your product'),
(64431, 1, 21001, 'Product details'),
(64432, 1, 21002, 'Selling mode'),
(64433, 1, 21003, 'Product description'),
(64434, 1, 21004, 'Product photos'),
(64435, 1, 21005, 'List view'),
(64436, 1, 21006, 'Grid view'),
(64437, 1, 21007, 'Default view'),
(64438, 1, 21008, 'Grid view setting'),
(64162, 1, 20732, 'Update product in the shop'),
(64161, 1, 20731, 'Publish update product on the Wall?'),
(64160, 1, 20730, 'Added new product in the shop'),
(64159, 1, 20729, 'Publish new product on the Wall?'),
(64158, 1, 20728, 'Enter Your Client from prezlewy24.pl'),
(64157, 1, 20727, 'Curency'),
(64156, 1, 20726, 'PayPal account (e-mail)'),
(64155, 1, 20725, 'Curency'),
(64154, 1, 20724, 'No. CRC (from panel)'),
(64151, 1, 20721, 'Content info page (empty = disable)'),
(64149, 1, 20719, 'YES'),
(64150, 1, 20720, 'NO'),
(64136, 1, 20706, 'Members can promote using points<br/>(require plugin: "user credits")'),
(64144, 1, 20714, 'Allow the sale files'),
(64145, 1, 20715, 'YES'),
(64137, 1, 20707, 'Members can sale and buy by Credits?<br/>(requier plugin: "user credits")'),
(64138, 1, 20708, 'Members can selling?'),
(64139, 1, 20709, 'Add to Members Credit for purchase in the store<br/>(ENTER 0 for DISABLE, requier plugin: "user credits")'),
(64140, 1, 20710, 'The fee for Issuing in Credits (ENTER 0 for DISABLE) <br/>\r\n(requier plugin: "user credits")'),
(64439, 1, 21009, 'Border color'),
(64440, 1, 21010, 'Background color'),
(64441, 1, 21011, 'Backgroud image color'),
(64442, 1, 21012, 'Item width'),
(64443, 1, 21013, 'Image max height'),
(64444, 1, 21014, 'ONLY Grid view'),
(64445, 1, 21015, 'ONLY List view'),
(64446, 1, 21016, 'Hide location'),
(64146, 1, 20716, 'NO'),
(64147, 1, 20717, 'Theme without sidebar'),
(64148, 1, 20718, 'Theme with sidebar'),
(64135, 1, 20705, 'Select display mode (in Widget)'),
(64152, 1, 20722, 'Title info page'),
(64153, 1, 20723, 'No. account platnosci24.pl'),
(64141, 1, 20711, 'Members with account type can selling'),
(64142, 1, 20712, 'What roles can sell'),
(64143, 1, 20713, 'NO'),
(64110, 1, 20680, 'CatID'),
(64111, 1, 20681, 'CID'),
(64112, 1, 20682, 'Delete'),
(64113, 1, 20683, 'Sub.Cat'),
(64114, 1, 20684, 'ID Group'),
(64115, 1, 20685, 'ID'),
(64116, 1, 20686, 'Order'),
(64117, 1, 20687, 'Category Name'),
(64118, 1, 20688, 'Unknow ERROR while changing status!'),
(64119, 1, 20689, 'Change status succesfull'),
(64120, 1, 20690, 'Change status to'),
(64121, 1, 20691, '[CLOSE]'),
(64122, 1, 20692, 'Add New Accout Type'),
(64123, 1, 20693, 'Global setting'),
(64124, 1, 20694, 'How many pieces have listed?'),
(64125, 1, 20695, 'Max length of the categories'),
(64126, 1, 20696, 'Max items in Widget'),
(64127, 1, 20697, 'Desctiption length on the list'),
(64128, 1, 20698, 'Max chars in title (on the list)'),
(64129, 1, 20699, 'Maximum items on page'),
(64130, 1, 20700, 'All members can sale'),
(64131, 1, 20701, 'Mode working'),
(64132, 1, 20702, 'Ads must be approved'),
(64133, 1, 20703, 'Notify when purchase'),
(64134, 1, 20704, 'Notify when purchase (by email)'),
(64094, 1, 20664, 'Can add Classifieds'),
(64095, 1, 20665, 'Can add products'),
(64096, 1, 20666, 'Shop Pro'),
(64097, 1, 20667, 'Changed order status...'),
(64098, 1, 20668, 'You do not have Credits for the purchase of the product'),
(64099, 1, 20669, 'Sold out'),
(64100, 1, 20670, 'You can not buy your own products'),
(64101, 1, 20671, 'Unknow error while saving...'),
(64102, 1, 20672, 'The order was canceled.'),
(64103, 1, 20673, 'An instant payment notification was successfully recieved. Thank you for your order.'),
(64104, 1, 20674, 'Thank you for your order.'),
(64105, 1, 20675, 'Please contact to Seller, because we could not tell him about the transaction'),
(64106, 1, 20676, 'The transaction was successful'),
(64107, 1, 20677, 'Purchase completed successfully.<br/>The payment deducted from your account Credit.'),
(64108, 1, 20678, 'Currently, Your Account Type is not possible to sell in the store ...'),
(64109, 1, 20679, 'Active'),
(64447, 1, 21017, 'Hide condition'),
(64448, 1, 21018, 'Hide map (lat,lon)'),
(64449, 1, 21019, 'Hide Wanted/Avaiable'),
(64450, 1, 21020, 'from'),
(64451, 1, 21021, 'to'),
(64452, 1, 21022, 'Show product'),
(64453, 1, 21023, 'Where show menu'),
(64454, 1, 21024, 'Inside (default)'),
(64455, 1, 21025, 'Outside (your theme must have Sidebar)'),
(64456, 1, 21026, 'It`s your'),
(64457, 1, 21027, ''),
(64458, 1, 21028, 'Kitchen'),
(64459, 1, 21029, 'Kitchen'),
(64460, 1, 21030, '<p>\nWelcome to our Kitchen\n</p>\n<ul class="ow_regular">\n<li><a href="shop">Who is cooking</a></li>\n</ul>\n\n<p>\nFeel free to participate in our community!\n</p>'),
(64461, 1, 21031, 'New Menu item'),
(64462, 1, 21032, 'Page Title'),
(64463, 1, 21033, 'Content');

-- --------------------------------------------------------

--
-- Table structure for table `ow_base_log`
--

CREATE TABLE IF NOT EXISTS `ow_base_log` (
  `id` int(11) NOT NULL AUTO_INCREMENT,
  `message` text NOT NULL,
  `type` varchar(100) NOT NULL,
  `key` varchar(100) DEFAULT NULL,
  `timeStamp` int(11) NOT NULL,
  PRIMARY KEY (`id`)
) ENGINE=MyISAM DEFAULT CHARSET=utf8 AUTO_INCREMENT=1 ;

-- --------------------------------------------------------

--
-- Table structure for table `ow_base_login_cookie`
--

CREATE TABLE IF NOT EXISTS `ow_base_login_cookie` (
  `id` int(11) NOT NULL AUTO_INCREMENT,
  `userId` int(11) DEFAULT NULL,
  `cookie` varchar(255) DEFAULT NULL,
  PRIMARY KEY (`id`),
  KEY `userId` (`userId`),
  KEY `cookie` (`cookie`)
) ENGINE=MyISAM  DEFAULT CHARSET=utf8 AUTO_INCREMENT=9 ;

--
-- Dumping data for table `ow_base_login_cookie`
--

INSERT INTO `ow_base_login_cookie` (`id`, `userId`, `cookie`) VALUES
(1, 1, 'd3817540d01d931c5ee255ce8a20f255'),
(2, 9, 'd369733b5c44767efe0d5d910c66f13a'),
(3, 6, 'c87c1de00ebf0a430af5d66dcd3734b9'),
(4, 2, '710b205829acc8874d8abdebca252640'),
(5, 5, '96c831cacb6976f196444f94a9cdf6b6'),
(6, 3, 'f22d1343b821bfca1be94e5476f83364'),
(7, 7, 'a47d4b7a8d914d069b312fd7a8339d0f'),
(8, 10, 'b1e23c0b4ab678fde76e237f67b7a2a1');

-- --------------------------------------------------------

--
-- Table structure for table `ow_base_mail`
--

CREATE TABLE IF NOT EXISTS `ow_base_mail` (
  `id` int(11) NOT NULL AUTO_INCREMENT,
  `recipientEmail` varchar(100) NOT NULL,
  `senderEmail` varchar(100) NOT NULL,
  `senderName` varchar(100) NOT NULL,
  `subject` text NOT NULL,
  `textContent` text NOT NULL,
  `htmlContent` text,
  `sentTime` int(11) NOT NULL,
  `priority` int(11) NOT NULL DEFAULT '1',
  `senderSuffix` int(11) NOT NULL,
  `sent` tinyint(1) NOT NULL DEFAULT '0',
  PRIMARY KEY (`id`)
) ENGINE=MyISAM DEFAULT CHARSET=utf8 COMMENT='utf8_general_ci' AUTO_INCREMENT=1 ;

-- --------------------------------------------------------

--
-- Table structure for table `ow_base_mass_mailing_ignore_user`
--

CREATE TABLE IF NOT EXISTS `ow_base_mass_mailing_ignore_user` (
  `id` int(11) NOT NULL AUTO_INCREMENT,
  `userId` int(11) NOT NULL DEFAULT '0',
  PRIMARY KEY (`id`),
  UNIQUE KEY `userId` (`userId`)
) ENGINE=MyISAM DEFAULT CHARSET=utf8 AUTO_INCREMENT=1 ;

-- --------------------------------------------------------

--
-- Table structure for table `ow_base_media_panel_file`
--

CREATE TABLE IF NOT EXISTS `ow_base_media_panel_file` (
  `id` int(11) NOT NULL AUTO_INCREMENT,
  `plugin` varchar(20) NOT NULL,
  `type` varchar(20) NOT NULL,
  `userId` int(11) NOT NULL,
  `data` text NOT NULL,
  `stamp` int(11) DEFAULT NULL,
  PRIMARY KEY (`id`)
) ENGINE=MyISAM DEFAULT CHARSET=utf8 AUTO_INCREMENT=1 ;

-- --------------------------------------------------------

--
-- Table structure for table `ow_base_menu_item`
--

CREATE TABLE IF NOT EXISTS `ow_base_menu_item` (
  `id` int(11) NOT NULL AUTO_INCREMENT,
  `prefix` varchar(110) NOT NULL DEFAULT '',
  `key` varchar(150) NOT NULL DEFAULT '',
  `documentKey` varchar(255) NOT NULL DEFAULT '',
  `type` varchar(70) NOT NULL DEFAULT '',
  `order` int(11) DEFAULT NULL,
  `routePath` varchar(255) DEFAULT NULL,
  `externalUrl` varchar(255) DEFAULT NULL,
  `newWindow` tinyint(1) DEFAULT '0',
  `visibleFor` smallint(6) NOT NULL DEFAULT '0',
  PRIMARY KEY (`id`),
  UNIQUE KEY `key` (`key`,`prefix`),
  KEY `documentKey` (`documentKey`)
) ENGINE=MyISAM  DEFAULT CHARSET=utf8 AUTO_INCREMENT=497 ;

--
-- Dumping data for table `ow_base_menu_item`
--

INSERT INTO `ow_base_menu_item` (`id`, `prefix`, `key`, `documentKey`, `type`, `order`, `routePath`, `externalUrl`, `newWindow`, `visibleFor`) VALUES
(23, 'base', 'main_menu_index', '', 'main', 2, 'base_index', NULL, 0, 3),
(4, 'base', 'openwack', '', 'hidden', 3, NULL, 'http://www.oxwall.org/', 0, 0),
(468, 'base', 'page_81959573', 'page_81959573', 'bottom', 2, NULL, NULL, NULL, 3),
(6, 'base', 'wackwall', '', 'hidden', 4, NULL, 'http://wall.fm/', 0, 0),
(24, 'base', 'main_menu_my_profile', '', 'hidden', 1, 'base_member_profile', NULL, 0, 2),
(100, 'admin', 'sidebar_menu_item_user_dashboard', '', 'admin_pages', 2, 'admin_pages_user_dashboard', NULL, NULL, 3),
(41, 'base', 'users_main_menu_item', '', 'main', 4, 'users', NULL, NULL, 3),
(298, 'admin', 'sidebar_menu_item_permission', '', 'admin_privacy', 1, 'admin_permissions', NULL, 0, 2),
(170, 'admin', 'sidebar_menu_item_plugin_mass_mailing', '', 'admin_users', 4, 'admin_massmailing', NULL, NULL, 3),
(101, 'admin', 'sidebar_menu_item_user_profile', '', 'admin_pages', 3, 'admin_pages_user_profile', NULL, NULL, 3),
(97, 'admin', 'sidebar_menu_dashboard', '', 'admin', 1, 'admin_default', NULL, NULL, 3),
(58, 'admin', 'sidebar_menu_item_theme_edit', '', 'admin_appearance', 0, 'admin_themes_edit', NULL, NULL, 3),
(73, 'admin', 'sidebar_menu_item_theme_choose', '', 'admin_appearance', 1, 'admin_themes_choose', NULL, NULL, 3),
(74, 'admin', 'sidebar_menu_item_pages_manage', '', 'admin_pages', 1, 'admin_pages_main', NULL, NULL, 3),
(96, 'admin', 'sidebar_menu_item_settings_language', '', 'admin_settings', 3, 'admin_settings_language', NULL, NULL, 3),
(107, 'admin', 'sidebar_menu_item_users', '', 'admin_users', 1, 'admin_users_browse', NULL, NULL, 3),
(109, 'admin', 'sidebar_menu_item_main_settings', '', 'admin_settings', 1, 'admin_settings_main', NULL, NULL, 3),
(115, 'admin', 'sidebar_menu_item_questions', '', 'admin_users', 3, 'questions_index', NULL, 0, 3),
(120, 'admin', 'sidebar_menu_item_dev_langs', '', 'admin_dev', 1, 'admin_developer_tools_language', NULL, NULL, 3),
(211, 'base', 'base_join_menu_item', '', 'main', 3, 'base_join', NULL, NULL, 1),
(308, 'admin', 'sidebar_menu_plugins_add', '', 'admin_plugins', 3, 'admin_plugins_add', NULL, 0, 2),
(268, 'admin', 'sidebar_menu_item_maintenance', '', 'admin_pages', 7, 'admin_pages_maintenance', NULL, 0, 2),
(246, 'admin', 'sidebar_menu_item_splash_screen', '', 'admin_pages', 5, 'admin_pages_splash_screen', NULL, NULL, 2),
(307, 'admin', 'sidebar_menu_plugins_available', '', 'admin_plugins', 2, 'admin_plugins_available', NULL, NULL, 2),
(299, 'admin', 'sidebar_menu_item_permission_role', '', 'admin_privacy', 2, 'admin_permissions_roles', NULL, 0, 2),
(300, 'admin', 'sidebar_menu_item_permission_moders', '', 'admin_privacy', 3, 'admin_permissions_moderators', NULL, 0, 2),
(304, 'base', 'dashboard', '', 'main', 1, 'base_member_dashboard', NULL, NULL, 0),
(306, 'admin', 'sidebar_menu_plugins_installed', '', 'admin_plugins', 1, 'admin_plugins_installed', NULL, NULL, 2),
(340, 'admin', 'sidebar_menu_item_dashboard_finance', '', 'admin', 2, 'admin_finance', NULL, 0, 3),
(341, 'admin', 'sidebar_menu_item_restricted_usernames', '', 'admin_users', 5, 'admin_restrictedusernames', NULL, 0, 3),
(415, 'admin', 'sidebar_menu_item_user_settings', '', 'admin_settings', 2, 'admin_settings_user', NULL, 0, 3),
(405, 'admin', 'sidebar_menu_item_users_roles', '', 'admin_users', 2, 'admin_user_roles', NULL, 0, 3),
(411, 'base', 'page-119658', 'page-119658', 'bottom', 1, NULL, NULL, NULL, 3),
(467, 'admin', 'sidebar_menu_themes_add', '', 'admin_appearance', 3, 'admin_themes_add_new', NULL, 0, 3),
(469, 'mobile', 'mobile_admin_navigation', '', 'admin_mobile', 1, 'mobile.admin.navigation', NULL, NULL, 3),
(470, 'mobile', 'mobile_admin_pages_index', '', 'admin_mobile', 2, 'mobile.admin.pages.index', NULL, NULL, 3),
(471, 'mobile', 'mobile_admin_pages_dashboard', '', 'admin_mobile', 3, 'mobile.admin.pages.dashboard', NULL, NULL, 3),
(472, 'mobile', 'mobile_pages_dashboard', '', 'mobile_hidden', 0, 'base_member_dashboard', NULL, NULL, 2),
(473, 'base', 'desktop_version_menu_item', '', 'mobile_hidden', 3, 'base.desktop_version', NULL, NULL, 3),
(477, 'ow_custom', 'mobile_page_14788567', 'mobile_page_14788567', 'mobile_hidden', 2, NULL, NULL, NULL, 3),
(478, 'base', 'index_menu_item', '', 'mobile_top', 1, 'base_index', NULL, NULL, 3),
(479, 'base', 'mobile_version_menu_item', '', 'bottom', 3, 'base.mobile_version', NULL, NULL, 3),
(481, 'mobile', 'mobile_admin_settings', '', 'admin_mobile', 4, 'mobile.admin_settings', NULL, NULL, 2),
(482, 'newsfeed', 'newsfeed_feed', '', 'mobile_top', 0, 'newsfeed_view_feed', NULL, NULL, 3),
(494, 'ow_custom', 'mobile_page_1852670', 'mobile_page_1852670', 'mobile_top', 2, NULL, NULL, NULL, 3),
(495, 'shoppro', 'main_menu_item', '', 'main', 6, 'shoppro.index', NULL, NULL, 3),
(485, 'photo', 'photo', '', 'main', 5, 'view_photo_list', NULL, NULL, 0),
(486, 'photo', 'mobile_photo', '', 'mobile_hidden', 1, 'photo_list_index', NULL, NULL, 3),
(489, 'video', 'video', '', 'hidden', 2, 'video_list_index', NULL, NULL, 0),
(496, 'ow_custom', 'mobile_page_62712968', 'mobile_page_62712968', 'mobile_hidden', 4, NULL, NULL, NULL, 3);

-- --------------------------------------------------------

--
-- Table structure for table `ow_base_place`
--

CREATE TABLE IF NOT EXISTS `ow_base_place` (
  `id` int(11) NOT NULL AUTO_INCREMENT,
  `name` varchar(20) NOT NULL,
  `editableByUser` tinyint(1) DEFAULT '0',
  PRIMARY KEY (`id`),
  UNIQUE KEY `name` (`name`)
) ENGINE=MyISAM  DEFAULT CHARSET=utf8 AUTO_INCREMENT=7 ;

--
-- Dumping data for table `ow_base_place`
--

INSERT INTO `ow_base_place` (`id`, `name`, `editableByUser`) VALUES
(1, 'dashboard', 0),
(2, 'index', 0),
(3, 'profile', 0),
(5, 'mobile.index', 0),
(6, 'mobile.dashboard', 0),
(4, 'group', 0);

-- --------------------------------------------------------

--
-- Table structure for table `ow_base_place_entity_scheme`
--

CREATE TABLE IF NOT EXISTS `ow_base_place_entity_scheme` (
  `id` int(11) NOT NULL AUTO_INCREMENT,
  `placeId` int(11) DEFAULT NULL,
  `schemeId` int(11) DEFAULT NULL,
  `entityId` int(11) DEFAULT NULL,
  PRIMARY KEY (`id`),
  KEY `userId` (`entityId`)
) ENGINE=MyISAM DEFAULT CHARSET=utf8 AUTO_INCREMENT=1 ;

-- --------------------------------------------------------

--
-- Table structure for table `ow_base_place_scheme`
--

CREATE TABLE IF NOT EXISTS `ow_base_place_scheme` (
  `id` int(11) NOT NULL AUTO_INCREMENT,
  `placeId` int(11) DEFAULT NULL,
  `schemeId` int(11) DEFAULT NULL,
  PRIMARY KEY (`id`)
) ENGINE=MyISAM  DEFAULT CHARSET=utf8 AUTO_INCREMENT=5 ;

--
-- Dumping data for table `ow_base_place_scheme`
--

INSERT INTO `ow_base_place_scheme` (`id`, `placeId`, `schemeId`) VALUES
(1, 1, 5),
(2, 2, 1),
(3, 3, 1),
(4, 4, 1);

-- --------------------------------------------------------

--
-- Table structure for table `ow_base_plugin`
--

CREATE TABLE IF NOT EXISTS `ow_base_plugin` (
  `id` int(11) NOT NULL AUTO_INCREMENT,
  `title` varchar(255) NOT NULL,
  `description` text NOT NULL,
  `module` varchar(255) NOT NULL,
  `key` varchar(255) NOT NULL,
  `developerKey` varchar(255) DEFAULT NULL,
  `isSystem` tinyint(1) NOT NULL,
  `isActive` tinyint(1) NOT NULL,
  `adminSettingsRoute` varchar(255) DEFAULT NULL,
  `uninstallRoute` varchar(255) DEFAULT NULL,
  `build` int(11) NOT NULL DEFAULT '0',
  `update` tinyint(1) NOT NULL DEFAULT '0',
  `licenseKey` varchar(255) DEFAULT NULL,
  PRIMARY KEY (`id`),
  UNIQUE KEY `key` (`key`),
  UNIQUE KEY `module` (`module`)
) ENGINE=MyISAM  DEFAULT CHARSET=utf8 AUTO_INCREMENT=19 ;

--
-- Dumping data for table `ow_base_plugin`
--

INSERT INTO `ow_base_plugin` (`id`, `title`, `description`, `module`, `key`, `developerKey`, `isSystem`, `isActive`, `adminSettingsRoute`, `uninstallRoute`, `build`, `update`, `licenseKey`) VALUES
(1, 'Base OW plugin', 'Description', 'base', 'base', '', 1, 1, NULL, NULL, 1, 0, NULL),
(3, 'Admin Panel', 'Admin Panel', 'admin', 'admin', '', 1, 1, NULL, NULL, 1, 0, NULL),
(4, 'Newsfeed', 'Newsfeed with likes and comments, Facebook-style', 'newsfeed', 'newsfeed', 'e547ebcf734341ec11911209d93a1054', 0, 1, 'newsfeed_admin_settings', NULL, 8710, 0, NULL),
(5, 'Messages', 'Unified messaging plugin for private on-site communication', 'mailbox', 'mailbox', 'e547ebcf734341ec11911209d93a1054', 0, 1, 'mailbox_admin_config', NULL, 8710, 1, NULL),
(6, 'Activity notifications', 'Real-time and email notifications about site activity', 'notifications', 'notifications', 'e547ebcf734341ec11911209d93a1054', 0, 1, NULL, NULL, 8710, 0, NULL),
(7, 'Image Slideshow', 'Image Slideshow', 'slideshow', 'slideshow', 'e547ebcf734341ec11911209d93a1054', 0, 0, NULL, 'slideshow.uninstall', 8710, 0, NULL),
(8, 'Forum', 'Simple discussion boards for users', 'forum', 'forum', 'e547ebcf734341ec11911209d93a1054', 0, 0, 'forum_admin_config', 'forum_uninstall', 8710, 0, NULL),
(9, 'Groups', 'Simple groups within one site', 'groups', 'groups', 'e547ebcf734341ec11911209d93a1054', 0, 0, 'groups-admin-widget-panel', 'groups-admin-uninstall', 8710, 0, NULL),
(10, 'Photo', 'Allow users to upload photos with tags, rates, and comments', 'photo', 'photo', 'e547ebcf734341ec11911209d93a1054', 0, 1, 'photo_admin_config', 'photo_uninstall', 8710, 0, NULL),
(11, 'Video', 'Allow users to embed videos with comments, rates, and tags', 'video', 'video', 'e547ebcf734341ec11911209d93a1054', 0, 1, 'video_admin_config', NULL, 8710, 0, NULL),
(12, 'Events', 'Create public and private events within your community, let people RSVP and discuss', 'event', 'event', 'e547ebcf734341ec11911209d93a1054', 0, 0, NULL, NULL, 8710, 0, NULL),
(13, 'Privacy', 'Privacy settings for users to manage who sees their profiles and content.', 'privacy', 'privacy', 'e547ebcf734341ec11911209d93a1054', 0, 0, NULL, NULL, 8710, 0, NULL),
(14, 'Friends', 'Friending functionality to be used across multiple features', 'friends', 'friends', 'e547ebcf734341ec11911209d93a1054', 0, 0, NULL, NULL, 8710, 0, NULL),
(15, 'Followers', 'Adds page with list of user followers, widget for profile page and snippet', 'followlist', 'followlist', '4de7d12343ccb157ece55b3ec3feadf5', 0, 1, NULL, NULL, 1, 0, NULL),
(18, 'Shop Pro', 'Profesional Shop, sell your products easily ...', 'shoppro', 'shoppro', 'dd00b1f44ad08b29c885cde8e035356a', 0, 1, 'shoppro.admin', NULL, 4053, 1, NULL);

-- --------------------------------------------------------

--
-- Table structure for table `ow_base_preference`
--

CREATE TABLE IF NOT EXISTS `ow_base_preference` (
  `id` int(11) NOT NULL AUTO_INCREMENT,
  `key` varchar(100) NOT NULL,
  `defaultValue` text NOT NULL,
  `sectionName` varchar(100) NOT NULL,
  `sortOrder` int(11) NOT NULL,
  PRIMARY KEY (`id`),
  UNIQUE KEY `key` (`key`),
  KEY `sortOrder` (`sortOrder`)
) ENGINE=MyISAM  DEFAULT CHARSET=utf8 AUTO_INCREMENT=35 ;

--
-- Dumping data for table `ow_base_preference`
--

INSERT INTO `ow_base_preference` (`id`, `key`, `defaultValue`, `sectionName`, `sortOrder`) VALUES
(1, 'mass_mailing_subscribe', 'true', 'general', 1),
(12, 'newsfeed_generate_action_set_timestamp', '0', 'general', 10000),
(25, 'send_wellcome_letter', '0', 'general', 99),
(28, 'profile_details_update_stamp', '0', 'general', 1),
(31, 'mailbox_user_settings_enable_sound', '1', 'general', 1),
(32, 'mailbox_user_settings_show_online_only', '1', 'general', 1),
(33, 'mailbox_create_conversation_stamp', '0', 'general', 1),
(34, 'mailbox_create_conversation_display_capcha', '0', 'general', 1);

-- --------------------------------------------------------

--
-- Table structure for table `ow_base_preference_data`
--

CREATE TABLE IF NOT EXISTS `ow_base_preference_data` (
  `id` int(11) NOT NULL AUTO_INCREMENT,
  `key` varchar(100) NOT NULL,
  `userId` int(11) NOT NULL,
  `value` text,
  PRIMARY KEY (`id`),
  UNIQUE KEY `userId` (`userId`,`key`),
  KEY `key` (`key`)
) ENGINE=MyISAM  DEFAULT CHARSET=utf8 AUTO_INCREMENT=21 ;

--
-- Dumping data for table `ow_base_preference_data`
--

INSERT INTO `ow_base_preference_data` (`id`, `key`, `userId`, `value`) VALUES
(1, 'profile_details_update_stamp', 1, '1430531239'),
(2, 'send_wellcome_letter', 2, '0'),
(3, 'profile_details_update_stamp', 2, '1430464030'),
(4, 'send_wellcome_letter', 3, '0'),
(5, 'profile_details_update_stamp', 3, '1430664173'),
(6, 'send_wellcome_letter', 4, '0'),
(7, 'profile_details_update_stamp', 4, '1430464340'),
(8, 'send_wellcome_letter', 5, '0'),
(9, 'profile_details_update_stamp', 5, '1430637097'),
(10, 'send_wellcome_letter', 6, '0'),
(11, 'profile_details_update_stamp', 6, '1430620529'),
(12, 'send_wellcome_letter', 7, '0'),
(13, 'profile_details_update_stamp', 7, '1430700469'),
(14, 'send_wellcome_letter', 8, '0'),
(15, 'profile_details_update_stamp', 8, '1430464782'),
(16, 'send_wellcome_letter', 9, '0'),
(17, 'profile_details_update_stamp', 9, '1430531505'),
(18, 'mailbox_user_settings_show_online_only', 1, 'false'),
(19, 'send_wellcome_letter', 10, '0'),
(20, 'profile_details_update_stamp', 10, '1431078813');

-- --------------------------------------------------------

--
-- Table structure for table `ow_base_preference_section`
--

CREATE TABLE IF NOT EXISTS `ow_base_preference_section` (
  `id` int(11) NOT NULL AUTO_INCREMENT,
  `name` varchar(100) NOT NULL,
  `sortOrder` int(11) NOT NULL,
  PRIMARY KEY (`id`),
  UNIQUE KEY `name` (`name`)
) ENGINE=MyISAM  DEFAULT CHARSET=utf8 AUTO_INCREMENT=2 ;

--
-- Dumping data for table `ow_base_preference_section`
--

INSERT INTO `ow_base_preference_section` (`id`, `name`, `sortOrder`) VALUES
(1, 'general', 1);

-- --------------------------------------------------------

--
-- Table structure for table `ow_base_question`
--

CREATE TABLE IF NOT EXISTS `ow_base_question` (
  `id` int(11) NOT NULL AUTO_INCREMENT,
  `name` varchar(255) NOT NULL DEFAULT '',
  `sectionName` varchar(32) DEFAULT NULL,
  `accountTypeName` varchar(32) DEFAULT NULL,
  `type` enum('text','select','datetime','boolean','multiselect') NOT NULL DEFAULT 'text',
  `presentation` enum('text','textarea','select','date','location','checkbox','multicheckbox','radio','url','password','age','birthdate') NOT NULL DEFAULT 'text',
  `required` tinyint(1) NOT NULL DEFAULT '0',
  `onJoin` tinyint(1) NOT NULL DEFAULT '0',
  `onEdit` tinyint(1) NOT NULL DEFAULT '0',
  `onSearch` tinyint(1) NOT NULL DEFAULT '0',
  `onView` tinyint(1) NOT NULL DEFAULT '0',
  `base` tinyint(1) NOT NULL DEFAULT '0',
  `removable` tinyint(1) NOT NULL DEFAULT '1',
  `columnCount` int(11) NOT NULL DEFAULT '1',
  `sortOrder` int(11) NOT NULL DEFAULT '0',
  `custom` varchar(2048) DEFAULT '',
  `parent` varchar(255) DEFAULT NULL,
  PRIMARY KEY (`id`),
  UNIQUE KEY `name` (`name`),
  KEY `sectionId` (`sectionName`)
) ENGINE=MyISAM  DEFAULT CHARSET=utf8 AUTO_INCREMENT=130 ;

--
-- Dumping data for table `ow_base_question`
--

INSERT INTO `ow_base_question` (`id`, `name`, `sectionName`, `accountTypeName`, `type`, `presentation`, `required`, `onJoin`, `onEdit`, `onSearch`, `onView`, `base`, `removable`, `columnCount`, `sortOrder`, `custom`, `parent`) VALUES
(121, 'field_99ffe3d7824012d456c2f6233a01f64f', '47f3a94e6cfe733857b31116ce21c337', NULL, 'multiselect', 'multicheckbox', 0, 0, 1, 1, 1, 0, 1, 1, 3, '[]', NULL),
(122, 'field_8b2c06c64a01e377eabeda9788507496', '47f3a94e6cfe733857b31116ce21c337', NULL, 'multiselect', 'multicheckbox', 0, 0, 1, 1, 1, 0, 1, 1, 4, '[]', NULL),
(81, 'password', 'f90cde5913235d172603cc4e7b9726e3', NULL, 'text', 'password', 1, 1, 0, 0, 0, 1, 0, 1, 2, '[]', NULL),
(104, 'realname', 'f90cde5913235d172603cc4e7b9726e3', NULL, 'text', 'text', 1, 1, 1, 0, 1, 0, 0, 0, 3, '[]', NULL),
(94, 'sex', 'f90cde5913235d172603cc4e7b9726e3', NULL, 'select', 'radio', 1, 1, 1, 1, 1, 0, 0, 1, 4, '[]', NULL),
(82, 'email', 'f90cde5913235d172603cc4e7b9726e3', NULL, 'text', 'text', 1, 1, 1, 0, 0, 1, 0, 1, 1, '[]', NULL),
(123, 'field_c62c8d7979f7f1caeb55ccaeb5d5d921', '6df9296c9e6631e69ccc1bb5cfa639e8', NULL, 'text', 'text', 0, 0, 0, 0, 0, 0, 1, 1, 1, '[]', NULL),
(92, 'birthdate', 'f90cde5913235d172603cc4e7b9726e3', NULL, 'datetime', 'birthdate', 1, 1, 1, 0, 0, 0, 0, 0, 5, '{"year_range":{"from":1930,"to":1992}}', NULL),
(80, 'username', 'f90cde5913235d172603cc4e7b9726e3', NULL, 'text', 'text', 1, 1, 1, 0, 0, 1, 0, 1, 0, '[]', NULL),
(119, 'joinStamp', 'f90cde5913235d172603cc4e7b9726e3', NULL, 'select', 'date', 0, 0, 0, 0, 1, 1, 0, 0, 8, '{"year_range":{"from":1930,"to":1975}}', NULL),
(120, 'field_a5ef6451a409b2a29341c14da9ef3a10', '47f3a94e6cfe733857b31116ce21c337', NULL, 'multiselect', 'multicheckbox', 0, 0, 1, 1, 1, 0, 1, 1, 2, '[]', NULL),
(124, 'field_4b22ad6c6dfb72bfeb21ca1c506ee611', '6df9296c9e6631e69ccc1bb5cfa639e8', NULL, 'text', 'text', 0, 0, 0, 0, 0, 0, 1, 1, 2, '[]', NULL),
(127, 'field_092b4458c1b7b87172ea65ec903ec424', '6df9296c9e6631e69ccc1bb5cfa639e8', NULL, 'text', 'text', 0, 0, 0, 0, 0, 0, 1, 1, 5, '[]', NULL),
(126, 'field_50ba07a7fecc690fcb602e5ef814e65e', '6df9296c9e6631e69ccc1bb5cfa639e8', NULL, 'text', 'text', 0, 0, 0, 0, 0, 0, 1, 1, 4, '[]', NULL),
(129, 'field_9ae9b8ce63b74df91fa205f4093d948e', '6df9296c9e6631e69ccc1bb5cfa639e8', NULL, 'select', 'select', 0, 0, 0, 0, 0, 0, 1, 1, 6, '[]', NULL);

-- --------------------------------------------------------

--
-- Table structure for table `ow_base_question_account_type`
--

CREATE TABLE IF NOT EXISTS `ow_base_question_account_type` (
  `id` int(11) NOT NULL AUTO_INCREMENT,
  `name` varchar(32) NOT NULL DEFAULT '',
  `sortOrder` int(11) NOT NULL DEFAULT '0',
  `roleId` int(11) NOT NULL DEFAULT '0',
  PRIMARY KEY (`id`,`name`),
  UNIQUE KEY `name` (`name`)
) ENGINE=MyISAM  DEFAULT CHARSET=utf8 AUTO_INCREMENT=54 ;

--
-- Dumping data for table `ow_base_question_account_type`
--

INSERT INTO `ow_base_question_account_type` (`id`, `name`, `sortOrder`, `roleId`) VALUES
(53, '290365aadde35a97f11207ca7e4279cc', 0, 0);

-- --------------------------------------------------------

--
-- Table structure for table `ow_base_question_config`
--

CREATE TABLE IF NOT EXISTS `ow_base_question_config` (
  `id` int(11) NOT NULL AUTO_INCREMENT,
  `questionPresentation` enum('text','textarea','select','date','location','checkbox','multicheckbox','radio','url','password','age','birthdate') NOT NULL DEFAULT 'text',
  `name` varchar(255) NOT NULL,
  `description` varchar(1024) DEFAULT NULL,
  `presentationClass` varchar(255) DEFAULT NULL,
  PRIMARY KEY (`id`)
) ENGINE=MyISAM  DEFAULT CHARSET=utf8 AUTO_INCREMENT=4 ;

--
-- Dumping data for table `ow_base_question_config`
--

INSERT INTO `ow_base_question_config` (`id`, `questionPresentation`, `name`, `description`, `presentationClass`) VALUES
(1, 'date', 'year_range', '', 'YearRange'),
(2, 'age', 'year_range', '', 'YearRange'),
(3, 'birthdate', 'year_range', '', 'YearRange');

-- --------------------------------------------------------

--
-- Table structure for table `ow_base_question_data`
--

CREATE TABLE IF NOT EXISTS `ow_base_question_data` (
  `id` int(11) NOT NULL AUTO_INCREMENT,
  `questionName` varchar(255) NOT NULL DEFAULT '',
  `userId` int(11) NOT NULL DEFAULT '0',
  `textValue` text NOT NULL,
  `intValue` int(11) NOT NULL DEFAULT '0',
  `dateValue` datetime DEFAULT NULL,
  PRIMARY KEY (`id`),
  UNIQUE KEY `userId` (`userId`,`questionName`),
  KEY `fieldName` (`questionName`),
  KEY `intValue` (`intValue`)
) ENGINE=MyISAM  DEFAULT CHARSET=utf8 AUTO_INCREMENT=39 ;

--
-- Dumping data for table `ow_base_question_data`
--

INSERT INTO `ow_base_question_data` (`id`, `questionName`, `userId`, `textValue`, `intValue`, `dateValue`) VALUES
(1, 'realname', 1, 'Admin', 0, NULL),
(2, 'sex', 1, '', 1, NULL),
(3, 'birthdate', 1, '', 0, '1983-07-27 00:00:00'),
(4, 'realname', 2, 'Julie Spinks', 0, NULL),
(5, 'sex', 2, '', 2, NULL),
(6, 'birthdate', 2, '', 0, '1981-03-05 00:00:00'),
(7, 'realname', 3, 'Cynthia Gayoso', 0, NULL),
(8, 'sex', 3, '', 2, NULL),
(9, 'birthdate', 3, '', 0, '1979-04-05 00:00:00'),
(10, 'realname', 4, 'Dimitri Olson', 0, NULL),
(11, 'sex', 4, '', 1, NULL),
(12, 'birthdate', 4, '', 0, '1984-05-05 00:00:00'),
(13, 'realname', 5, 'Lara Traywick Kruger', 0, NULL),
(14, 'sex', 5, '', 2, NULL),
(15, 'birthdate', 5, '', 0, '1982-10-11 00:00:00'),
(16, 'realname', 6, 'Julie Hribar', 0, NULL),
(17, 'sex', 6, '', 2, NULL),
(18, 'birthdate', 6, '', 0, '1986-06-06 00:00:00'),
(19, 'realname', 7, 'Isabella Milo', 0, NULL),
(20, 'sex', 7, '', 2, NULL),
(21, 'birthdate', 7, '', 0, '1988-02-03 00:00:00'),
(22, 'realname', 8, 'Alejandra Nava', 0, NULL),
(23, 'sex', 8, '', 2, NULL),
(24, 'birthdate', 8, '', 0, '1986-05-07 00:00:00'),
(25, 'realname', 9, 'Sonia Lisa', 0, NULL),
(26, 'sex', 9, '', 2, NULL),
(27, 'birthdate', 9, '', 0, '1984-08-10 00:00:00'),
(28, 'field_99ffe3d7824012d456c2f6233a01f64f', 9, '', 104, NULL),
(29, 'field_8b2c06c64a01e377eabeda9788507496', 9, '', 2, NULL),
(30, 'field_a5ef6451a409b2a29341c14da9ef3a10', 9, '', 14, NULL),
(31, 'field_99ffe3d7824012d456c2f6233a01f64f', 6, '', 0, NULL),
(32, 'field_8b2c06c64a01e377eabeda9788507496', 6, '', 0, NULL),
(33, 'field_a5ef6451a409b2a29341c14da9ef3a10', 6, '', 7, NULL),
(34, 'field_9ae9b8ce63b74df91fa205f4093d948e', 9, '', 1, NULL),
(35, 'field_9ae9b8ce63b74df91fa205f4093d948e', 1, '', 1, NULL),
(36, 'birthdate', 10, '', 0, '1980-03-09 00:00:00'),
(37, 'realname', 10, 'Anoop Nair', 0, NULL),
(38, 'sex', 10, '', 1, NULL);

-- --------------------------------------------------------

--
-- Table structure for table `ow_base_question_section`
--

CREATE TABLE IF NOT EXISTS `ow_base_question_section` (
  `id` int(11) NOT NULL AUTO_INCREMENT,
  `name` varchar(32) DEFAULT NULL,
  `sortOrder` int(11) NOT NULL DEFAULT '1',
  `isHidden` int(11) NOT NULL DEFAULT '0',
  `isDeletable` int(11) NOT NULL DEFAULT '1',
  PRIMARY KEY (`id`),
  UNIQUE KEY `sectionName` (`name`)
) ENGINE=MyISAM  DEFAULT CHARSET=utf8 AUTO_INCREMENT=37 ;

--
-- Dumping data for table `ow_base_question_section`
--

INSERT INTO `ow_base_question_section` (`id`, `name`, `sortOrder`, `isHidden`, `isDeletable`) VALUES
(20, '47f3a94e6cfe733857b31116ce21c337', 1, 0, 1),
(34, 'f90cde5913235d172603cc4e7b9726e3', 0, 0, 0),
(36, '6df9296c9e6631e69ccc1bb5cfa639e8', 2, 0, 1);

-- --------------------------------------------------------

--
-- Table structure for table `ow_base_question_to_account_type`
--

CREATE TABLE IF NOT EXISTS `ow_base_question_to_account_type` (
  `id` int(11) NOT NULL AUTO_INCREMENT,
  `accountType` varchar(32) CHARACTER SET utf8 DEFAULT NULL,
  `questionName` varchar(255) CHARACTER SET utf8 DEFAULT NULL,
  PRIMARY KEY (`id`)
) ENGINE=MyISAM  DEFAULT CHARSET=latin1 AUTO_INCREMENT=33 ;

--
-- Dumping data for table `ow_base_question_to_account_type`
--

INSERT INTO `ow_base_question_to_account_type` (`id`, `accountType`, `questionName`) VALUES
(12, '290365aadde35a97f11207ca7e4279cc', 'relationship'),
(2, '290365aadde35a97f11207ca7e4279cc', '9221d78a4201eac23c972e1d4aa2cee6'),
(3, '290365aadde35a97f11207ca7e4279cc', 'c441a8a9b955647cdf4c81562d39068a'),
(4, '290365aadde35a97f11207ca7e4279cc', 'password'),
(5, '290365aadde35a97f11207ca7e4279cc', 'realname'),
(6, '290365aadde35a97f11207ca7e4279cc', 'sex'),
(7, '290365aadde35a97f11207ca7e4279cc', 'email'),
(8, '290365aadde35a97f11207ca7e4279cc', 'match_sex'),
(9, '290365aadde35a97f11207ca7e4279cc', 'birthdate'),
(10, '290365aadde35a97f11207ca7e4279cc', 'username'),
(11, '290365aadde35a97f11207ca7e4279cc', 'joinStamp'),
(13, '290365aadde35a97f11207ca7e4279cc', 'relationship'),
(14, '290365aadde35a97f11207ca7e4279cc', '9221d78a4201eac23c972e1d4aa2cee6'),
(15, '290365aadde35a97f11207ca7e4279cc', 'c441a8a9b955647cdf4c81562d39068a'),
(16, '290365aadde35a97f11207ca7e4279cc', 'password'),
(17, '290365aadde35a97f11207ca7e4279cc', 'realname'),
(18, '290365aadde35a97f11207ca7e4279cc', 'sex'),
(19, '290365aadde35a97f11207ca7e4279cc', 'email'),
(20, '290365aadde35a97f11207ca7e4279cc', 'match_sex'),
(21, '290365aadde35a97f11207ca7e4279cc', 'birthdate'),
(22, '290365aadde35a97f11207ca7e4279cc', 'username'),
(23, '290365aadde35a97f11207ca7e4279cc', 'joinStamp'),
(24, '290365aadde35a97f11207ca7e4279cc', 'field_a5ef6451a409b2a29341c14da9ef3a10'),
(25, '290365aadde35a97f11207ca7e4279cc', 'field_99ffe3d7824012d456c2f6233a01f64f'),
(26, '290365aadde35a97f11207ca7e4279cc', 'field_8b2c06c64a01e377eabeda9788507496'),
(31, '290365aadde35a97f11207ca7e4279cc', 'field_a6fc8d97b62826ed7ba60b660d48be48');

-- --------------------------------------------------------

--
-- Table structure for table `ow_base_question_value`
--

CREATE TABLE IF NOT EXISTS `ow_base_question_value` (
  `id` int(11) NOT NULL AUTO_INCREMENT,
  `questionName` varchar(255) DEFAULT NULL,
  `value` int(11) NOT NULL DEFAULT '0',
  `sortOrder` int(11) NOT NULL DEFAULT '0',
  PRIMARY KEY (`id`),
  UNIQUE KEY `questionName` (`questionName`,`value`)
) ENGINE=MyISAM  DEFAULT CHARSET=utf8 AUTO_INCREMENT=456 ;

--
-- Dumping data for table `ow_base_question_value`
--

INSERT INTO `ow_base_question_value` (`id`, `questionName`, `value`, `sortOrder`) VALUES
(335, 'd68489df439fe45427e305a0e2dbe349', 1, 0),
(336, 'd68489df439fe45427e305a0e2dbe349', 2, 1),
(305, '4971fc7002dca728f9a7f2a417c5284e', 32, 0),
(304, '28f881c609c933f6b1719cdf6dcf4cab', 8, 3),
(303, '28f881c609c933f6b1719cdf6dcf4cab', 4, 2),
(302, '28f881c609c933f6b1719cdf6dcf4cab', 2, 1),
(301, '28f881c609c933f6b1719cdf6dcf4cab', 1, 0),
(300, '490d035a492be91d7bf9589f881e2d22', 4, 2),
(299, '490d035a492be91d7bf9589f881e2d22', 2, 1),
(298, '490d035a492be91d7bf9589f881e2d22', 1, 0),
(297, '4971fc7002dca728f9a7f2a417c5284e', 16, 6),
(296, '4971fc7002dca728f9a7f2a417c5284e', 8, 8),
(295, '4971fc7002dca728f9a7f2a417c5284e', 4, 7),
(294, '4971fc7002dca728f9a7f2a417c5284e', 2, 1),
(334, '4971fc7002dca728f9a7f2a417c5284e', 1, 5),
(292, '92947e48441284286fe8a7b175f34a6e', 32, 5),
(291, '92947e48441284286fe8a7b175f34a6e', 16, 4),
(290, '92947e48441284286fe8a7b175f34a6e', 8, 3),
(289, '92947e48441284286fe8a7b175f34a6e', 4, 2),
(288, '92947e48441284286fe8a7b175f34a6e', 2, 1),
(287, '92947e48441284286fe8a7b175f34a6e', 1, 0),
(307, '4971fc7002dca728f9a7f2a417c5284e', 128, 2),
(337, 'd68489df439fe45427e305a0e2dbe349', 4, 2),
(309, '4971fc7002dca728f9a7f2a417c5284e', 512, 4),
(310, 'sex', 1, 0),
(311, 'sex', 2, 1),
(312, '28f881c609c933f6b1719cdf6dcf4cab', 16, 4),
(313, '28f881c609c933f6b1719cdf6dcf4cab', 32, 5),
(314, '28f881c609c933f6b1719cdf6dcf4cab', 64, 6),
(315, '28f881c609c933f6b1719cdf6dcf4cab', 128, 7),
(316, '28f881c609c933f6b1719cdf6dcf4cab', 256, 8),
(317, '28f881c609c933f6b1719cdf6dcf4cab', 512, 9),
(318, '28f881c609c933f6b1719cdf6dcf4cab', 1024, 10),
(319, '5d32f746a541b97f18a957ad5856318e', 1, 0),
(320, '5d32f746a541b97f18a957ad5856318e', 2, 1),
(321, '5d32f746a541b97f18a957ad5856318e', 4, 2),
(322, '5d32f746a541b97f18a957ad5856318e', 8, 3),
(323, '5d32f746a541b97f18a957ad5856318e', 16, 4),
(324, '5d32f746a541b97f18a957ad5856318e', 32, 5),
(325, '5d32f746a541b97f18a957ad5856318e', 64, 6),
(326, '5d32f746a541b97f18a957ad5856318e', 128, 7),
(327, 'ab9fc810a1938e599b7d084efea97d91', 1, 0),
(328, 'ab9fc810a1938e599b7d084efea97d91', 2, 1),
(329, 'ab9fc810a1938e599b7d084efea97d91', 4, 2),
(330, 'ab9fc810a1938e599b7d084efea97d91', 8, 3),
(333, '4971fc7002dca728f9a7f2a417c5284e', 256, 3),
(338, '1e615090f832c4fbee805ded8e9ced08', 1, 0),
(339, '1e615090f832c4fbee805ded8e9ced08', 2, 1),
(340, '1e615090f832c4fbee805ded8e9ced08', 4, 2),
(341, 'f8f4c260c54166c8fcf79057fd85aec0', 1, 0),
(342, 'f8f4c260c54166c8fcf79057fd85aec0', 2, 1),
(343, 'f8f4c260c54166c8fcf79057fd85aec0', 4, 2),
(455, 'field_9ae9b8ce63b74df91fa205f4093d948e', 8, 3),
(454, 'field_9ae9b8ce63b74df91fa205f4093d948e', 4, 2),
(360, '9ce3cf807fd94892c8c7bb75dc2af60d', 1, 0),
(361, '9ce3cf807fd94892c8c7bb75dc2af60d', 2, 1),
(362, '9ce3cf807fd94892c8c7bb75dc2af60d', 4, 2),
(364, '9ce3cf807fd94892c8c7bb75dc2af60d', 16, 4),
(365, '9ce3cf807fd94892c8c7bb75dc2af60d', 32, 5),
(366, '9ce3cf807fd94892c8c7bb75dc2af60d', 64, 6),
(367, '9ce3cf807fd94892c8c7bb75dc2af60d', 128, 7),
(368, '9ce3cf807fd94892c8c7bb75dc2af60d', 256, 8),
(369, '9ce3cf807fd94892c8c7bb75dc2af60d', 512, 9),
(370, '9ce3cf807fd94892c8c7bb75dc2af60d', 1024, 10),
(371, '9ce3cf807fd94892c8c7bb75dc2af60d', 2048, 11),
(372, '9ce3cf807fd94892c8c7bb75dc2af60d', 4096, 12),
(373, '9ce3cf807fd94892c8c7bb75dc2af60d', 8192, 13),
(374, '9ce3cf807fd94892c8c7bb75dc2af60d', 16384, 14),
(375, '9ce3cf807fd94892c8c7bb75dc2af60d', 32768, 15),
(376, '9ce3cf807fd94892c8c7bb75dc2af60d', 65536, 16),
(377, '9ce3cf807fd94892c8c7bb75dc2af60d', 131072, 17),
(378, '9ce3cf807fd94892c8c7bb75dc2af60d', 262144, 18),
(379, '9ce3cf807fd94892c8c7bb75dc2af60d', 524288, 19),
(380, '9ce3cf807fd94892c8c7bb75dc2af60d', 1048576, 20),
(381, '9ce3cf807fd94892c8c7bb75dc2af60d', 2097152, 21),
(382, '9ce3cf807fd94892c8c7bb75dc2af60d', 4194304, 22),
(383, '9ce3cf807fd94892c8c7bb75dc2af60d', 8388608, 23),
(384, '9ce3cf807fd94892c8c7bb75dc2af60d', 16777216, 24),
(385, '9ce3cf807fd94892c8c7bb75dc2af60d', 33554432, 25),
(386, '9ce3cf807fd94892c8c7bb75dc2af60d', 67108864, 26),
(387, '9ce3cf807fd94892c8c7bb75dc2af60d', 134217728, 27),
(388, '9ce3cf807fd94892c8c7bb75dc2af60d', 268435456, 28),
(389, '9ce3cf807fd94892c8c7bb75dc2af60d', 536870912, 29),
(390, '9ce3cf807fd94892c8c7bb75dc2af60d', 1073741824, 30),
(392, '8100f639e8becdefa741e05f0de73a15', 1, 0),
(393, '8100f639e8becdefa741e05f0de73a15', 2, 1),
(394, 'd37d41b71a78dfb62b379d0aa7bd3ba5', 1, 0),
(395, 'c5dc53f371fe6ba3001a7c7e31bd95fc', 1, 0),
(396, 'c5dc53f371fe6ba3001a7c7e31bd95fc', 2, 1),
(397, 'c5dc53f371fe6ba3001a7c7e31bd95fc', 4, 2),
(398, 'c5dc53f371fe6ba3001a7c7e31bd95fc', 8, 3),
(399, 'c5dc53f371fe6ba3001a7c7e31bd95fc', 16, 4),
(400, '7f2450f06779439551c75a8566c4070e', 1, 0),
(401, '7f2450f06779439551c75a8566c4070e', 2, 1),
(402, '7f2450f06779439551c75a8566c4070e', 4, 2),
(403, '7f2450f06779439551c75a8566c4070e', 8, 3),
(404, '7f2450f06779439551c75a8566c4070e', 16, 4),
(405, '7f2450f06779439551c75a8566c4070e', 32, 5),
(406, '7fbd88047415229961f4d2aac620fe25', 1, 0),
(407, '7fbd88047415229961f4d2aac620fe25', 2, 1),
(408, '7fbd88047415229961f4d2aac620fe25', 4, 2),
(409, '7fbd88047415229961f4d2aac620fe25', 8, 3),
(410, '7fbd88047415229961f4d2aac620fe25', 16, 4),
(411, '7fbd88047415229961f4d2aac620fe25', 32, 5),
(412, '7fbd88047415229961f4d2aac620fe25', 64, 6),
(413, 'a5115de7f38988e748370a59ba0b311d', 1, 0),
(414, 'a5115de7f38988e748370a59ba0b311d', 2, 1),
(415, 'a5115de7f38988e748370a59ba0b311d', 4, 2),
(416, 'a5115de7f38988e748370a59ba0b311d', 8, 3),
(417, 'd8aa20d67fbb6c6864e46c474d0bde10', 1, 0),
(418, 'd8aa20d67fbb6c6864e46c474d0bde10', 2, 1),
(419, 'd8aa20d67fbb6c6864e46c474d0bde10', 4, 2),
(420, 'd8aa20d67fbb6c6864e46c474d0bde10', 8, 3),
(421, 'd8aa20d67fbb6c6864e46c474d0bde10', 16, 4),
(422, 'd8aa20d67fbb6c6864e46c474d0bde10', 32, 5),
(423, 'd8aa20d67fbb6c6864e46c474d0bde10', 64, 6),
(424, 'd8aa20d67fbb6c6864e46c474d0bde10', 128, 7),
(425, 'd8aa20d67fbb6c6864e46c474d0bde10', 256, 8),
(426, 'd8aa20d67fbb6c6864e46c474d0bde10', 512, 9),
(427, 'field_8b2c06c64a01e377eabeda9788507496', 1, 0),
(428, 'field_8b2c06c64a01e377eabeda9788507496', 2, 1),
(429, 'field_8b2c06c64a01e377eabeda9788507496', 4, 2),
(430, 'field_8b2c06c64a01e377eabeda9788507496', 8, 3),
(431, 'field_8b2c06c64a01e377eabeda9788507496', 16, 4),
(432, 'field_99ffe3d7824012d456c2f6233a01f64f', 1, 0),
(433, 'field_99ffe3d7824012d456c2f6233a01f64f', 2, 1),
(434, 'field_99ffe3d7824012d456c2f6233a01f64f', 4, 2),
(435, 'field_99ffe3d7824012d456c2f6233a01f64f', 8, 3),
(436, 'field_99ffe3d7824012d456c2f6233a01f64f', 16, 4),
(437, 'field_99ffe3d7824012d456c2f6233a01f64f', 32, 5),
(438, 'field_99ffe3d7824012d456c2f6233a01f64f', 64, 6),
(439, 'field_99ffe3d7824012d456c2f6233a01f64f', 128, 7),
(440, 'field_99ffe3d7824012d456c2f6233a01f64f', 256, 8),
(441, 'field_99ffe3d7824012d456c2f6233a01f64f', 512, 9),
(442, 'field_a5ef6451a409b2a29341c14da9ef3a10', 1, 0),
(443, 'field_a5ef6451a409b2a29341c14da9ef3a10', 2, 1),
(444, 'field_a5ef6451a409b2a29341c14da9ef3a10', 4, 2),
(445, 'field_a5ef6451a409b2a29341c14da9ef3a10', 8, 3),
(446, 'field_a5ef6451a409b2a29341c14da9ef3a10', 16, 4),
(447, 'field_a5ef6451a409b2a29341c14da9ef3a10', 32, 5),
(453, 'field_9ae9b8ce63b74df91fa205f4093d948e', 2, 1),
(452, 'field_9ae9b8ce63b74df91fa205f4093d948e', 1, 0);

-- --------------------------------------------------------

--
-- Table structure for table `ow_base_rate`
--

CREATE TABLE IF NOT EXISTS `ow_base_rate` (
  `id` int(10) unsigned NOT NULL AUTO_INCREMENT,
  `entityType` varchar(255) NOT NULL,
  `entityId` int(10) unsigned NOT NULL,
  `userId` int(10) unsigned NOT NULL,
  `score` int(10) unsigned NOT NULL,
  `timeStamp` int(10) unsigned NOT NULL,
  `active` tinyint(4) NOT NULL DEFAULT '1',
  PRIMARY KEY (`id`),
  KEY `entityType` (`entityType`),
  KEY `entityId` (`entityId`),
  KEY `userId` (`userId`)
) ENGINE=MyISAM  DEFAULT CHARSET=utf8 AUTO_INCREMENT=2 ;

--
-- Dumping data for table `ow_base_rate`
--

INSERT INTO `ow_base_rate` (`id`, `entityType`, `entityId`, `userId`, `score`, `timeStamp`, `active`) VALUES
(1, 'photo_rates', 1, 1, 5, 1430466257, 1);

-- --------------------------------------------------------

--
-- Table structure for table `ow_base_remote_auth`
--

CREATE TABLE IF NOT EXISTS `ow_base_remote_auth` (
  `id` int(11) NOT NULL AUTO_INCREMENT,
  `type` varchar(20) NOT NULL,
  `userId` int(11) NOT NULL,
  `remoteId` varchar(50) NOT NULL,
  `timeStamp` int(11) NOT NULL,
  `custom` text,
  PRIMARY KEY (`id`)
) ENGINE=MyISAM DEFAULT CHARSET=utf8 AUTO_INCREMENT=1 ;

-- --------------------------------------------------------

--
-- Table structure for table `ow_base_restricted_usernames`
--

CREATE TABLE IF NOT EXISTS `ow_base_restricted_usernames` (
  `id` int(11) NOT NULL AUTO_INCREMENT,
  `username` varchar(32) NOT NULL,
  PRIMARY KEY (`id`)
) ENGINE=MyISAM DEFAULT CHARSET=utf8 AUTO_INCREMENT=1 ;

-- --------------------------------------------------------

--
-- Table structure for table `ow_base_scheme`
--

CREATE TABLE IF NOT EXISTS `ow_base_scheme` (
  `id` tinyint(4) NOT NULL AUTO_INCREMENT,
  `rightCssClass` varchar(50) CHARACTER SET latin1 DEFAULT NULL,
  `leftCssClass` varchar(50) CHARACTER SET latin1 DEFAULT NULL,
  `cssClass` varchar(50) CHARACTER SET latin1 DEFAULT NULL,
  PRIMARY KEY (`id`)
) ENGINE=MyISAM  DEFAULT CHARSET=utf8 AUTO_INCREMENT=6 ;

--
-- Dumping data for table `ow_base_scheme`
--

INSERT INTO `ow_base_scheme` (`id`, `rightCssClass`, `leftCssClass`, `cssClass`) VALUES
(1, 'ow_superwide', 'ow_supernarrow', 'ow_scheme_enew'),
(2, 'ow_wide', 'ow_narrow', 'ow_scheme_nw'),
(3, 'ow_column', 'ow_column', 'ow_scheme_equal'),
(4, 'ow_narrow', 'ow_wide', 'ow_scheme_wn'),
(5, 'ow_supernarrow', 'ow_superwide', 'ow_scheme_ewen');

-- --------------------------------------------------------

--
-- Table structure for table `ow_base_search`
--

CREATE TABLE IF NOT EXISTS `ow_base_search` (
  `id` int(11) NOT NULL AUTO_INCREMENT,
  `timeStamp` int(11) NOT NULL,
  PRIMARY KEY (`id`),
  KEY `timeStamp` (`timeStamp`)
) ENGINE=MyISAM  DEFAULT CHARSET=utf8 AUTO_INCREMENT=8 ;

--
-- Dumping data for table `ow_base_search`
--

INSERT INTO `ow_base_search` (`id`, `timeStamp`) VALUES
(1, 1430469931),
(2, 1430474803),
(3, 1430474831),
(4, 1430474847),
(5, 1430732484),
(6, 1430732494),
(7, 1431227134);

-- --------------------------------------------------------

--
-- Table structure for table `ow_base_search_result`
--

CREATE TABLE IF NOT EXISTS `ow_base_search_result` (
  `id` int(11) NOT NULL AUTO_INCREMENT,
  `searchId` int(11) NOT NULL DEFAULT '0',
  `userId` int(11) NOT NULL,
  `sortOrder` int(11) DEFAULT NULL,
  PRIMARY KEY (`id`),
  KEY `searchResult` (`searchId`,`userId`)
) ENGINE=MyISAM  DEFAULT CHARSET=utf8 AUTO_INCREMENT=19 ;

--
-- Dumping data for table `ow_base_search_result`
--

INSERT INTO `ow_base_search_result` (`id`, `searchId`, `userId`, `sortOrder`) VALUES
(1, 1, 6, 0),
(2, 2, 6, 0),
(3, 2, 9, 1),
(4, 3, 1, 0),
(5, 3, 4, 1),
(6, 4, 9, 0),
(7, 5, 9, 0),
(8, 5, 6, 1),
(9, 6, 7, 0),
(10, 6, 3, 1),
(11, 6, 9, 2),
(12, 6, 5, 3),
(13, 6, 6, 4),
(14, 6, 2, 5),
(15, 6, 8, 6),
(16, 7, 1, 0),
(17, 7, 10, 1),
(18, 7, 4, 2);

-- --------------------------------------------------------

--
-- Table structure for table `ow_base_tag`
--

CREATE TABLE IF NOT EXISTS `ow_base_tag` (
  `id` int(10) unsigned NOT NULL AUTO_INCREMENT,
  `label` varchar(255) NOT NULL,
  PRIMARY KEY (`id`),
  KEY `label` (`label`)
) ENGINE=MyISAM DEFAULT CHARSET=utf8 AUTO_INCREMENT=1 ;

-- --------------------------------------------------------

--
-- Table structure for table `ow_base_theme`
--

CREATE TABLE IF NOT EXISTS `ow_base_theme` (
  `id` int(11) NOT NULL AUTO_INCREMENT,
  `developerKey` varchar(255) DEFAULT NULL,
  `build` int(11) NOT NULL DEFAULT '0',
  `update` tinyint(4) NOT NULL DEFAULT '0',
  `licenseKey` varchar(255) DEFAULT NULL,
  `name` varchar(255) NOT NULL,
  `title` varchar(255) NOT NULL,
  `description` text NOT NULL,
  `isActive` tinyint(1) NOT NULL DEFAULT '0',
  `customCss` text,
  `mobileCustomCss` text,
  `customCssFileName` varchar(255) DEFAULT NULL,
  `sidebarPosition` enum('left','right','none') NOT NULL,
  PRIMARY KEY (`id`),
  UNIQUE KEY `name` (`name`)
) ENGINE=MyISAM  DEFAULT CHARSET=utf8 AUTO_INCREMENT=958 ;

--
-- Dumping data for table `ow_base_theme`
--

INSERT INTO `ow_base_theme` (`id`, `developerKey`, `build`, `update`, `licenseKey`, `name`, `title`, `description`, `isActive`, `customCss`, `mobileCustomCss`, `customCssFileName`, `sidebarPosition`) VALUES
(925, 'e547ebcf734341ec11911209d93a1054', 8520, 0, NULL, 'origin', 'Origin', '{"name":"Origin","key":"origin","version":"1.0","compatibility":"1.5 and higher","description":"The Origin theme","author":"Oxwall Foundation","authorEmail":"themes@oxwall.org","authorUrl":"http:\\/\\/www.oxwall.org\\/foundation","developerKey":"e547ebcf734341ec11911209d93a1054","build":"8520","copyright":"(C) 2012 Oxwall Foundation. All rights reserved.","license":"The BSD License","licenseUrl":"http:\\/\\/www.opensource.org\\/licenses\\/bsd-license.php"}', 0, NULL, NULL, 'origin554cbdb9c356d.css', 'none'),
(953, 'e547ebcf734341ec11911209d93a1054', 8520, 0, NULL, 'crayon', 'rayon', '{"name":"\\u0421rayon","key":"crayon","version":"1.0","compatibility":"1.5 and higher","description":"The \\u0421rayon theme with sidebar","author":"Oxwall Foundation","authorEmail":"themes@oxwall.org","authorUrl":"http:\\/\\/www.oxwall.org\\/foundation","developerKey":"e547ebcf734341ec11911209d93a1054","build":"8520","copyright":"(C) 2012 Oxwall Foundation. All rights reserved.","license":"The BSD License","licenseUrl":"http:\\/\\/www.opensource.org\\/licenses\\/bsd-license.php","sidebarPosition":"right"}', 0, NULL, NULL, NULL, 'right'),
(954, 'e547ebcf734341ec11911209d93a1054', 8520, 0, NULL, 'darklets', 'Darklets', '{"name":"Darklets","key":"darklets","version":"1.0","compatibility":"1.5 and higher","description":"The Darklets theme with sidebar","author":"Oxwall Foundation","authorEmail":"themes@oxwall.org","authorUrl":"http:\\/\\/www.oxwall.org\\/foundation","developerKey":"e547ebcf734341ec11911209d93a1054","build":"8520","copyright":"(C) 2012 Oxwall Foundation. All rights reserved.","license":"The BSD License","licenseUrl":"http:\\/\\/www.opensource.org\\/licenses\\/bsd-license.php","sidebarPosition":"right"}', 0, NULL, NULL, NULL, 'right'),
(955, 'e547ebcf734341ec11911209d93a1054', 8520, 0, NULL, 'showcase', 'ShowCase', '{"name":"ShowCase","key":"showcase","version":"1.0","compatibility":"1.5 and higher","description":"The Show Case theme","author":"Oxwall Foundation","authorEmail":"themes@oxwall.org","authorUrl":"http:\\/\\/www.oxwall.org\\/foundation","developerKey":"e547ebcf734341ec11911209d93a1054","build":"8520","copyright":"(C) 2012 Oxwall Foundation. All rights reserved.","license":"The BSD License","licenseUrl":"http:\\/\\/www.opensource.org\\/licenses\\/bsd-license.php"}', 0, NULL, NULL, NULL, 'none'),
(956, '575cd14e4777358a09bddfa2f51c0ef5', 2222, 0, NULL, 'facebookthenext', 'Facebook The Next', '{"name":"Facebook The Next","key":"facebookthenext","version":"1.0","compatibility":"1.7","description":"Facebook The Next theme for Oxwall software. Version compatibility 1.7","author":"OW Visuals","authorEmail":"slash_198x@yahoo.com","developerKey":"575cd14e4777358a09bddfa2f51c0ef5","build":"2222","authorUrl":"http:\\/\\/ow-visuals.com","copyright":"(C) 2014 OW Visuals. All rights reserved.","license":"OSCL","licenseUrl":"http:\\/\\/www.oxwall.org\\/store\\/oscl"}', 0, NULL, NULL, NULL, 'none'),
(957, '25fca9dbe9e2e38a6bea5f31f91391e1', 2009, 0, NULL, 'ethos', 'Ethos', '{"name":"Ethos","key":"ethos","compatibility":"1.7.0, 1.7.1, 1.7.2, 1.7.3","versions":"1.7.0, 1.7.1, 1.7.2, 1.7.3","description":"Oxwall from a new perspective.","author":"The E Club","authorEmail":"support@theeclub.info","authorUrl":"http:\\/\\/plus.theeclub.info","developerKey":"25fca9dbe9e2e38a6bea5f31f91391e1","build":"2009","copyright":"(C) 2015 The E Club. All rights reserved.","license":"OSCL","licenseUrl":"http:\\/\\/www.oxwall.org\\/store\\/oscl"}', 0, NULL, NULL, 'ethos554f6b9468921.css', 'none');

-- --------------------------------------------------------

--
-- Table structure for table `ow_base_theme_content`
--

CREATE TABLE IF NOT EXISTS `ow_base_theme_content` (
  `id` int(11) NOT NULL AUTO_INCREMENT,
  `themeId` int(11) NOT NULL,
  `type` varchar(100) NOT NULL,
  `value` varchar(255) NOT NULL,
  PRIMARY KEY (`id`),
  KEY `themeId` (`themeId`),
  KEY `type` (`type`)
) ENGINE=MyISAM  DEFAULT CHARSET=utf8 AUTO_INCREMENT=180 ;

--
-- Dumping data for table `ow_base_theme_content`
--

INSERT INTO `ow_base_theme_content` (`id`, `themeId`, `type`, `value`) VALUES
(141, 925, 'm_master_page', 'mobile_html_document'),
(140, 925, 'm_master_page', 'mobile_blank'),
(139, 925, 'm_master_page', 'mobile_general'),
(138, 925, 'master_page', 'general'),
(147, 953, 'm_master_page', 'mobile_html_document'),
(146, 953, 'm_master_page', 'mobile_blank'),
(145, 953, 'm_master_page', 'mobile_general'),
(153, 954, 'm_master_page', 'mobile_html_document'),
(152, 954, 'm_master_page', 'mobile_blank'),
(151, 954, 'm_master_page', 'mobile_general'),
(159, 955, 'm_master_page', 'mobile_html_document'),
(158, 955, 'm_master_page', 'mobile_blank'),
(157, 955, 'm_master_page', 'mobile_general'),
(137, 925, 'master_page', 'html_document'),
(136, 925, 'master_page', 'admin'),
(144, 953, 'master_page', 'general'),
(150, 954, 'master_page', 'general'),
(156, 955, 'master_page', 'general'),
(160, 956, 'decorator', 'button'),
(161, 956, 'master_page', 'dndindex'),
(162, 956, 'master_page', 'general'),
(163, 956, 'm_master_page', 'mobile_general'),
(164, 956, 'm_master_page', 'mobile_blank'),
(165, 956, 'm_master_page', 'mobile_html_document'),
(135, 925, 'master_page', 'dndindex'),
(134, 925, 'master_page', 'blank'),
(143, 953, 'master_page', 'dndindex'),
(149, 954, 'master_page', 'dndindex'),
(155, 955, 'master_page', 'dndindex'),
(133, 925, 'decorator', 'button'),
(142, 953, 'decorator', 'button'),
(148, 954, 'decorator', 'button'),
(154, 955, 'decorator', 'button'),
(178, 957, 'm_master_page', 'mobile_blank'),
(177, 957, 'm_master_page', 'mobile_general'),
(176, 957, 'master_page', 'general'),
(175, 957, 'master_page', 'html_document'),
(174, 957, 'master_page', 'dndindex'),
(173, 957, 'master_page', 'blank'),
(179, 957, 'm_master_page', 'mobile_html_document');

-- --------------------------------------------------------

--
-- Table structure for table `ow_base_theme_control`
--

CREATE TABLE IF NOT EXISTS `ow_base_theme_control` (
  `id` int(10) unsigned NOT NULL AUTO_INCREMENT,
  `attribute` varchar(255) NOT NULL,
  `selector` text NOT NULL,
  `defaultValue` text NOT NULL,
  `type` varchar(50) NOT NULL DEFAULT 'text',
  `themeId` int(10) unsigned NOT NULL,
  `key` varchar(255) NOT NULL DEFAULT '',
  `section` text NOT NULL,
  `label` text NOT NULL,
  `description` text,
  `mobile` tinyint(1) NOT NULL DEFAULT '0',
  PRIMARY KEY (`id`),
  KEY `name` (`key`),
  KEY `themeId` (`themeId`)
) ENGINE=MyISAM  DEFAULT CHARSET=utf8 AUTO_INCREMENT=307 ;

--
-- Dumping data for table `ow_base_theme_control`
--

INSERT INTO `ow_base_theme_control` (`id`, `attribute`, `selector`, `defaultValue`, `type`, `themeId`, `key`, `section`, `label`, `description`, `mobile`) VALUES
(235, 'color', '.ow_txt_value', '#ff7000', 'color', 925, 'txtValue', '2. Colors', '5. Numeric values', NULL, 0),
(232, 'color', '.ow_logo_wrap a', '#626060', 'color', 925, 'logoColor', '1. General Settings', '4. Logo text color', NULL, 0),
(233, 'background-image', '.ow_header_pic', 'url(images/header.jpg)', 'image', 925, 'headerImage', '1. General Settings', '3. Header background image', NULL, 0),
(231, 'background', '.ow_footer', '#f5f5f5', 'color', 925, 'footerColor', '1. General Settings', '5. Footer background color', NULL, 0),
(230, 'background-image', '.ow_page_wrap', 'url(images/bg.jpg)', 'image', 925, 'backgroundImage', '1. General Settings', '2. Page background image', NULL, 0),
(229, 'color', 'h1', '#ff6d08', 'color', 925, 'titleColor', '2. Colors', '2. Title', NULL, 0),
(228, 'color', 'a, .ow_content a', '#2a80ae', 'color', 925, 'linkColor', '2. Colors', '3. Links', NULL, 0),
(244, 'color', '.ow_txt_value', '#FF7000', 'color', 953, 'txtValue', '2. Colors', '5. Numeric values', NULL, 0),
(242, 'background-image', '.ow_header_pic', 'url("images/header_image.png")', 'image', 953, 'headerImage', '1. General Settings', '3. Header background image', NULL, 0),
(241, 'background-image', '.ow_page_wrap', 'url(images/promo.jpg)', 'image', 953, 'pageBackground', '1. General Settings', '2. Page background image', NULL, 0),
(240, 'color', 'h1, h2, h3, h4, h5', '#636d74', 'color', 953, 'titleColor', '2. Colors', '2. Titles', NULL, 0),
(239, 'color', 'a, .ow_content a', '#0091a9', 'color', 953, 'linkColor', '2. Colors', '3. Links', NULL, 0),
(253, 'color', '.ow_main_menu li a', '#979ca0', 'color', 954, 'menuColor', '2. Colors', '4. Menu text color', NULL, 0),
(254, 'color', '.ow_txt_value', '#FF7000', 'color', 954, 'txtValue', '2. Colors', '5. Numeric values', NULL, 0),
(252, 'background-image', '.ow_header_pic', 'url("images/header_image.png")', 'image', 954, 'headerImage', '1. General Settings', '4. Header background image', NULL, 0),
(250, 'color', 'h1, h2, h3, h4, h5', '#979ca0', 'color', 954, 'titleColor', '2. Colors', '2. Titles', NULL, 0),
(251, 'background-image', '.ow_page_wrap', 'url(images/promo.jpg)', 'image', 954, 'backgroundImage', '1. General Settings', '3. Page background image', NULL, 0),
(249, 'color', 'a, .ow_content a', '#0091a9', 'color', 954, 'linkColor', '2. Colors', '2. Links', NULL, 0),
(248, 'color', 'body, html, .ow_page_container .ow_page', '#8B8F97', 'color', 954, 'textColor', '2. Colors', '1. Text', NULL, 0),
(265, 'color', '.ow_txt_value', '#80b400', 'color', 955, 'txtValue', '2. Colors', '5. Numeric values', NULL, 0),
(262, 'color', '.ow_logo_wrap a', '#90c105', 'color', 955, 'logoColor', '1. General Settings', '4. Logo text color', NULL, 0),
(263, 'background-image', '.ow_header_pic', 'url(images/header.jpg)', 'image', 955, 'headerImage', '1. General Settings', '3. Header background image', NULL, 0),
(261, 'background', '.ow_footer', '#f0f0f0', 'color', 955, 'footerColor', '1. General Settings', '5. Footer background color', NULL, 0),
(260, 'background-image', '.ow_page_wrap', 'url(images/bg.jpg)', 'image', 955, 'backgroundImage', '1. General Settings', '2. Page background image', NULL, 0),
(259, 'color', 'h1', '#000', 'color', 955, 'titleColor', '2. Colors', '2. Title', NULL, 0),
(258, 'color', 'a, .ow_content a', '#2a80ae', 'color', 955, 'linkColor', '2. Colors', '3. Links', NULL, 0),
(227, 'color', 'body, html, .ow_page_container .ow_page', '#333', 'color', 925, 'textColor', '2. Colors', '1. Text', NULL, 0),
(238, 'color', 'body, html, .ow_page_container .ow_page', '#888', 'color', 953, 'textColor', '2. Colors', '1. Text', NULL, 0),
(247, 'background-color', 'body, body.ow, .ow_bg_color', '#191c20', 'color', 954, 'bodyColor', '1. General Settings', '1. Page background color', NULL, 0),
(257, 'color', 'body, html, .ow_page_container .ow_page', '#666', 'color', 955, 'textColor', '2. Colors', '1. Text', NULL, 0),
(280, 'color', '.ow_txt_value', '#ff7000', 'color', 956, 'txtValue', '2. Colors', 'Numeric values', NULL, 0),
(278, 'color', '.ow_main_menu li.active a,\n.ow_main_menu li a:hover', '#d3e2ff', 'color', 956, 'menuHoverColor', '2. Colors', 'Menu hover text color', NULL, 0),
(279, 'color', '.ow_footer a', '#555555', 'color', 956, 'footerMenuColor', '2. Colors', 'Footer menu color', NULL, 0),
(276, 'color', '.ow_box_cap h3,\n.ow_box_cap_empty h3', '#888888', 'color', 956, 'boxTitle', '3. Box', 'Box title color', NULL, 0),
(277, 'color', '.ow_main_menu li a', '#ffffff', 'color', 956, 'menuColor', '2. Colors', 'Menu text color', NULL, 0),
(275, 'background', '.ow_header_pic', 'url(images/header.png)', 'image', 956, 'headerImage', '1. General Settings', 'Page header image', NULL, 0),
(272, 'color', '.ow_footer .ow_copyright', '#555555', 'color', 956, 'copyrightColor', '2. Colors', 'Copyright color', NULL, 0),
(273, 'background-image', '.ow_logo_wrap a', 'url(images/logo.png)', 'image', 956, 'logoImage', '1. General Settings', 'Logo image', NULL, 0),
(274, 'background-image', '.ow_logo_footer_wrap a', 'url(images/footerlogo.png)', 'image', 956, 'footerLogoImage', '1. General Settings', 'Footer Logo image', NULL, 0),
(269, 'color', 'a, .ow_content a', '#2a80ae', 'color', 956, 'linkColor', '2. Colors', '- Links', NULL, 0),
(270, 'color', 'h1', '#777777', 'color', 956, 'titleColor', '2. Colors', '- Title', NULL, 0),
(271, 'background-image', '.ow_page_wrap', 'url(images/promo.jpg)', 'image', 956, 'promoImage', '1. General Settings', 'Page promo image', NULL, 0),
(268, 'color', 'body, html, .ow_page_container .ow_page', '#333', 'color', 956, 'textColor', '2. Colors', '- Text', NULL, 0),
(266, 'background-image', '.owm_logo', 'url(images/logo.png)', 'image', 956, 'logoImagemobile', '1. General Settings', 'Mobile logo', NULL, 1),
(267, 'background-image', 'body, body.ow', 'url(images/bgpg.jpg)', 'image', 956, 'backgroundImage', '1. General Settings', 'Page background image', NULL, 0),
(225, 'background-image', '.owm_logo', 'url(images/logo.png)', 'image', 925, 'logoImagemobile', '1. General Settings', 'Mobile logo', NULL, 1),
(226, 'background-color', 'body', '#f0f0f0', 'color', 925, 'bodyColor', '1. General Settings', '1. Page background color', NULL, 0),
(236, 'background-image', '.owm_logo', 'url(images/logo.png)', 'image', 953, 'logoImagemobile', '1. General Settings', 'Mobile logo', NULL, 1),
(237, 'background-color', 'body, .ow_bg_color', '#e7e7e7', 'color', 953, 'pageColor', '1. General Settings', '1. Page background color', NULL, 0),
(246, 'background-image', 'body, body.ow, .ow_sign_in_cont', 'url(images/bg.gif)', 'image', 954, 'backgroundPattern', '1. General Settings', '2. Page background pattern', NULL, 0),
(255, 'background-image', '.owm_logo', 'url(images/logo.png)', 'image', 955, 'logoImagemobile', '1. General Settings', 'Mobile logo', NULL, 1),
(256, 'background-color', 'body', '#f0f0f0', 'color', 955, 'bodyColor', '1. General Settings', '1. Page background color', NULL, 0),
(234, 'color', '.ow_main_menu li a', '#666', 'color', 925, 'menuColor', '2. Colors', '4. Menu text color', NULL, 0),
(243, 'color', '.ow_main_menu li a', '#00AEEC', 'color', 953, 'menuColor', '2. Colors', '4. Menu text color', NULL, 0),
(245, 'background-image', '.owm_logo', 'url(images/logo.png)', 'image', 954, 'logoImagemobile', '1. General Settings', 'Mobile logo', NULL, 1),
(264, 'color', '.ow_main_menu li a', '#444', 'color', 955, 'menuColor', '2. Colors', '4. Menu text color', NULL, 0),
(303, 'color', '.ow_remark', '#888', 'color', 957, 'remarkColor', '2. Colors', 'Remark text', NULL, 0),
(302, 'color', '.ow_txt_value', '#4d90fe', 'color', 957, 'txtValue', '2. Colors', 'Numeric values', NULL, 0),
(301, 'background', '.ow_box_cap .ow_box_cap_body', '#EDEDED', 'color', 957, 'CapColor', '1. General Settings', 'Cap Color', NULL, 0),
(300, 'color', 'input[type=submit], input[type=button]', '#009900', 'color', 957, 'buttonText', '2. Colors', 'Button text', NULL, 0),
(299, 'color', '.ow_header .ow_logo a', '#999', 'color', 957, 'siteTitleColor', '2. Colors', 'Site title color', NULL, 0),
(298, 'background-image', '.ow_header .ow_logo h2', 'url(images/logo.png)', 'image', 957, 'logoImage', '1. General Settings', 'Logo image', NULL, 0),
(297, 'color', 'a, a:active, a:visited, .ow_content a', '#009900', 'color', 957, 'linkColor', '2. Colors', '- Links', NULL, 0),
(296, 'font-size', 'body, html', '13px', 'text', 957, 'commonFontSize', '1. General Settings', 'Font Size', NULL, 0),
(295, 'color', 'body, html', '#292929', 'color', 957, 'textColor', '2. Colors', '- Text', NULL, 0),
(294, 'background-image', '.owm_logo', 'url(images/logo.png)', 'image', 957, 'logoImagemobile', '1. General Settings', 'Mobile logo', NULL, 1),
(304, 'background-color', '.ow_high1', '#fff', 'color', 957, 'owHigh1', '2. Colors', 'Highlighted item #1', NULL, 0),
(305, 'background-color', '.ow_high2', '#eee', 'color', 957, 'owHigh2', '2. Colors', 'Highlighted item #2', NULL, 0),
(306, 'color', '.ow_tip', '#292929', 'color', 957, 'tooltipTextColor', '2. Colors', 'Tooltip text color', NULL, 0);

-- --------------------------------------------------------

--
-- Table structure for table `ow_base_theme_control_value`
--

CREATE TABLE IF NOT EXISTS `ow_base_theme_control_value` (
  `id` int(10) unsigned NOT NULL AUTO_INCREMENT,
  `themeControlKey` varchar(255) NOT NULL,
  `value` text NOT NULL,
  `themeId` int(11) NOT NULL,
  PRIMARY KEY (`id`),
  UNIQUE KEY `themeControlKey` (`themeControlKey`,`themeId`)
) ENGINE=MyISAM  DEFAULT CHARSET=utf8 AUTO_INCREMENT=6 ;

--
-- Dumping data for table `ow_base_theme_control_value`
--

INSERT INTO `ow_base_theme_control_value` (`id`, `themeControlKey`, `value`, `themeId`) VALUES
(3, 'headerImage', 'url(http://makantoday.com/EDMW/ow_userfiles/themes/theme_image_6.jpg)', 925),
(4, 'logoImage', 'url(http://makantoday.com/EDMW/ow_userfiles/themes/theme_image_14.png)', 957),
(5, 'logoImagemobile', 'url(http://makantoday.com/EDMW/ow_userfiles/themes/theme_image_16.png)', 957);

-- --------------------------------------------------------

--
-- Table structure for table `ow_base_theme_image`
--

CREATE TABLE IF NOT EXISTS `ow_base_theme_image` (
  `id` int(11) NOT NULL AUTO_INCREMENT,
  `filename` varchar(255) DEFAULT NULL,
  PRIMARY KEY (`id`)
) ENGINE=MyISAM  DEFAULT CHARSET=utf8 AUTO_INCREMENT=17 ;

--
-- Dumping data for table `ow_base_theme_image`
--

INSERT INTO `ow_base_theme_image` (`id`, `filename`) VALUES
(5, 'theme_image_5.png'),
(6, 'theme_image_6.jpg'),
(7, 'theme_image_7.png'),
(8, 'theme_image_8.png'),
(9, 'theme_image_9.png'),
(10, 'theme_image_10.png'),
(11, 'theme_image_11.png'),
(12, 'theme_image_12.png'),
(13, 'theme_image_13.png'),
(14, 'theme_image_14.png'),
(15, 'theme_image_15.png'),
(16, 'theme_image_16.png');

-- --------------------------------------------------------

--
-- Table structure for table `ow_base_theme_master_page`
--

CREATE TABLE IF NOT EXISTS `ow_base_theme_master_page` (
  `id` int(11) NOT NULL AUTO_INCREMENT,
  `themeId` int(11) NOT NULL,
  `documentKey` varchar(255) NOT NULL,
  `masterPage` varchar(255) DEFAULT NULL,
  PRIMARY KEY (`id`),
  KEY `themeId` (`themeId`),
  KEY `documentKey` (`documentKey`)
) ENGINE=MyISAM DEFAULT CHARSET=utf8 AUTO_INCREMENT=1 ;

-- --------------------------------------------------------

--
-- Table structure for table `ow_base_user`
--

CREATE TABLE IF NOT EXISTS `ow_base_user` (
  `id` int(11) NOT NULL AUTO_INCREMENT,
  `email` varchar(128) NOT NULL DEFAULT '',
  `username` varchar(32) NOT NULL DEFAULT '',
  `password` varchar(64) NOT NULL DEFAULT '',
  `joinStamp` int(11) NOT NULL DEFAULT '0',
  `activityStamp` int(11) NOT NULL DEFAULT '0',
  `accountType` varchar(32) NOT NULL DEFAULT '',
  `emailVerify` tinyint(2) NOT NULL DEFAULT '0',
  `joinIp` int(11) unsigned NOT NULL,
  PRIMARY KEY (`id`),
  UNIQUE KEY `email` (`email`),
  UNIQUE KEY `username` (`username`),
  KEY `accountType` (`accountType`),
  KEY `joinStamp` (`joinStamp`)
) ENGINE=MyISAM  DEFAULT CHARSET=utf8 COMMENT='utf8_general_ci' AUTO_INCREMENT=11 ;

--
-- Dumping data for table `ow_base_user`
--

INSERT INTO `ow_base_user` (`id`, `email`, `username`, `password`, `joinStamp`, `activityStamp`, `accountType`, `emailVerify`, `joinIp`) VALUES
(1, 'admin@makantoday.com', 'admin', 'c70a5c24e35c53447fea25a9b0ae2320e415628274ca1d21520ec1c4d0c5d707', 1430457144, 1431356986, '290365aadde35a97f11207ca7e4279cc', 1, 2946274714),
(2, 'Julie@Spinks.com', 'JulieSpinks', 'f994bc05fda15f81e3fba03d2e92b9d59a204cc4347efddcdf9206dcd2fe3629', 1430464030, 1430475043, '290365aadde35a97f11207ca7e4279cc', 1, 2946274714),
(3, 'Cynthia@Gayoso.com', 'CynthiaGayoso', 'aa8df5d9a94440605a87c4eeccc2a9cd62967b92255fe6f38b859d91814906d7', 1430464220, 1430664577, '290365aadde35a97f11207ca7e4279cc', 1, 2946274714),
(4, 'Dimitri@Olson.com', 'DimitriOlson', '3bc49a48c8e6de4acd04ab9b27977aee0db9a2211dde1ecfea05a734a7104d71', 1430464339, 1430464340, '290365aadde35a97f11207ca7e4279cc', 1, 2946274714),
(5, 'Lara@TraywickKruger.com', 'LaraTraywick', '8b0c95fc9e789376c8e76ba4483a3c1a434169d3458866825fc9b1001c8c4f51', 1430464451, 1430638637, '290365aadde35a97f11207ca7e4279cc', 1, 2946274714),
(6, 'Julie@Hribar.com', 'JulieHribar', 'f994bc05fda15f81e3fba03d2e92b9d59a204cc4347efddcdf9206dcd2fe3629', 1430464556, 1430623153, '290365aadde35a97f11207ca7e4279cc', 1, 2946274714),
(7, 'Isabella@Milo.com', 'IsabellaMilo', '15a7e9c6105184727ddbc913105f9d3a95032b64b75e3f95fa6019b8eac61833', 1430464669, 1430954248, '290365aadde35a97f11207ca7e4279cc', 1, 2946274714),
(8, 'Alejandra@Nava.com', 'AlejandraNava', 'f091310bf86d8e70c5543c74e292f811c04f82c4898ea1ffcd8d40c4e4c9fb3b', 1430464781, 1430464782, '290365aadde35a97f11207ca7e4279cc', 1, 2946274714),
(9, 'Sonia@Lisa.com', 'SoniaLisa', 'bcd113db459dd94e10f3d9e5f62aad67b0bcbcd5e7cd5d95de930b665807045c', 1430464871, 1431268489, '290365aadde35a97f11207ca7e4279cc', 1, 2946274714),
(10, 'anoopmail@gmail.com', 'anoopmail', '9506e34f26787871808da6872f168bcb180fc2f143587e18f226b3d15328c6dc', 1431078812, 1431201543, '290365aadde35a97f11207ca7e4279cc', 1, 2045804602);

-- --------------------------------------------------------

--
-- Table structure for table `ow_base_user_auth_token`
--

CREATE TABLE IF NOT EXISTS `ow_base_user_auth_token` (
  `id` int(11) NOT NULL AUTO_INCREMENT,
  `userId` int(11) NOT NULL,
  `token` varchar(50) NOT NULL,
  `timeStamp` int(11) NOT NULL,
  PRIMARY KEY (`id`),
  UNIQUE KEY `userId` (`userId`,`token`)
) ENGINE=MyISAM DEFAULT CHARSET=utf8 AUTO_INCREMENT=1 ;

-- --------------------------------------------------------

--
-- Table structure for table `ow_base_user_block`
--

CREATE TABLE IF NOT EXISTS `ow_base_user_block` (
  `id` int(11) NOT NULL AUTO_INCREMENT,
  `userId` int(11) NOT NULL,
  `blockedUserId` int(11) NOT NULL,
  PRIMARY KEY (`id`),
  UNIQUE KEY `userId_blockedUserId` (`userId`,`blockedUserId`),
  KEY `userId` (`userId`),
  KEY `blockedUserId` (`blockedUserId`)
) ENGINE=MyISAM DEFAULT CHARSET=utf8 AUTO_INCREMENT=1 ;

-- --------------------------------------------------------

--
-- Table structure for table `ow_base_user_disapprove`
--

CREATE TABLE IF NOT EXISTS `ow_base_user_disapprove` (
  `id` int(11) NOT NULL AUTO_INCREMENT,
  `userId` int(11) NOT NULL,
  PRIMARY KEY (`id`),
  KEY `userId` (`userId`)
) ENGINE=MyISAM DEFAULT CHARSET=utf8 AUTO_INCREMENT=1 ;

-- --------------------------------------------------------

--
-- Table structure for table `ow_base_user_featured`
--

CREATE TABLE IF NOT EXISTS `ow_base_user_featured` (
  `id` int(11) NOT NULL AUTO_INCREMENT,
  `userId` int(11) NOT NULL,
  PRIMARY KEY (`id`),
  UNIQUE KEY `userId` (`userId`)
) ENGINE=MyISAM  DEFAULT CHARSET=utf8 MIN_ROWS=20 AUTO_INCREMENT=2 ;

--
-- Dumping data for table `ow_base_user_featured`
--

INSERT INTO `ow_base_user_featured` (`id`, `userId`) VALUES
(1, 9);

-- --------------------------------------------------------

--
-- Table structure for table `ow_base_user_online`
--

CREATE TABLE IF NOT EXISTS `ow_base_user_online` (
  `id` int(11) NOT NULL AUTO_INCREMENT,
  `userId` int(11) NOT NULL,
  `activityStamp` int(11) NOT NULL,
  `context` tinyint(3) unsigned NOT NULL,
  PRIMARY KEY (`id`),
  UNIQUE KEY `userId` (`userId`)
) ENGINE=MyISAM  DEFAULT CHARSET=utf8 AUTO_INCREMENT=80 ;

-- --------------------------------------------------------

--
-- Table structure for table `ow_base_user_reset_password`
--

CREATE TABLE IF NOT EXISTS `ow_base_user_reset_password` (
  `id` int(11) NOT NULL AUTO_INCREMENT,
  `userId` int(11) NOT NULL,
  `code` varchar(150) NOT NULL,
  `expirationTimeStamp` int(11) NOT NULL,
  `updateTimeStamp` int(11) NOT NULL,
  PRIMARY KEY (`id`),
  KEY `userId` (`userId`)
) ENGINE=MyISAM DEFAULT CHARSET=utf8 AUTO_INCREMENT=1 ;

-- --------------------------------------------------------

--
-- Table structure for table `ow_base_user_status`
--

CREATE TABLE IF NOT EXISTS `ow_base_user_status` (
  `id` int(11) NOT NULL AUTO_INCREMENT,
  `userId` int(11) DEFAULT NULL,
  `status` varchar(255) DEFAULT NULL,
  PRIMARY KEY (`id`),
  UNIQUE KEY `userId` (`userId`)
) ENGINE=MyISAM DEFAULT CHARSET=utf8 AUTO_INCREMENT=1 ;

-- --------------------------------------------------------

--
-- Table structure for table `ow_base_user_suspend`
--

CREATE TABLE IF NOT EXISTS `ow_base_user_suspend` (
  `id` int(11) NOT NULL AUTO_INCREMENT,
  `userId` int(11) DEFAULT NULL,
  `timestamp` int(11) DEFAULT NULL,
  `message` text NOT NULL,
  PRIMARY KEY (`id`),
  UNIQUE KEY `userId` (`userId`)
) ENGINE=MyISAM DEFAULT CHARSET=utf8 AUTO_INCREMENT=1 ;

-- --------------------------------------------------------

--
-- Table structure for table `ow_base_vote`
--

CREATE TABLE IF NOT EXISTS `ow_base_vote` (
  `id` int(11) unsigned NOT NULL AUTO_INCREMENT,
  `userId` int(11) unsigned NOT NULL,
  `entityId` int(11) unsigned NOT NULL,
  `entityType` varchar(255) NOT NULL,
  `vote` tinyint(4) NOT NULL,
  `timeStamp` int(11) unsigned NOT NULL,
  `active` tinyint(4) NOT NULL DEFAULT '1',
  PRIMARY KEY (`id`),
  KEY `userId` (`userId`),
  KEY `entityId` (`entityId`),
  KEY `entityType` (`entityType`)
) ENGINE=MyISAM DEFAULT CHARSET=utf8 AUTO_INCREMENT=1 ;

-- --------------------------------------------------------

--
-- Table structure for table `ow_event_invite`
--

CREATE TABLE IF NOT EXISTS `ow_event_invite` (
  `id` int(11) NOT NULL AUTO_INCREMENT,
  `eventId` int(11) NOT NULL,
  `userId` int(11) NOT NULL,
  `inviterId` int(11) NOT NULL,
  `displayInvitation` tinyint(1) NOT NULL DEFAULT '1',
  `timeStamp` int(11) NOT NULL,
  PRIMARY KEY (`id`),
  UNIQUE KEY `inviteUnique` (`userId`,`inviterId`,`eventId`),
  KEY `userId` (`userId`),
  KEY `inviterId` (`inviterId`),
  KEY `eventId` (`eventId`)
) ENGINE=MyISAM DEFAULT CHARSET=utf8 AUTO_INCREMENT=1 ;

-- --------------------------------------------------------

--
-- Table structure for table `ow_event_item`
--

CREATE TABLE IF NOT EXISTS `ow_event_item` (
  `id` int(11) NOT NULL AUTO_INCREMENT,
  `title` text NOT NULL,
  `description` text NOT NULL,
  `location` text NOT NULL,
  `createTimeStamp` int(11) NOT NULL,
  `startTimeStamp` int(11) NOT NULL,
  `endTimeStamp` int(11) DEFAULT NULL,
  `userId` int(11) NOT NULL,
  `whoCanView` tinyint(4) NOT NULL,
  `whoCanInvite` tinyint(4) NOT NULL,
  `status` tinyint(4) NOT NULL,
  `image` varchar(32) DEFAULT NULL,
  `endDateFlag` tinyint(1) NOT NULL DEFAULT '0',
  `startTimeDisabled` tinyint(1) NOT NULL DEFAULT '0',
  `endTimeDisabled` tinyint(1) NOT NULL DEFAULT '0',
  PRIMARY KEY (`id`),
  KEY `userId` (`userId`)
) ENGINE=MyISAM DEFAULT CHARSET=utf8 AUTO_INCREMENT=1 ;

-- --------------------------------------------------------

--
-- Table structure for table `ow_event_user`
--

CREATE TABLE IF NOT EXISTS `ow_event_user` (
  `id` int(11) NOT NULL AUTO_INCREMENT,
  `eventId` int(11) NOT NULL,
  `userId` int(11) NOT NULL,
  `timeStamp` int(11) NOT NULL,
  `status` int(11) NOT NULL,
  PRIMARY KEY (`id`),
  UNIQUE KEY `eventUser` (`eventId`,`userId`)
) ENGINE=MyISAM DEFAULT CHARSET=utf8 AUTO_INCREMENT=1 ;

-- --------------------------------------------------------

--
-- Table structure for table `ow_forum_edit_post`
--

CREATE TABLE IF NOT EXISTS `ow_forum_edit_post` (
  `id` int(11) NOT NULL AUTO_INCREMENT,
  `postId` int(11) NOT NULL,
  `userId` int(11) NOT NULL,
  `editStamp` int(11) NOT NULL,
  PRIMARY KEY (`id`),
  KEY `postId` (`postId`)
) ENGINE=MyISAM DEFAULT CHARSET=utf8 AUTO_INCREMENT=1 ;

-- --------------------------------------------------------

--
-- Table structure for table `ow_forum_group`
--

CREATE TABLE IF NOT EXISTS `ow_forum_group` (
  `id` int(11) NOT NULL AUTO_INCREMENT,
  `sectionId` int(11) NOT NULL,
  `name` text NOT NULL,
  `description` text NOT NULL,
  `order` int(11) NOT NULL,
  `entityId` int(11) DEFAULT NULL,
  `isPrivate` tinyint(1) DEFAULT '0',
  `roles` text,
  PRIMARY KEY (`id`),
  KEY `sectionId` (`sectionId`)
) ENGINE=MyISAM  DEFAULT CHARSET=utf8 AUTO_INCREMENT=2 ;

--
-- Dumping data for table `ow_forum_group`
--

INSERT INTO `ow_forum_group` (`id`, `sectionId`, `name`, `description`, `order`, `entityId`, `isPrivate`, `roles`) VALUES
(1, 1, 'General Chat', 'Just about anything', 1, NULL, 0, NULL);

-- --------------------------------------------------------

--
-- Table structure for table `ow_forum_post`
--

CREATE TABLE IF NOT EXISTS `ow_forum_post` (
  `id` int(11) NOT NULL AUTO_INCREMENT,
  `topicId` int(11) NOT NULL,
  `userId` int(11) NOT NULL,
  `text` text NOT NULL,
  `createStamp` int(11) NOT NULL,
  PRIMARY KEY (`id`),
  KEY `topicId` (`topicId`),
  KEY `createStamp` (`createStamp`),
  FULLTEXT KEY `post_text` (`text`)
) ENGINE=MyISAM DEFAULT CHARSET=utf8 AUTO_INCREMENT=1 ;

-- --------------------------------------------------------

--
-- Table structure for table `ow_forum_post_attachment`
--

CREATE TABLE IF NOT EXISTS `ow_forum_post_attachment` (
  `id` int(11) NOT NULL AUTO_INCREMENT,
  `postId` int(11) NOT NULL,
  `hash` varchar(13) NOT NULL,
  `fileName` varchar(255) NOT NULL,
  `fileNameClean` varchar(255) DEFAULT NULL,
  `fileSize` int(10) NOT NULL DEFAULT '0',
  PRIMARY KEY (`id`)
) ENGINE=MyISAM DEFAULT CHARSET=utf8 AUTO_INCREMENT=1 ;

-- --------------------------------------------------------

--
-- Table structure for table `ow_forum_read_topic`
--

CREATE TABLE IF NOT EXISTS `ow_forum_read_topic` (
  `id` int(11) NOT NULL AUTO_INCREMENT,
  `topicId` int(11) NOT NULL,
  `userId` int(11) NOT NULL,
  PRIMARY KEY (`id`),
  KEY `topicId` (`topicId`)
) ENGINE=MyISAM DEFAULT CHARSET=utf8 AUTO_INCREMENT=1 ;

-- --------------------------------------------------------

--
-- Table structure for table `ow_forum_section`
--

CREATE TABLE IF NOT EXISTS `ow_forum_section` (
  `id` int(11) NOT NULL AUTO_INCREMENT,
  `name` text NOT NULL,
  `order` int(11) NOT NULL,
  `entity` varchar(255) DEFAULT NULL,
  `isHidden` tinyint(1) NOT NULL DEFAULT '0',
  PRIMARY KEY (`id`)
) ENGINE=MyISAM  DEFAULT CHARSET=utf8 AUTO_INCREMENT=2 ;

--
-- Dumping data for table `ow_forum_section`
--

INSERT INTO `ow_forum_section` (`id`, `name`, `order`, `entity`, `isHidden`) VALUES
(1, 'General', 1, NULL, 0);

-- --------------------------------------------------------

--
-- Table structure for table `ow_forum_subscription`
--

CREATE TABLE IF NOT EXISTS `ow_forum_subscription` (
  `id` int(11) NOT NULL AUTO_INCREMENT,
  `userId` int(11) NOT NULL,
  `topicId` int(11) NOT NULL,
  PRIMARY KEY (`id`),
  UNIQUE KEY `userId` (`userId`,`topicId`)
) ENGINE=MyISAM DEFAULT CHARSET=utf8 AUTO_INCREMENT=1 ;

-- --------------------------------------------------------

--
-- Table structure for table `ow_forum_topic`
--

CREATE TABLE IF NOT EXISTS `ow_forum_topic` (
  `id` int(11) NOT NULL AUTO_INCREMENT,
  `groupId` int(11) NOT NULL,
  `userId` int(11) NOT NULL,
  `title` text NOT NULL,
  `locked` tinyint(1) NOT NULL DEFAULT '0',
  `sticky` tinyint(1) NOT NULL DEFAULT '0',
  `temp` tinyint(1) NOT NULL DEFAULT '0',
  `viewCount` int(11) NOT NULL DEFAULT '0',
  `lastPostId` int(11) NOT NULL DEFAULT '0',
  `status` enum('approval','approved','blocked') NOT NULL DEFAULT 'approved',
  PRIMARY KEY (`id`),
  KEY `groupId` (`groupId`),
  KEY `lastPostId` (`lastPostId`),
  KEY `status` (`status`),
  FULLTEXT KEY `topic_title` (`title`)
) ENGINE=MyISAM DEFAULT CHARSET=utf8 AUTO_INCREMENT=1 ;

-- --------------------------------------------------------

--
-- Table structure for table `ow_friends_friendship`
--

CREATE TABLE IF NOT EXISTS `ow_friends_friendship` (
  `id` int(11) NOT NULL AUTO_INCREMENT,
  `userId` int(11) NOT NULL,
  `friendId` int(11) NOT NULL,
  `status` enum('active','pending','ignored') NOT NULL DEFAULT 'pending',
  `timeStamp` int(11) NOT NULL,
  `viewed` int(11) NOT NULL,
  `active` tinyint(4) NOT NULL DEFAULT '1',
  `notificationSent` tinyint(4) NOT NULL DEFAULT '0',
  PRIMARY KEY (`id`),
  UNIQUE KEY `userId_friendId` (`userId`,`friendId`),
  KEY `friendId` (`friendId`),
  KEY `userId` (`userId`)
) ENGINE=MyISAM  DEFAULT CHARSET=utf8 AUTO_INCREMENT=2 ;

--
-- Dumping data for table `ow_friends_friendship`
--

INSERT INTO `ow_friends_friendship` (`id`, `userId`, `friendId`, `status`, `timeStamp`, `viewed`, `active`, `notificationSent`) VALUES
(1, 9, 7, 'pending', 1430500547, 0, 1, 0);

-- --------------------------------------------------------

--
-- Table structure for table `ow_groups_group`
--

CREATE TABLE IF NOT EXISTS `ow_groups_group` (
  `id` int(11) NOT NULL AUTO_INCREMENT,
  `title` varchar(255) NOT NULL,
  `description` longtext NOT NULL,
  `imageHash` varchar(32) DEFAULT NULL,
  `timeStamp` int(11) NOT NULL,
  `userId` int(11) NOT NULL,
  `privacy` varchar(100) NOT NULL DEFAULT 'everybody',
  `whoCanView` varchar(100) NOT NULL DEFAULT 'anyone',
  `whoCanInvite` varchar(100) NOT NULL DEFAULT 'participant',
  `status` varchar(100) NOT NULL DEFAULT 'active',
  PRIMARY KEY (`id`),
  KEY `timeStamp` (`timeStamp`),
  KEY `userId` (`userId`),
  KEY `whoCanView` (`whoCanView`)
) ENGINE=MyISAM DEFAULT CHARSET=utf8 AUTO_INCREMENT=1 ;

-- --------------------------------------------------------

--
-- Table structure for table `ow_groups_group_user`
--

CREATE TABLE IF NOT EXISTS `ow_groups_group_user` (
  `id` int(11) NOT NULL AUTO_INCREMENT,
  `groupId` int(11) NOT NULL,
  `userId` int(11) NOT NULL,
  `timeStamp` int(11) NOT NULL,
  `privacy` varchar(100) NOT NULL,
  PRIMARY KEY (`id`),
  UNIQUE KEY `groupId` (`groupId`,`userId`),
  KEY `timeStamp` (`timeStamp`)
) ENGINE=MyISAM DEFAULT CHARSET=utf8 AUTO_INCREMENT=1 ;

-- --------------------------------------------------------

--
-- Table structure for table `ow_groups_invite`
--

CREATE TABLE IF NOT EXISTS `ow_groups_invite` (
  `id` int(11) NOT NULL AUTO_INCREMENT,
  `groupId` int(11) NOT NULL,
  `userId` int(11) NOT NULL,
  `inviterId` int(11) NOT NULL,
  `timeStamp` int(11) NOT NULL,
  `viewed` tinyint(1) NOT NULL DEFAULT '0',
  PRIMARY KEY (`id`),
  UNIQUE KEY `inviteUniq` (`groupId`,`userId`,`inviterId`),
  KEY `timeStamp` (`timeStamp`),
  KEY `userId` (`userId`),
  KEY `groupId` (`groupId`),
  KEY `viewed` (`viewed`)
) ENGINE=MyISAM DEFAULT CHARSET=utf8 AUTO_INCREMENT=1 ;

-- --------------------------------------------------------

--
-- Table structure for table `ow_mailbox_attachment`
--

CREATE TABLE IF NOT EXISTS `ow_mailbox_attachment` (
  `id` int(11) NOT NULL AUTO_INCREMENT,
  `messageId` int(11) NOT NULL,
  `hash` varchar(13) NOT NULL,
  `fileName` varchar(255) NOT NULL,
  `fileSize` int(10) NOT NULL DEFAULT '0',
  PRIMARY KEY (`id`),
  KEY `messageId` (`messageId`)
) ENGINE=MyISAM DEFAULT CHARSET=utf8 AUTO_INCREMENT=1 ;

-- --------------------------------------------------------

--
-- Table structure for table `ow_mailbox_conversation`
--

CREATE TABLE IF NOT EXISTS `ow_mailbox_conversation` (
  `id` int(10) NOT NULL AUTO_INCREMENT,
  `initiatorId` int(10) NOT NULL DEFAULT '0',
  `interlocutorId` int(10) NOT NULL DEFAULT '0',
  `subject` varchar(100) NOT NULL DEFAULT '',
  `read` tinyint(3) NOT NULL DEFAULT '1' COMMENT 'bitmap, values: 0 - none, 1 - read by initiator, 2 - read by interlocutor, 3 - read all',
  `deleted` tinyint(3) NOT NULL DEFAULT '0' COMMENT 'bitmap, values: 0 - none, 1 - deleted by initiator, 2 - deleted by interlocutor.',
  `viewed` tinyint(3) NOT NULL DEFAULT '1' COMMENT 'bitmap, is user viewed conversation in console, values: 0 - none, 1 - viewed by initiator, 2 - viewed by interlocutor, 3 - viewed all',
  `notificationSent` tinyint(3) NOT NULL DEFAULT '0' COMMENT 'int flag, was notification about this letter sent to user',
  `createStamp` int(10) DEFAULT '0',
  `initiatorDeletedTimestamp` int(10) NOT NULL DEFAULT '0',
  `interlocutorDeletedTimestamp` int(10) NOT NULL DEFAULT '0',
  `lastMessageId` int(11) NOT NULL,
  `lastMessageTimestamp` int(11) NOT NULL,
  PRIMARY KEY (`id`),
  KEY `initiatorId` (`initiatorId`),
  KEY `interlocutorId` (`interlocutorId`),
  KEY `lastMessageTimestamp` (`lastMessageTimestamp`),
  KEY `subject` (`subject`)
) ENGINE=MyISAM  DEFAULT CHARSET=utf8 AUTO_INCREMENT=2 ;

--
-- Dumping data for table `ow_mailbox_conversation`
--

INSERT INTO `ow_mailbox_conversation` (`id`, `initiatorId`, `interlocutorId`, `subject`, `read`, `deleted`, `viewed`, `notificationSent`, `createStamp`, `initiatorDeletedTimestamp`, `interlocutorDeletedTimestamp`, `lastMessageId`, `lastMessageTimestamp`) VALUES
(1, 1, 9, 'mailbox_chat_conversation', 3, 0, 3, 1, 1430466316, 0, 0, 3, 1430500803);

-- --------------------------------------------------------

--
-- Table structure for table `ow_mailbox_last_message`
--

CREATE TABLE IF NOT EXISTS `ow_mailbox_last_message` (
  `id` int(10) NOT NULL AUTO_INCREMENT,
  `conversationId` int(10) NOT NULL DEFAULT '0',
  `initiatorMessageId` int(10) NOT NULL DEFAULT '0',
  `interlocutorMessageId` int(10) NOT NULL DEFAULT '0',
  PRIMARY KEY (`id`),
  KEY `conversationId` (`conversationId`)
) ENGINE=MyISAM  DEFAULT CHARSET=utf8 AUTO_INCREMENT=2 ;

--
-- Dumping data for table `ow_mailbox_last_message`
--

INSERT INTO `ow_mailbox_last_message` (`id`, `conversationId`, `initiatorMessageId`, `interlocutorMessageId`) VALUES
(1, 1, 3, 2);

-- --------------------------------------------------------

--
-- Table structure for table `ow_mailbox_message`
--

CREATE TABLE IF NOT EXISTS `ow_mailbox_message` (
  `id` int(10) NOT NULL AUTO_INCREMENT,
  `conversationId` int(10) NOT NULL DEFAULT '0',
  `timeStamp` bigint(10) NOT NULL DEFAULT '0',
  `senderId` int(10) NOT NULL DEFAULT '0',
  `recipientId` int(10) NOT NULL DEFAULT '0',
  `text` mediumtext NOT NULL,
  `recipientRead` tinyint(4) NOT NULL DEFAULT '0',
  `isSystem` tinyint(4) NOT NULL DEFAULT '0',
  `wasAuthorized` tinyint(4) NOT NULL DEFAULT '0',
  PRIMARY KEY (`id`),
  KEY `senderId` (`senderId`),
  KEY `recipientId` (`recipientId`),
  KEY `conversationId` (`conversationId`)
) ENGINE=MyISAM  DEFAULT CHARSET=utf8 AUTO_INCREMENT=4 ;

--
-- Dumping data for table `ow_mailbox_message`
--

INSERT INTO `ow_mailbox_message` (`id`, `conversationId`, `timeStamp`, `senderId`, `recipientId`, `text`, `recipientRead`, `isSystem`, `wasAuthorized`) VALUES
(1, 1, 1430466319, 1, 9, 'hi', 1, 0, 1),
(2, 1, 1430500793, 9, 1, 'Hi....', 1, 0, 1),
(3, 1, 1430500803, 1, 9, 'hello...', 1, 0, 1);

-- --------------------------------------------------------

--
-- Table structure for table `ow_mailbox_user_last_data`
--

CREATE TABLE IF NOT EXISTS `ow_mailbox_user_last_data` (
  `id` int(11) NOT NULL AUTO_INCREMENT,
  `userId` int(11) NOT NULL,
  `data` longtext,
  PRIMARY KEY (`id`),
  KEY `userId` (`userId`)
) ENGINE=MyISAM  DEFAULT CHARSET=utf8 AUTO_INCREMENT=2073 ;

--
-- Dumping data for table `ow_mailbox_user_last_data`
--

INSERT INTO `ow_mailbox_user_last_data` (`id`, `userId`, `data`) VALUES
(2, 0, '{"userOnlineCount":0,"userList":[],"conversationsCount":0,"convList":[]}');

-- --------------------------------------------------------

--
-- Table structure for table `ow_newsfeed_action`
--

CREATE TABLE IF NOT EXISTS `ow_newsfeed_action` (
  `id` int(11) NOT NULL AUTO_INCREMENT,
  `entityId` varchar(100) NOT NULL,
  `entityType` varchar(100) NOT NULL,
  `pluginKey` varchar(100) NOT NULL,
  `data` longtext NOT NULL,
  `format` varchar(255) DEFAULT NULL,
  PRIMARY KEY (`id`),
  UNIQUE KEY `entity` (`entityType`,`entityId`)
) ENGINE=MyISAM  DEFAULT CHARSET=utf8 AUTO_INCREMENT=26 ;

--
-- Dumping data for table `ow_newsfeed_action`
--

INSERT INTO `ow_newsfeed_action` (`id`, `entityId`, `entityType`, `pluginKey`, `data`, `format`) VALUES
(1, '2', 'user_join', 'base', '{"string":{"key":"base+feed_user_join"},"view":{"iconClass":"ow_ic_user"},"actionDto":null}', 'empty'),
(2, '3', 'user_join', 'base', '{"string":{"key":"base+feed_user_join"},"view":{"iconClass":"ow_ic_user"},"actionDto":null}', 'empty'),
(3, '4', 'user_join', 'base', '{"string":{"key":"base+feed_user_join"},"view":{"iconClass":"ow_ic_user"},"actionDto":null}', 'empty'),
(4, '5', 'user_join', 'base', '{"string":{"key":"base+feed_user_join"},"view":{"iconClass":"ow_ic_user"},"actionDto":null}', 'empty'),
(5, '6', 'user_join', 'base', '{"string":{"key":"base+feed_user_join"},"view":{"iconClass":"ow_ic_user"},"actionDto":null}', 'empty'),
(6, '7', 'user_join', 'base', '{"string":{"key":"base+feed_user_join"},"view":{"iconClass":"ow_ic_user"},"actionDto":null}', 'empty'),
(7, '8', 'user_join', 'base', '{"string":{"key":"base+feed_user_join"},"view":{"iconClass":"ow_ic_user"},"actionDto":null}', 'empty'),
(8, '9', 'user_join', 'base', '{"string":{"key":"base+feed_user_join"},"view":{"iconClass":"ow_ic_user"},"actionDto":null}', 'empty'),
(9, '1', 'user-status', 'newsfeed', '{"content":{"format":"text","vars":{"status":"Welcome to all home chefs"}},"attachmentId":null,"statusId":1,"status":"Welcome to all home chefs","contentImage":null,"view":{"iconClass":"ow_ic_comment"},"data":{"userId":1,"status":"Welcome to all home chefs"},"actionDto":null}', 'text'),
(10, '1', 'photo_comments', 'photo', '{"photoIdList":[1],"string":{"key":"photo+feed_single_description","vars":{"number":1,"albumUrl":"http:\\/\\/makantoday.com\\/EDMW\\/photo\\/useralbum\\/SoniaLisa\\/1","albumName":"fish and fish"}},"status":"Fish curry","actionDto":null,"content":{"format":"image","vars":{"status":"Fish curry","image":"http:\\/\\/makantoday.com\\/EDMW\\/ow_userfiles\\/plugins\\/photo\\/photo_preview_1_55432e9c0ea59.jpg","url":{"routeName":"view_photo","vars":{"id":1}},"info":{"route":{"textKey":"photo+album","label":"fish and fish","routeName":"photo_user_album","vars":{"user":"SoniaLisa","album":"1"}}}}},"view":{"iconClass":"ow_ic_picture"}}', 'image'),
(11, '2', 'user-status', 'newsfeed', '{"content":{"format":"image_content","vars":{"status":"<a href=\\"http:\\/\\/therealsingapore.com\\/content\\/decent-indonesians-understand-why-australia-angry-pm-abbott\\" class=\\"ow_autolink\\" target=\\"_blank\\" rel=\\"nofollow\\">http:\\/\\/therealsingapore.com\\/...alia-angry-pm-abbott<\\/a>","title":"''Decent Indonesians'' Understand Why Australia is Angry: PM Abbott | The Real Singapore","description":"www.therealsingapore.com | An online community that provides media coverage without censorship.","url":"http:\\/\\/therealsingapore.com\\/content\\/decent-indonesians-understand-why-australia-angry-pm-abbott","image":"http:\\/\\/therealsingapore.com\\/sites\\/default\\/files\\/logo_1_0.png","thumbnail":"http:\\/\\/therealsingapore.com\\/sites\\/default\\/files\\/logo_1_0.png"}},"attachmentId":null,"statusId":2,"status":"<a href=\\"http:\\/\\/therealsingapore.com\\/content\\/decent-indonesians-understand-why-australia-angry-pm-abbott\\" class=\\"ow_autolink\\" target=\\"_blank\\" rel=\\"nofollow\\">http:\\/\\/therealsingapore.com\\/...alia-angry-pm-abbott<\\/a>","contentImage":"http:\\/\\/therealsingapore.com\\/sites\\/default\\/files\\/logo_1_0.png","view":{"iconClass":"ow_ic_comment"},"data":{"userId":1,"status":"<a href=\\"http:\\/\\/therealsingapore.com\\/content\\/decent-indonesians-understand-why-australia-angry-pm-abbott\\" class=\\"ow_autolink\\" target=\\"_blank\\" rel=\\"nofollow\\">http:\\/\\/therealsingapore.com\\/...alia-angry-pm-abbott<\\/a>"},"actionDto":null}', 'image_content'),
(12, '3', 'user-status', 'newsfeed', '{"content":{"format":"image_content","vars":{"status":"<a href=\\"http:\\/\\/makantoday.com\\/The-Wondrous-Benefits-of-Soy-Protein\\" class=\\"ow_autolink\\" target=\\"_blank\\" rel=\\"nofollow\\">http:\\/\\/makantoday.com\\/The-Wondrous-Benefits-of-Soy-Protein<\\/a>","title":"The Wondrous Benefits of Soy Protein | MAKAN TODAY","description":null,"url":"http:\\/\\/makantoday.com\\/The-Wondrous-Benefits-of-Soy-Protein","image":"http:\\/\\/makantoday.com\\/sites\\/default\\/files\\/Pot%20Logo_5.png","thumbnail":"http:\\/\\/makantoday.com\\/sites\\/default\\/files\\/Pot%20Logo_5.png"}},"attachmentId":null,"statusId":3,"status":"<a href=\\"http:\\/\\/makantoday.com\\/The-Wondrous-Benefits-of-Soy-Protein\\" class=\\"ow_autolink\\" target=\\"_blank\\" rel=\\"nofollow\\">http:\\/\\/makantoday.com\\/The-Wondrous-Benefits-of-Soy-Protein<\\/a>","contentImage":"http:\\/\\/makantoday.com\\/sites\\/default\\/files\\/Pot%20Logo_5.png","view":{"iconClass":"ow_ic_comment"},"data":{"userId":9,"status":"<a href=\\"http:\\/\\/makantoday.com\\/The-Wondrous-Benefits-of-Soy-Protein\\" class=\\"ow_autolink\\" target=\\"_blank\\" rel=\\"nofollow\\">http:\\/\\/makantoday.com\\/The-Wondrous-Benefits-of-Soy-Protein<\\/a>"},"actionDto":null}', 'image_content'),
(13, '9', 'user_edit', 'base', '{"string":{"key":"base+feed_user_edit_profile"},"data":{"userId":9},"features":[],"view":{"iconClass":"ow_ic_user"},"actionDto":null}', 'empty'),
(14, '4', 'user-status', 'newsfeed', '{"content":{"format":"image_content","vars":{"status":"<a href=\\"http:\\/\\/www.healthyfoodteam.com\\/this-is-how-to-remove-plaque-naturally-at-home-in-natural-conditions\\/\\" class=\\"ow_autolink\\" target=\\"_blank\\" rel=\\"nofollow\\">http:\\/\\/www.healthyfoodteam.com\\/...-natural-conditions\\/<\\/a>","title":"This Is How To Remove Plaque Naturally at Home in Natural Conditions","description":"Plague is a disease that occurs because of bacteria build up that causes inflammation of the gums (gingivitis and periodontitis). Use these homemade remedies to","url":"http:\\/\\/www.healthyfoodteam.com\\/this-is-how-to-remove-plaque-naturally-at-home-in-natural-conditions\\/","image":"http:\\/\\/www.healthyfoodteam.com\\/wp-content\\/uploads\\/2015\\/03\\/Remove-The-Plaque-at-Home-in-Natural-Conditions.png","thumbnail":"http:\\/\\/www.healthyfoodteam.com\\/wp-content\\/uploads\\/2015\\/03\\/Remove-The-Plaque-at-Home-in-Natural-Conditions.png"}},"attachmentId":null,"statusId":4,"status":"<a href=\\"http:\\/\\/www.healthyfoodteam.com\\/this-is-how-to-remove-plaque-naturally-at-home-in-natural-conditions\\/\\" class=\\"ow_autolink\\" target=\\"_blank\\" rel=\\"nofollow\\">http:\\/\\/www.healthyfoodteam.com\\/...-natural-conditions\\/<\\/a>","contentImage":"http:\\/\\/www.healthyfoodteam.com\\/wp-content\\/uploads\\/2015\\/03\\/Remove-The-Plaque-at-Home-in-Natural-Conditions.png","view":{"iconClass":"ow_ic_comment"},"data":{"userId":6,"status":"<a href=\\"http:\\/\\/www.healthyfoodteam.com\\/this-is-how-to-remove-plaque-naturally-at-home-in-natural-conditions\\/\\" class=\\"ow_autolink\\" target=\\"_blank\\" rel=\\"nofollow\\">http:\\/\\/www.healthyfoodteam.com\\/...-natural-conditions\\/<\\/a>"},"actionDto":null}', 'image_content'),
(15, '6', 'user_edit', 'base', '{"string":{"key":"base+feed_user_edit_profile"},"data":{"userId":6},"features":[],"view":{"iconClass":"ow_ic_user"},"actionDto":null}', 'empty'),
(16, '9', 'avatar-change', 'base_avatar', '{"string":"changed their avatar","view":{"iconClass":"ow_ic_picture"},"actionDto":null}', 'empty'),
(20, '5', 'user-status', 'newsfeed', '{"content":{"format":"image_content","vars":{"status":"<a href=\\"http:\\/\\/makantoday.com\\/The-Greatest-Dieting-Mistakes\\" class=\\"ow_autolink\\" target=\\"_blank\\" rel=\\"nofollow\\">http:\\/\\/makantoday.com\\/The-Greatest-Dieting-Mistakes<\\/a>","title":"The Greatest Dieting Mistakes | MAKAN TODAY","description":null,"url":"http:\\/\\/makantoday.com\\/The-Greatest-Dieting-Mistakes","image":"http:\\/\\/makantoday.com\\/sites\\/default\\/files\\/styles\\/large\\/public\\/field\\/image\\/hhhhh.jpg?itok=L18rjk45","thumbnail":"http:\\/\\/makantoday.com\\/sites\\/default\\/files\\/styles\\/large\\/public\\/field\\/image\\/hhhhh.jpg?itok=L18rjk45"}},"attachmentId":null,"statusId":5,"status":"<a href=\\"http:\\/\\/makantoday.com\\/The-Greatest-Dieting-Mistakes\\" class=\\"ow_autolink\\" target=\\"_blank\\" rel=\\"nofollow\\">http:\\/\\/makantoday.com\\/The-Greatest-Dieting-Mistakes<\\/a>","contentImage":"http:\\/\\/makantoday.com\\/sites\\/default\\/files\\/styles\\/large\\/public\\/field\\/image\\/hhhhh.jpg?itok=L18rjk45","view":{"iconClass":"ow_ic_comment"},"data":{"userId":3,"status":"<a href=\\"http:\\/\\/makantoday.com\\/The-Greatest-Dieting-Mistakes\\" class=\\"ow_autolink\\" target=\\"_blank\\" rel=\\"nofollow\\">http:\\/\\/makantoday.com\\/The-Greatest-Dieting-Mistakes<\\/a>"},"actionDto":null}', 'image_content'),
(24, '10', 'user_join', 'base', '{"string":{"key":"base+feed_user_join"},"view":{"iconClass":"ow_ic_user"},"actionDto":null}', 'empty'),
(25, '301', 'shoppro_add_product_516e91a4443438159135e604f360049d', 'shoppro', '{"time":"1431199363","ownerId":"1","string":"Added new product in the shop","content":"<a href=\\"http:\\/\\/makantoday.com\\/EDMW\\/product\\/301\\/zoom\\/dosa.html\\">http:\\/\\/makantoday.com\\/EDMW\\/product\\/301\\/zoom\\/dosa.html<\\/a>\\r\\n<div class=\\"ow_remark\\" style=\\"paddig-top: 4px\\">Dosa <\\/div>","view":{"iconClass":"ow_ic_link"},"toolbar":[{"href":"http:\\/\\/makantoday.com\\/EDMW\\/product\\/301\\/zoom\\/dosa.html","label":"URL"}]}', NULL),
(23, '300', 'shoppro_add_product_598332da5900a01557c1d751d68e84b5', 'shoppro', '{"time":"1430719459","ownerId":"7","string":"Added new product in the shop","content":"<a href=\\"http:\\/\\/makantoday.com\\/EDMW\\/product\\/300\\/zoom\\/sisling-sisig.html\\">http:\\/\\/makantoday.com\\/EDMW\\/product\\/300\\/zoom\\/sisling-sisig.html<\\/a>\\r\\n<div class=\\"ow_remark\\" style=\\"paddig-top: 4px\\">Sisling Sisig <\\/div>","view":{"iconClass":"ow_ic_link"},"toolbar":[{"href":"http:\\/\\/makantoday.com\\/EDMW\\/product\\/300\\/zoom\\/sisling-sisig.html","label":"URL"}]}', NULL);

-- --------------------------------------------------------

--
-- Table structure for table `ow_newsfeed_action_feed`
--

CREATE TABLE IF NOT EXISTS `ow_newsfeed_action_feed` (
  `id` int(11) NOT NULL AUTO_INCREMENT,
  `feedType` varchar(100) NOT NULL,
  `feedId` int(11) NOT NULL,
  `activityId` int(11) NOT NULL,
  PRIMARY KEY (`id`),
  UNIQUE KEY `feedId` (`feedType`,`feedId`,`activityId`),
  KEY `actionId` (`activityId`)
) ENGINE=MyISAM  DEFAULT CHARSET=utf8 AUTO_INCREMENT=41 ;

--
-- Dumping data for table `ow_newsfeed_action_feed`
--

INSERT INTO `ow_newsfeed_action_feed` (`id`, `feedType`, `feedId`, `activityId`) VALUES
(1, 'user', 2, 1),
(2, 'user', 3, 3),
(3, 'user', 4, 5),
(4, 'user', 5, 7),
(5, 'user', 6, 9),
(6, 'user', 7, 11),
(7, 'user', 8, 13),
(8, 'user', 9, 15),
(9, 'user', 1, 17),
(10, 'user', 1, 19),
(11, 'user', 9, 20),
(12, 'user', 9, 21),
(13, 'user', 1, 23),
(14, 'user', 1, 24),
(15, 'user', 1, 26),
(16, 'user', 1, 27),
(17, 'user', 9, 28),
(18, 'user', 9, 30),
(19, 'user', 6, 32),
(20, 'user', 6, 34),
(21, 'user', 1, 36),
(22, 'user', 9, 38),
(23, 'user', 1, 39),
(33, 'user', 7, 51),
(32, 'user', 7, 49),
(27, 'user', 3, 43),
(31, 'user', 7, 48),
(30, 'user', 1, 47),
(34, 'user', 9, 53),
(35, 'user', 9, 55),
(36, 'user', 10, 56),
(37, 'user', 1, 58),
(38, 'user', 9, 59),
(39, 'user', 1, 60),
(40, 'user', 1, 62);

-- --------------------------------------------------------

--
-- Table structure for table `ow_newsfeed_action_set`
--

CREATE TABLE IF NOT EXISTS `ow_newsfeed_action_set` (
  `id` int(11) NOT NULL AUTO_INCREMENT,
  `actionId` int(11) NOT NULL,
  `userId` int(11) NOT NULL,
  `timestamp` int(11) NOT NULL,
  PRIMARY KEY (`id`),
  UNIQUE KEY `actionId` (`actionId`,`userId`)
) ENGINE=MyISAM  DEFAULT CHARSET=utf8 AUTO_INCREMENT=427 ;

-- --------------------------------------------------------

--
-- Table structure for table `ow_newsfeed_activity`
--

CREATE TABLE IF NOT EXISTS `ow_newsfeed_activity` (
  `id` int(11) NOT NULL AUTO_INCREMENT,
  `activityType` varchar(100) NOT NULL,
  `activityId` int(11) NOT NULL,
  `userId` int(11) NOT NULL,
  `data` text NOT NULL,
  `actionId` int(11) NOT NULL,
  `timeStamp` int(11) NOT NULL,
  `privacy` varchar(100) NOT NULL,
  `visibility` int(11) NOT NULL,
  `status` varchar(100) NOT NULL DEFAULT 'active',
  UNIQUE KEY `id` (`id`),
  UNIQUE KEY `activityId` (`activityId`,`activityType`,`actionId`),
  KEY `actionId` (`actionId`),
  KEY `userId` (`userId`),
  KEY `activityType` (`activityType`),
  KEY `timeStamp` (`timeStamp`)
) ENGINE=MyISAM  DEFAULT CHARSET=utf8 AUTO_INCREMENT=63 ;

--
-- Dumping data for table `ow_newsfeed_activity`
--

INSERT INTO `ow_newsfeed_activity` (`id`, `activityType`, `activityId`, `userId`, `data`, `actionId`, `timeStamp`, `privacy`, `visibility`, `status`) VALUES
(1, 'create', 2, 2, '[]', 1, 1430464030, 'everybody', 15, 'active'),
(2, 'subscribe', 2, 2, '[]', 1, 1430464030, 'everybody', 15, 'active'),
(3, 'create', 3, 3, '[]', 2, 1430464220, 'everybody', 15, 'active'),
(4, 'subscribe', 3, 3, '[]', 2, 1430464220, 'everybody', 15, 'active'),
(5, 'create', 4, 4, '[]', 3, 1430464339, 'everybody', 15, 'active'),
(6, 'subscribe', 4, 4, '[]', 3, 1430464339, 'everybody', 15, 'active'),
(7, 'create', 5, 5, '[]', 4, 1430464452, 'everybody', 15, 'active'),
(8, 'subscribe', 5, 5, '[]', 4, 1430464452, 'everybody', 15, 'active'),
(9, 'create', 6, 6, '[]', 5, 1430464556, 'everybody', 15, 'active'),
(10, 'subscribe', 6, 6, '[]', 5, 1430464556, 'everybody', 15, 'active'),
(11, 'create', 7, 7, '[]', 6, 1430464669, 'everybody', 15, 'active'),
(12, 'subscribe', 7, 7, '[]', 6, 1430464669, 'everybody', 15, 'active'),
(13, 'create', 8, 8, '[]', 7, 1430464781, 'everybody', 15, 'active'),
(14, 'subscribe', 8, 8, '[]', 7, 1430464781, 'everybody', 15, 'active'),
(15, 'create', 9, 9, '[]', 8, 1430464871, 'everybody', 15, 'active'),
(16, 'subscribe', 9, 9, '[]', 8, 1430464871, 'everybody', 15, 'active'),
(17, 'create', 1, 1, '[]', 9, 1430465157, 'everybody', 15, 'active'),
(18, 'subscribe', 1, 1, '[]', 9, 1430465157, 'everybody', 15, 'active'),
(19, 'like', 1, 1, '{"likeId":"1","string":{"key":"newsfeed+activity_string_self_status_like"}}', 9, 1430465234, 'everybody', 15, 'active'),
(20, 'comment', 1, 9, '{"string":{"key":"base+feed_activity_join_profile_string","vars":{"user":"<a href=\\"http:\\/\\/makantoday.com\\/EDMW\\/user\\/SoniaLisa\\">Sonia Lisa<\\/a>"}}}', 8, 1430466049, 'everybody', 15, 'active'),
(21, 'create', 9, 9, '[]', 10, 1430466204, 'everybody', 15, 'active'),
(22, 'subscribe', 9, 9, '[]', 10, 1430466204, 'everybody', 15, 'active'),
(23, 'comment', 2, 1, '{"string":{"key":"photo+feed_activity_photo_string","vars":{"user":"<a href=\\"http:\\/\\/makantoday.com\\/EDMW\\/user\\/SoniaLisa\\">Sonia Lisa<\\/a>"}}}', 10, 1430466255, 'everybody', 15, 'active'),
(24, 'create', 1, 1, '[]', 11, 1430468064, 'everybody', 15, 'active'),
(25, 'subscribe', 1, 1, '[]', 11, 1430468107, 'everybody', 15, 'active'),
(26, 'like', 1, 1, '{"likeId":"2","string":{"key":"newsfeed+activity_string_self_status_like"}}', 11, 1430468083, 'everybody', 15, 'active'),
(27, 'comment', 3, 1, '{"commentId":3,"string":{"key":"newsfeed+activity_string_status_self_comment","vars":{"comment":"does it make sense ?"}}}', 11, 1430468107, 'everybody', 15, 'active'),
(28, 'create', 9, 9, '[]', 12, 1430468245, 'everybody', 15, 'active'),
(29, 'subscribe', 9, 9, '[]', 12, 1430468245, 'everybody', 15, 'active'),
(30, 'create', 9, 9, '[]', 13, 1430468300, 'everybody', 15, 'active'),
(31, 'subscribe', 9, 9, '[]', 13, 1430468300, 'everybody', 15, 'active'),
(32, 'create', 6, 6, '[]', 14, 1430469236, 'everybody', 15, 'active'),
(33, 'subscribe', 6, 6, '[]', 14, 1430469236, 'everybody', 15, 'active'),
(34, 'create', 6, 6, '[]', 15, 1430469918, 'everybody', 15, 'active'),
(35, 'subscribe', 6, 6, '[]', 15, 1430469918, 'everybody', 15, 'active'),
(36, 'create', 1, 1, '[]', 16, 1430501043, 'everybody', 15, 'active'),
(37, 'subscribe', 1, 1, '[]', 16, 1430501043, 'everybody', 15, 'active'),
(38, 'like', 9, 9, '{"string":{"key":"base+feed_activity_avatar_string_like","vars":{"user":"<a href=\\"http:\\/\\/makantoday.com\\/EDMW\\/user\\/admin\\">Admin<\\/a>"}}}', 16, 1430501074, 'everybody', 15, 'active'),
(39, 'like', 1, 1, '{"string":{"key":"base+feed_activity_avatar_string_like_own"}}', 16, 1430501132, 'everybody', 15, 'active'),
(43, 'create', 3, 3, '[]', 20, 1430664381, 'everybody', 15, 'active'),
(44, 'subscribe', 3, 3, '[]', 20, 1430664381, 'everybody', 15, 'active'),
(48, 'like', 7, 7, '{"likeId":"12","string":{"key":"newsfeed+activity_string_status_like","vars":{"user":"<a href=\\"http:\\/\\/makantoday.com\\/EDMW\\/user\\/SoniaLisa\\">Sonia Lisa<\\/a>"}}}', 12, 1430826525, 'everybody', 15, 'active'),
(47, 'create', 1, 7, '[]', 23, 1430719459, 'everybody', 15, 'active'),
(49, 'comment', 7, 7, '{"commentId":7,"string":{"key":"newsfeed+activity_string_status_comment","vars":{"comment":"haha","user":"<a href=\\"http:\\/\\/makantoday.com\\/EDMW\\/user\\/admin\\">Admin<\\/a>"}}}', 11, 1430826536, 'everybody', 15, 'active'),
(50, 'subscribe', 7, 7, '[]', 11, 1430826536, 'everybody', 15, 'active'),
(51, 'comment', 8, 7, '{"commentId":8,"string":{"key":"newsfeed+activity_string_status_comment","vars":{"comment":"nice info...","user":"<a href=\\"http:\\/\\/makantoday.com\\/EDMW\\/user\\/CynthiaGayoso\\">Cynthia Gayoso<\\/a>"}}}', 20, 1430833642, 'everybody', 15, 'active'),
(52, 'subscribe', 7, 7, '[]', 20, 1430833642, 'everybody', 15, 'active'),
(53, 'comment', 9, 9, '{"commentId":9,"string":{"key":"newsfeed+activity_string_status_comment","vars":{"comment":"","user":"<a href=\\"http:\\/\\/makantoday.com\\/EDMW\\/user\\/CynthiaGayoso\\">Cynthia Gayoso<\\/a>"}}}', 20, 1430956158, 'everybody', 15, 'active'),
(54, 'subscribe', 9, 9, '[]', 20, 1430956158, 'everybody', 15, 'active'),
(55, 'like', 9, 9, '{"likeId":"13","string":{"key":"newsfeed+activity_string_status_like","vars":{"user":"<a href=\\"http:\\/\\/makantoday.com\\/EDMW\\/user\\/CynthiaGayoso\\">Cynthia Gayoso<\\/a>"}}}', 20, 1430958761, 'everybody', 15, 'active'),
(56, 'create', 10, 10, '[]', 24, 1431078812, 'everybody', 15, 'active'),
(57, 'subscribe', 10, 10, '[]', 24, 1431078812, 'everybody', 15, 'active'),
(58, 'create', 1, 1, '[]', 25, 1431199363, 'everybody', 15, 'active'),
(59, 'like', 9, 9, '{"string":{"key":"base+feed_activity_join_profile_string_like","vars":{"user":"<a href=\\"http:\\/\\/makantoday.com\\/EDMW\\/user\\/anoopmail\\">Anoop Nair<\\/a>"}}}', 24, 1431266937, 'everybody', 15, 'active'),
(60, 'comment', 10, 1, '{"commentId":10,"string":{"key":"newsfeed+activity_string_status_comment","vars":{"comment":"Haha","user":"<a href=\\"http:\\/\\/makantoday.com\\/EDMW\\/user\\/CynthiaGayoso\\">Cynthia Gayoso<\\/a>"}}}', 20, 1431268432, 'everybody', 15, 'active'),
(61, 'subscribe', 1, 1, '[]', 20, 1431268432, 'everybody', 15, 'active'),
(62, 'like', 1, 1, '{"string":{"key":"base+feed_activity_join_profile_string_like","vars":{"user":"<a href=\\"http:\\/\\/makantoday.com\\/EDMW\\/user\\/anoopmail\\">Anoop Nair<\\/a>"}}}', 24, 1431305209, 'everybody', 15, 'active');

-- --------------------------------------------------------

--
-- Table structure for table `ow_newsfeed_cron_command`
--

CREATE TABLE IF NOT EXISTS `ow_newsfeed_cron_command` (
  `id` int(11) NOT NULL AUTO_INCREMENT,
  `command` varchar(100) NOT NULL,
  `data` text NOT NULL,
  `processData` text NOT NULL,
  `timeStamp` int(11) NOT NULL,
  PRIMARY KEY (`id`)
) ENGINE=MyISAM DEFAULT CHARSET=utf8 AUTO_INCREMENT=1 ;

-- --------------------------------------------------------

--
-- Table structure for table `ow_newsfeed_follow`
--

CREATE TABLE IF NOT EXISTS `ow_newsfeed_follow` (
  `id` int(11) NOT NULL AUTO_INCREMENT,
  `feedId` int(11) NOT NULL,
  `feedType` varchar(60) NOT NULL,
  `userId` int(11) NOT NULL,
  `permission` varchar(60) NOT NULL DEFAULT 'everybody',
  `followTime` int(11) NOT NULL,
  PRIMARY KEY (`id`),
  UNIQUE KEY `feedId` (`feedId`,`userId`,`feedType`,`permission`),
  KEY `userId` (`userId`)
) ENGINE=MyISAM  DEFAULT CHARSET=utf8 AUTO_INCREMENT=5 ;

--
-- Dumping data for table `ow_newsfeed_follow`
--

INSERT INTO `ow_newsfeed_follow` (`id`, `feedId`, `feedType`, `userId`, `permission`, `followTime`) VALUES
(1, 7, 'user', 9, 'everybody', 1430500543),
(2, 3, 'user', 9, 'everybody', 1430500657),
(3, 1, 'user', 9, 'everybody', 1430500780),
(4, 10, 'user', 9, 'everybody', 1431266944);

-- --------------------------------------------------------

--
-- Table structure for table `ow_newsfeed_like`
--

CREATE TABLE IF NOT EXISTS `ow_newsfeed_like` (
  `id` int(11) NOT NULL AUTO_INCREMENT,
  `entityType` varchar(100) NOT NULL,
  `entityId` int(11) NOT NULL,
  `userId` int(11) NOT NULL,
  `timeStamp` int(11) NOT NULL,
  PRIMARY KEY (`id`),
  UNIQUE KEY `entityType` (`entityType`,`entityId`,`userId`),
  KEY `userId` (`userId`)
) ENGINE=MyISAM  DEFAULT CHARSET=utf8 AUTO_INCREMENT=17 ;

--
-- Dumping data for table `ow_newsfeed_like`
--

INSERT INTO `ow_newsfeed_like` (`id`, `entityType`, `entityId`, `userId`, `timeStamp`) VALUES
(1, 'user-status', 1, 1, 1430465234),
(2, 'user-status', 2, 1, 1430468083),
(3, 'avatar-change', 9, 9, 1430501074),
(4, 'avatar-change', 9, 1, 1430501132),
(14, 'shoppro_add_product_516e91a4443438159135e604f360049d', 301, 9, 1431226795),
(15, 'user_join', 10, 9, 1431266937),
(13, 'user-status', 5, 9, 1430958761),
(12, 'user-status', 3, 7, 1430826525),
(16, 'user_join', 10, 1, 1431305209);

-- --------------------------------------------------------

--
-- Table structure for table `ow_newsfeed_status`
--

CREATE TABLE IF NOT EXISTS `ow_newsfeed_status` (
  `id` int(11) NOT NULL AUTO_INCREMENT,
  `feedType` varchar(100) NOT NULL,
  `feedId` int(11) NOT NULL,
  `timeStamp` int(11) NOT NULL,
  `status` text NOT NULL,
  PRIMARY KEY (`id`),
  UNIQUE KEY `feedType` (`feedType`,`feedId`)
) ENGINE=MyISAM  DEFAULT CHARSET=utf8 AUTO_INCREMENT=6 ;

--
-- Dumping data for table `ow_newsfeed_status`
--

INSERT INTO `ow_newsfeed_status` (`id`, `feedType`, `feedId`, `timeStamp`, `status`) VALUES
(2, 'user', 1, 1430468064, '<a href="http://therealsingapore.com/content/decent-indonesians-understand-why-australia-angry-pm-abbott" class="ow_autolink" target="_blank" rel="nofollow">http://therealsingapore.com/...alia-angry-pm-abbott</a>'),
(3, 'user', 9, 1430468245, '<a href="http://makantoday.com/The-Wondrous-Benefits-of-Soy-Protein" class="ow_autolink" target="_blank" rel="nofollow">http://makantoday.com/The-Wondrous-Benefits-of-Soy-Protein</a>'),
(4, 'user', 6, 1430469236, '<a href="http://www.healthyfoodteam.com/this-is-how-to-remove-plaque-naturally-at-home-in-natural-conditions/" class="ow_autolink" target="_blank" rel="nofollow">http://www.healthyfoodteam.com/...-natural-conditions/</a>'),
(5, 'user', 3, 1430664381, '<a href="http://makantoday.com/The-Greatest-Dieting-Mistakes" class="ow_autolink" target="_blank" rel="nofollow">http://makantoday.com/The-Greatest-Dieting-Mistakes</a>');

-- --------------------------------------------------------

--
-- Table structure for table `ow_notifications_notification`
--

CREATE TABLE IF NOT EXISTS `ow_notifications_notification` (
  `id` int(11) NOT NULL AUTO_INCREMENT,
  `entityType` varchar(255) NOT NULL,
  `entityId` varchar(64) NOT NULL,
  `action` varchar(255) NOT NULL,
  `userId` int(11) NOT NULL,
  `pluginKey` varchar(255) NOT NULL,
  `timeStamp` int(11) NOT NULL,
  `viewed` int(11) NOT NULL DEFAULT '0',
  `sent` tinyint(4) NOT NULL DEFAULT '0',
  `active` tinyint(4) NOT NULL DEFAULT '1',
  `data` text,
  PRIMARY KEY (`id`),
  UNIQUE KEY `entityType` (`entityType`,`entityId`,`userId`),
  KEY `timeStamp` (`timeStamp`),
  KEY `userId` (`userId`)
) ENGINE=MyISAM  DEFAULT CHARSET=utf8 AUTO_INCREMENT=12 ;

--
-- Dumping data for table `ow_notifications_notification`
--

INSERT INTO `ow_notifications_notification` (`id`, `entityType`, `entityId`, `action`, `userId`, `pluginKey`, `timeStamp`, `viewed`, `sent`, `active`, `data`) VALUES
(1, 'photo_add_comment', '2', 'photo-add_comment', 9, 'photo', 1430466255, 1, 0, 1, '{"avatar":{"urlInfo":{"routeName":"base_user_profile","vars":{"username":"admin"}},"userId":1,"src":"http:\\/\\/makantoday.com\\/EDMW\\/ow_static\\/themes\\/origin\\/images\\/no-avatar.png","url":"http:\\/\\/makantoday.com\\/EDMW\\/user\\/admin","title":"Admin","label":null,"labelColor":null},"string":{"key":"photo+email_notifications_comment","vars":{"userName":"Admin","userUrl":"http:\\/\\/makantoday.com\\/EDMW\\/user\\/admin","photoUrl":"http:\\/\\/makantoday.com\\/EDMW\\/photo\\/view\\/1"}},"content":"nice...","url":"http:\\/\\/makantoday.com\\/EDMW\\/photo\\/view\\/1","contentImage":"http:\\/\\/makantoday.com\\/EDMW\\/ow_userfiles\\/plugins\\/photo\\/photo_small_1_55432e9c0ea59.jpg"}'),
(4, 'status_like', '12', 'newsfeed-status_like', 9, 'newsfeed', 1430826525, 1, 1, 1, '{"format":"text","avatar":{"urlInfo":{"routeName":"base_user_profile","vars":{"username":"IsabellaMilo"}},"userId":7,"src":"http:\\/\\/makantoday.com\\/EDMW\\/ow_userfiles\\/plugins\\/base\\/avatars\\/avatar_7_1430464669.jpg","url":"http:\\/\\/makantoday.com\\/EDMW\\/user\\/IsabellaMilo","title":"Isabella Milo"},"string":{"key":"newsfeed+email_notifications_status_like","vars":{"userName":"Isabella Milo","userUrl":"http:\\/\\/makantoday.com\\/EDMW\\/user\\/IsabellaMilo","status":"<a href=\\"http:\\/\\/makantoday.com\\/The-Wondrous-Benefits-of-Soy-Protein\\" class=\\"ow_autolink\\" target=\\"_bl...","url":"http:\\/\\/makantoday.com\\/EDMW\\/newsfeed\\/12"}},"url":"http:\\/\\/makantoday.com\\/EDMW\\/newsfeed\\/12","contentImage":"http:\\/\\/makantoday.com\\/sites\\/default\\/files\\/Pot%20Logo_5.png"}'),
(5, 'status_comment', '7', 'newsfeed-status_comment', 1, 'newsfeed', 1430826536, 1, 1, 1, '{"format":"text","avatar":{"urlInfo":{"routeName":"base_user_profile","vars":{"username":"IsabellaMilo"}},"userId":7,"src":"http:\\/\\/makantoday.com\\/EDMW\\/ow_userfiles\\/plugins\\/base\\/avatars\\/avatar_7_1430464669.jpg","url":"http:\\/\\/makantoday.com\\/EDMW\\/user\\/IsabellaMilo","title":"Isabella Milo"},"string":{"key":"newsfeed+email_notifications_status_comment","vars":{"userName":"Isabella Milo","userUrl":"http:\\/\\/makantoday.com\\/EDMW\\/user\\/IsabellaMilo","status":"<a href=\\"http:\\/\\/therealsingapore.com\\/content\\/decent-indonesians-understand-why-australia-angry-pm-ab...","url":"http:\\/\\/makantoday.com\\/EDMW\\/newsfeed\\/11"}},"content":"haha","contentImage":null,"url":"http:\\/\\/makantoday.com\\/EDMW\\/newsfeed\\/11"}'),
(6, 'status_comment', '8', 'newsfeed-status_comment', 3, 'newsfeed', 1430833642, 0, 1, 1, '{"format":"text","avatar":{"urlInfo":{"routeName":"base_user_profile","vars":{"username":"IsabellaMilo"}},"userId":7,"src":"http:\\/\\/makantoday.com\\/EDMW\\/ow_userfiles\\/plugins\\/base\\/avatars\\/avatar_7_1430464669.jpg","url":"http:\\/\\/makantoday.com\\/EDMW\\/user\\/IsabellaMilo","title":"Isabella Milo"},"string":{"key":"newsfeed+email_notifications_status_comment","vars":{"userName":"Isabella Milo","userUrl":"http:\\/\\/makantoday.com\\/EDMW\\/user\\/IsabellaMilo","status":"<a href=\\"http:\\/\\/makantoday.com\\/The-Greatest-Dieting-Mistakes\\" class=\\"ow_autolink\\" target=\\"_blank\\" re...","url":"http:\\/\\/makantoday.com\\/EDMW\\/newsfeed\\/20"}},"content":"nice info...","contentImage":null,"url":"http:\\/\\/makantoday.com\\/EDMW\\/newsfeed\\/20"}'),
(7, 'status_comment', '9', 'newsfeed-status_comment', 3, 'newsfeed', 1430956158, 0, 1, 1, '{"format":"text","avatar":{"urlInfo":{"routeName":"base_user_profile","vars":{"username":"SoniaLisa"}},"userId":9,"src":"http:\\/\\/makantoday.com\\/EDMW\\/ow_userfiles\\/plugins\\/base\\/avatars\\/avatar_9_1430464871.jpg","url":"http:\\/\\/makantoday.com\\/EDMW\\/user\\/SoniaLisa","title":"Sonia Lisa"},"string":{"key":"newsfeed+email_notifications_status_comment","vars":{"userName":"Sonia Lisa","userUrl":"http:\\/\\/makantoday.com\\/EDMW\\/user\\/SoniaLisa","status":"<a href=\\"http:\\/\\/makantoday.com\\/The-Greatest-Dieting-Mistakes\\" class=\\"ow_autolink\\" target=\\"_blank\\" re...","url":"http:\\/\\/makantoday.com\\/EDMW\\/newsfeed\\/20"}},"content":"","contentImage":"http:\\/\\/makantoday.com\\/EDMW\\/ow_userfiles\\/plugins\\/base\\/attachments\\/554aa87a492b2_1430956128294-1091094770.jpg","url":"http:\\/\\/makantoday.com\\/EDMW\\/newsfeed\\/20"}'),
(8, 'status_like', '13', 'newsfeed-status_like', 3, 'newsfeed', 1430958762, 0, 1, 1, '{"format":"text","avatar":{"urlInfo":{"routeName":"base_user_profile","vars":{"username":"SoniaLisa"}},"userId":9,"src":"http:\\/\\/makantoday.com\\/EDMW\\/ow_userfiles\\/plugins\\/base\\/avatars\\/avatar_9_1430464871.jpg","url":"http:\\/\\/makantoday.com\\/EDMW\\/user\\/SoniaLisa","title":"Sonia Lisa"},"string":{"key":"newsfeed+email_notifications_status_like","vars":{"userName":"Sonia Lisa","userUrl":"http:\\/\\/makantoday.com\\/EDMW\\/user\\/SoniaLisa","status":"<a href=\\"http:\\/\\/makantoday.com\\/The-Greatest-Dieting-Mistakes\\" class=\\"ow_autolink\\" target=\\"_blank\\" re...","url":"http:\\/\\/makantoday.com\\/EDMW\\/newsfeed\\/20"}},"url":"http:\\/\\/makantoday.com\\/EDMW\\/newsfeed\\/20","contentImage":"http:\\/\\/makantoday.com\\/sites\\/default\\/files\\/styles\\/large\\/public\\/field\\/image\\/hhhhh.jpg?itok=L18rjk45"}'),
(9, 'shop-wasbuy', '300', 'shoppro+member_was_buy_item_url', 7, 'shoppro', 1431078869, 0, 1, 1, '{"format":"text","avatar":{"urlInfo":{"routeName":"base_user_profile","vars":{"username":"Anoop Nair"}},"src":"http://makantoday.com/EDMW/ow_static/themes/origin/images/no-avatar.png","url":"http://makantoday.com/EDMW/user/anoopmail"},"string":{"key":"shoppro+member_was_buy_item_url","vars":{"userName":"Anoop Nair","userUrl":"http://makantoday.com/EDMW/user/anoopmail","profileUrl":"http://makantoday.com/EDMW/user/anoopmail","producturl":"http://makantoday.com/EDMW/product/300/zoom/product.html"}},"content":"","url":"http://makantoday.com/EDMW/product/300/zoom/product.html","contentImage":""}'),
(10, 'shop-wasbuy', '301', 'shoppro+member_was_buy_item_url', 1, 'shoppro', 1431267102, 1, 0, 1, '{"format":"text","avatar":{"urlInfo":{"routeName":"base_user_profile","vars":{"username":"Sonia Lisa"}},"src":"http://makantoday.com/EDMW/ow_userfiles/plugins/base/avatars/avatar_9_1430464871.jpg","url":"http://makantoday.com/EDMW/user/SoniaLisa"},"string":{"key":"shoppro+member_was_buy_item_url","vars":{"userName":"Sonia Lisa","userUrl":"http://makantoday.com/EDMW/user/SoniaLisa","profileUrl":"http://makantoday.com/EDMW/user/SoniaLisa","producturl":"http://makantoday.com/EDMW/product/301/zoom/product.html"}},"content":"","url":"http://makantoday.com/EDMW/product/301/zoom/product.html","contentImage":""}'),
(11, 'status_comment', '10', 'newsfeed-status_comment', 3, 'newsfeed', 1431268432, 0, 1, 1, '{"format":"text","avatar":{"urlInfo":{"routeName":"base_user_profile","vars":{"username":"admin"}},"userId":1,"src":"http:\\/\\/makantoday.com\\/EDMW\\/ow_userfiles\\/plugins\\/base\\/avatars\\/avatar_1_1430501043.jpg","url":"http:\\/\\/makantoday.com\\/EDMW\\/user\\/admin","title":"Admin"},"string":{"key":"newsfeed+email_notifications_status_comment","vars":{"userName":"Admin","userUrl":"http:\\/\\/makantoday.com\\/EDMW\\/user\\/admin","status":"<a href=\\"http:\\/\\/makantoday.com\\/The-Greatest-Dieting-Mistakes\\" class=\\"ow_autolink\\" target=\\"_blank\\" re...","url":"http:\\/\\/makantoday.com\\/EDMW\\/newsfeed\\/20"}},"content":"Haha","contentImage":null,"url":"http:\\/\\/makantoday.com\\/EDMW\\/newsfeed\\/20"}');

-- --------------------------------------------------------

--
-- Table structure for table `ow_notifications_rule`
--

CREATE TABLE IF NOT EXISTS `ow_notifications_rule` (
  `id` int(11) NOT NULL AUTO_INCREMENT,
  `action` varchar(255) NOT NULL,
  `checked` tinyint(1) NOT NULL,
  `userId` int(11) NOT NULL,
  PRIMARY KEY (`id`),
  UNIQUE KEY `key_userId` (`action`,`userId`)
) ENGINE=MyISAM DEFAULT CHARSET=utf8 AUTO_INCREMENT=1 ;

-- --------------------------------------------------------

--
-- Table structure for table `ow_notifications_schedule`
--

CREATE TABLE IF NOT EXISTS `ow_notifications_schedule` (
  `id` int(11) NOT NULL AUTO_INCREMENT,
  `userId` int(11) NOT NULL,
  `schedule` varchar(50) NOT NULL,
  PRIMARY KEY (`id`),
  UNIQUE KEY `userId` (`userId`)
) ENGINE=MyISAM DEFAULT CHARSET=utf8 AUTO_INCREMENT=1 ;

-- --------------------------------------------------------

--
-- Table structure for table `ow_notifications_send_queue`
--

CREATE TABLE IF NOT EXISTS `ow_notifications_send_queue` (
  `id` int(11) NOT NULL AUTO_INCREMENT,
  `userId` int(11) NOT NULL,
  `timeStamp` int(11) NOT NULL,
  PRIMARY KEY (`id`)
) ENGINE=MyISAM  DEFAULT CHARSET=utf8 AUTO_INCREMENT=13300 ;

--
-- Dumping data for table `ow_notifications_send_queue`
--

INSERT INTO `ow_notifications_send_queue` (`id`, `userId`, `timeStamp`) VALUES
(13299, 4, 1431683402),
(13298, 8, 1431683402),
(13297, 2, 1431683402),
(13296, 6, 1431683402),
(13295, 5, 1431683402),
(13294, 3, 1431683402),
(13293, 7, 1431683402),
(13292, 10, 1431683402),
(13291, 9, 1431683402),
(13290, 1, 1431683402);

-- --------------------------------------------------------

--
-- Table structure for table `ow_notifications_unsubscribe`
--

CREATE TABLE IF NOT EXISTS `ow_notifications_unsubscribe` (
  `id` int(11) NOT NULL AUTO_INCREMENT,
  `userId` int(11) NOT NULL,
  `code` varchar(50) NOT NULL,
  `timeStamp` int(11) NOT NULL,
  PRIMARY KEY (`id`)
) ENGINE=MyISAM  DEFAULT CHARSET=utf8 AUTO_INCREMENT=7 ;

--
-- Dumping data for table `ow_notifications_unsubscribe`
--

INSERT INTO `ow_notifications_unsubscribe` (`id`, `userId`, `code`, `timeStamp`) VALUES
(4, 3, 'f667d26198135275f4e628135cbf2534', 1430956201),
(5, 3, 'f667d26198135275f4e628135cbf2534', 1430958901),
(6, 3, 'f667d26198135275f4e628135cbf2534', 1431268502);

-- --------------------------------------------------------

--
-- Table structure for table `ow_photo`
--

CREATE TABLE IF NOT EXISTS `ow_photo` (
  `id` int(11) NOT NULL AUTO_INCREMENT,
  `albumId` int(11) NOT NULL,
  `description` text,
  `addDatetime` int(10) DEFAULT NULL,
  `status` enum('approval','approved','blocked') NOT NULL DEFAULT 'approved',
  `hasFullsize` tinyint(1) NOT NULL DEFAULT '1',
  `privacy` varchar(50) NOT NULL DEFAULT 'everybody',
  `hash` varchar(16) DEFAULT NULL,
  `uploadKey` varchar(32) DEFAULT NULL,
  `dimension` varchar(128) DEFAULT NULL,
  PRIMARY KEY (`id`),
  KEY `albumId` (`albumId`),
  KEY `status` (`status`),
  KEY `privacy` (`privacy`),
  KEY `uploadKey` (`uploadKey`)
) ENGINE=MyISAM  DEFAULT CHARSET=utf8 AUTO_INCREMENT=2 ;

--
-- Dumping data for table `ow_photo`
--

INSERT INTO `ow_photo` (`id`, `albumId`, `description`, `addDatetime`, `status`, `hasFullsize`, `privacy`, `hash`, `uploadKey`, `dimension`) VALUES
(1, 1, 'Fish curry', 1430466204, 'approved', 0, 'everybody', '55432e9c0ea59', '1430466205', '{"small":[200,200],"preview":[400,300],"main":[640,480],"original":[640,480]}');

-- --------------------------------------------------------

--
-- Table structure for table `ow_photo_album`
--

CREATE TABLE IF NOT EXISTS `ow_photo_album` (
  `id` int(11) NOT NULL AUTO_INCREMENT,
  `userId` int(11) NOT NULL,
  `entityType` varchar(50) DEFAULT 'user',
  `entityId` int(11) DEFAULT NULL,
  `name` varchar(100) NOT NULL,
  `description` text,
  `createDatetime` int(10) DEFAULT NULL,
  PRIMARY KEY (`id`),
  KEY `name` (`name`),
  KEY `userId` (`userId`),
  KEY `entityType` (`entityType`),
  KEY `entityId` (`entityId`)
) ENGINE=MyISAM  DEFAULT CHARSET=utf8 AUTO_INCREMENT=2 ;

--
-- Dumping data for table `ow_photo_album`
--

INSERT INTO `ow_photo_album` (`id`, `userId`, `entityType`, `entityId`, `name`, `description`, `createDatetime`) VALUES
(1, 9, 'user', 9, 'fish and fish', NULL, 1430466204);

-- --------------------------------------------------------

--
-- Table structure for table `ow_photo_album_cover`
--

CREATE TABLE IF NOT EXISTS `ow_photo_album_cover` (
  `id` int(11) NOT NULL AUTO_INCREMENT,
  `albumId` int(10) unsigned NOT NULL,
  `hash` varchar(100) DEFAULT NULL,
  `auto` tinyint(1) NOT NULL DEFAULT '1',
  PRIMARY KEY (`id`),
  UNIQUE KEY `albumId` (`albumId`)
) ENGINE=MyISAM  DEFAULT CHARSET=utf8 AUTO_INCREMENT=2 ;

--
-- Dumping data for table `ow_photo_album_cover`
--

INSERT INTO `ow_photo_album_cover` (`id`, `albumId`, `hash`, `auto`) VALUES
(1, 1, '55432e9c11801', 1);

-- --------------------------------------------------------

--
-- Table structure for table `ow_photo_cache`
--

CREATE TABLE IF NOT EXISTS `ow_photo_cache` (
  `id` int(11) NOT NULL AUTO_INCREMENT,
  `key` int(11) NOT NULL,
  `data` text NOT NULL,
  `createTimestamp` int(10) unsigned NOT NULL,
  PRIMARY KEY (`id`),
  UNIQUE KEY `key` (`key`)
) ENGINE=MyISAM  DEFAULT CHARSET=utf8 AUTO_INCREMENT=2 ;

-- --------------------------------------------------------

--
-- Table structure for table `ow_photo_featured`
--

CREATE TABLE IF NOT EXISTS `ow_photo_featured` (
  `id` int(11) NOT NULL AUTO_INCREMENT,
  `photoId` int(11) NOT NULL DEFAULT '0',
  PRIMARY KEY (`id`),
  KEY `photoId` (`photoId`)
) ENGINE=MyISAM DEFAULT CHARSET=utf8 AUTO_INCREMENT=1 ;

-- --------------------------------------------------------

--
-- Table structure for table `ow_photo_search_data`
--

CREATE TABLE IF NOT EXISTS `ow_photo_search_data` (
  `id` int(10) unsigned NOT NULL AUTO_INCREMENT,
  `entityTypeId` int(10) unsigned NOT NULL,
  `entityId` int(10) unsigned NOT NULL,
  `content` text NOT NULL,
  PRIMARY KEY (`id`)
) ENGINE=MyISAM  DEFAULT CHARSET=utf8 AUTO_INCREMENT=2 ;

-- --------------------------------------------------------

--
-- Table structure for table `ow_photo_search_entity_type`
--

CREATE TABLE IF NOT EXISTS `ow_photo_search_entity_type` (
  `id` int(10) unsigned NOT NULL AUTO_INCREMENT,
  `entityType` varchar(15) NOT NULL,
  PRIMARY KEY (`id`),
  UNIQUE KEY `entityType` (`entityType`)
) ENGINE=MyISAM  DEFAULT CHARSET=utf8 AUTO_INCREMENT=3 ;

--
-- Dumping data for table `ow_photo_search_entity_type`
--

INSERT INTO `ow_photo_search_entity_type` (`id`, `entityType`) VALUES
(1, 'photo.album'),
(2, 'photo.photo');

-- --------------------------------------------------------

--
-- Table structure for table `ow_photo_search_index`
--

CREATE TABLE IF NOT EXISTS `ow_photo_search_index` (
  `id` int(10) unsigned NOT NULL AUTO_INCREMENT,
  `entityTypeId` int(10) unsigned NOT NULL,
  `entityId` int(10) unsigned NOT NULL,
  `content` text NOT NULL,
  PRIMARY KEY (`id`),
  UNIQUE KEY `entityTypeId` (`entityTypeId`,`entityId`),
  FULLTEXT KEY `content` (`content`)
) ENGINE=MyISAM  DEFAULT CHARSET=utf8 AUTO_INCREMENT=3 ;

--
-- Dumping data for table `ow_photo_search_index`
--

INSERT INTO `ow_photo_search_index` (`id`, `entityTypeId`, `entityId`, `content`) VALUES
(1, 2, 1, 'Fish curry'),
(2, 1, 1, 'fish fish');

-- --------------------------------------------------------

--
-- Table structure for table `ow_photo_temporary`
--

CREATE TABLE IF NOT EXISTS `ow_photo_temporary` (
  `id` int(11) NOT NULL AUTO_INCREMENT,
  `userId` int(11) NOT NULL,
  `addDatetime` int(11) NOT NULL,
  `hasFullsize` tinyint(1) NOT NULL DEFAULT '0',
  `order` int(11) NOT NULL DEFAULT '0',
  PRIMARY KEY (`id`),
  KEY `userId` (`userId`)
) ENGINE=MyISAM  DEFAULT CHARSET=utf8 AUTO_INCREMENT=2 ;

--
-- Dumping data for table `ow_photo_temporary`
--

INSERT INTO `ow_photo_temporary` (`id`, `userId`, `addDatetime`, `hasFullsize`, `order`) VALUES
(1, 9, 1430466203, 0, 1);

-- --------------------------------------------------------

--
-- Table structure for table `ow_privacy_action_data`
--

CREATE TABLE IF NOT EXISTS `ow_privacy_action_data` (
  `id` int(11) NOT NULL AUTO_INCREMENT,
  `key` varchar(32) NOT NULL,
  `pluginKey` varchar(255) NOT NULL,
  `userId` int(11) NOT NULL,
  `value` varchar(50) NOT NULL,
  PRIMARY KEY (`id`),
  UNIQUE KEY `userId` (`userId`,`key`),
  KEY `key` (`key`),
  KEY `pluginKey` (`pluginKey`)
) ENGINE=MyISAM DEFAULT CHARSET=utf8 AUTO_INCREMENT=1 ;

-- --------------------------------------------------------

--
-- Table structure for table `ow_privacy_cron`
--

CREATE TABLE IF NOT EXISTS `ow_privacy_cron` (
  `id` int(11) NOT NULL AUTO_INCREMENT,
  `userId` int(11) NOT NULL,
  `action` varchar(32) NOT NULL,
  `value` varchar(50) NOT NULL,
  `inProcess` tinyint(1) NOT NULL DEFAULT '0',
  `timeStamp` int(11) NOT NULL,
  PRIMARY KEY (`id`),
  UNIQUE KEY `userId` (`userId`,`action`,`inProcess`),
  KEY `timeStamp` (`timeStamp`)
) ENGINE=MyISAM DEFAULT CHARSET=utf8 AUTO_INCREMENT=1 ;

-- --------------------------------------------------------

--
-- Table structure for table `ow_shoppro_categories`
--

CREATE TABLE IF NOT EXISTS `ow_shoppro_categories` (
  `id` int(11) NOT NULL AUTO_INCREMENT,
  `id2` int(11) NOT NULL DEFAULT '0',
  `id_cgroup` int(10) NOT NULL DEFAULT '0',
  `id_lang_cat` int(10) DEFAULT NULL,
  `sort` int(5) NOT NULL,
  `active` enum('0','1') COLLATE utf8_bin NOT NULL DEFAULT '1',
  `name` varchar(255) COLLATE utf8_bin NOT NULL,
  PRIMARY KEY (`id`),
  KEY `sort` (`sort`),
  KEY `active` (`active`),
  KEY `id2` (`id2`,`id_lang_cat`),
  KEY `id_cgroup` (`id_cgroup`)
) ENGINE=MyISAM  DEFAULT CHARSET=utf8 COLLATE=utf8_bin AUTO_INCREMENT=26 ;

--
-- Dumping data for table `ow_shoppro_categories`
--

INSERT INTO `ow_shoppro_categories` (`id`, `id2`, `id_cgroup`, `id_lang_cat`, `sort`, `active`, `name`) VALUES
(20, 0, 1, NULL, 0, '1', 'Malay'),
(21, 0, 1, NULL, 0, '1', 'Indonesian'),
(22, 0, 1, NULL, 0, '1', 'Vietnamese'),
(23, 0, 1, NULL, 0, '1', 'Japanese'),
(24, 0, 1, NULL, 0, '1', 'Korean'),
(25, 0, 1, NULL, 0, '1', 'Filipino');

-- --------------------------------------------------------

--
-- Table structure for table `ow_shoppro_categories_description`
--

CREATE TABLE IF NOT EXISTS `ow_shoppro_categories_description` (
  `id_product_cat` bigint(22) NOT NULL,
  `id_lang_cat` int(10) NOT NULL,
  `description_cat` text NOT NULL,
  UNIQUE KEY `id_product_de` (`id_product_cat`,`id_lang_cat`),
  KEY `id_product_de_2` (`id_product_cat`),
  KEY `id_lang_de` (`id_lang_cat`)
) ENGINE=MyISAM DEFAULT CHARSET=utf8;

--
-- Dumping data for table `ow_shoppro_categories_description`
--

INSERT INTO `ow_shoppro_categories_description` (`id_product_cat`, `id_lang_cat`, `description_cat`) VALUES
(20, 1, 'Malay'),
(21, 1, 'Indonesian'),
(22, 1, 'Vietnamese'),
(23, 1, 'Japanese'),
(24, 1, 'Korean'),
(25, 1, 'Filipino');

-- --------------------------------------------------------

--
-- Table structure for table `ow_shoppro_catgroups`
--

CREATE TABLE IF NOT EXISTS `ow_shoppro_catgroups` (
  `idc` int(11) NOT NULL AUTO_INCREMENT,
  `idc2` int(11) NOT NULL DEFAULT '0',
  `id_lang_ccat` int(10) DEFAULT NULL,
  `sortc` int(5) NOT NULL,
  `activec` enum('0','1') COLLATE utf8_bin NOT NULL DEFAULT '1',
  `namec` varchar(255) COLLATE utf8_bin NOT NULL,
  PRIMARY KEY (`idc`),
  KEY `idc2` (`idc2`,`id_lang_ccat`),
  KEY `sortc` (`sortc`),
  KEY `activec` (`activec`)
) ENGINE=MyISAM  DEFAULT CHARSET=utf8 COLLATE=utf8_bin AUTO_INCREMENT=20 ;

--
-- Dumping data for table `ow_shoppro_catgroups`
--

INSERT INTO `ow_shoppro_catgroups` (`idc`, `idc2`, `id_lang_ccat`, `sortc`, `activec`, `namec`) VALUES
(1, 0, NULL, 0, '1', 'Asian');

-- --------------------------------------------------------

--
-- Table structure for table `ow_shoppro_catgroups_description`
--

CREATE TABLE IF NOT EXISTS `ow_shoppro_catgroups_description` (
  `id_product_gr` bigint(22) NOT NULL,
  `id_lang_gr` int(10) NOT NULL,
  `description_gr` text NOT NULL,
  UNIQUE KEY `id_product_de` (`id_product_gr`,`id_lang_gr`),
  KEY `id_product_de_2` (`id_product_gr`),
  KEY `id_lang_de` (`id_lang_gr`)
) ENGINE=MyISAM DEFAULT CHARSET=utf8;

--
-- Dumping data for table `ow_shoppro_catgroups_description`
--

INSERT INTO `ow_shoppro_catgroups_description` (`id_product_gr`, `id_lang_gr`, `description_gr`) VALUES
(1, 1, 'Asian');

-- --------------------------------------------------------

--
-- Table structure for table `ow_shoppro_department`
--

CREATE TABLE IF NOT EXISTS `ow_shoppro_department` (
  `id` int(11) NOT NULL AUTO_INCREMENT,
  `email` varchar(200) NOT NULL,
  PRIMARY KEY (`id`)
) ENGINE=MyISAM DEFAULT CHARSET=latin1 AUTO_INCREMENT=1 ;

-- --------------------------------------------------------

--
-- Table structure for table `ow_shoppro_products`
--

CREATE TABLE IF NOT EXISTS `ow_shoppro_products` (
  `id` int(11) NOT NULL AUTO_INCREMENT,
  `cat_id` int(11) NOT NULL DEFAULT '0',
  `id_owner` int(11) NOT NULL,
  `has_options` enum('0','1') COLLATE utf8_bin NOT NULL DEFAULT '0',
  `has_multilanguage` enum('0','1') COLLATE utf8_bin NOT NULL DEFAULT '0',
  `name` varchar(255) COLLATE utf8_bin NOT NULL,
  `price` decimal(10,2) NOT NULL,
  `curency` varchar(5) COLLATE utf8_bin NOT NULL DEFAULT 'USD',
  `items` int(10) NOT NULL DEFAULT '1',
  `active` enum('-1','0','1') COLLATE utf8_bin NOT NULL DEFAULT '1',
  `type_ads` enum('0','1','2') COLLATE utf8_bin NOT NULL DEFAULT '0',
  `date_add` int(11) NOT NULL,
  `date_modyfing` int(11) NOT NULL,
  `publish_totime` int(10) NOT NULL DEFAULT '360',
  `to_date` int(11) DEFAULT NULL,
  `promotion_date` int(11) DEFAULT NULL,
  `promotion_is_vip` enum('0','1') COLLATE utf8_bin NOT NULL DEFAULT '0',
  `sortt` int(11) NOT NULL DEFAULT '0',
  `file_attach` varchar(128) COLLATE utf8_bin DEFAULT NULL,
  `condition` int(5) NOT NULL DEFAULT '1',
  `classifieds_type` int(5) NOT NULL DEFAULT '1',
  `location` varchar(128) COLLATE utf8_bin DEFAULT NULL,
  `map_lan` varchar(64) COLLATE utf8_bin NOT NULL,
  `map_lat` varchar(64) COLLATE utf8_bin NOT NULL,
  `map_waschecking` enum('0','1') COLLATE utf8_bin NOT NULL DEFAULT '0',
  `description` text COLLATE utf8_bin NOT NULL,
  `seler_account` varchar(64) COLLATE utf8_bin DEFAULT NULL,
  `seler_account_csc` varchar(64) COLLATE utf8_bin DEFAULT NULL,
  `count_downloads` int(11) NOT NULL DEFAULT '0',
  `count_bay` int(11) NOT NULL DEFAULT '0',
  `count_view` bigint(22) NOT NULL DEFAULT '0',
  `sync_unique_id` varchar(128) COLLATE utf8_bin NOT NULL,
  `synd_datamod` int(11) NOT NULL,
  `sync_external_partner` varchar(32) COLLATE utf8_bin NOT NULL,
  `data_add_ads` timestamp NULL DEFAULT CURRENT_TIMESTAMP,
  `data_from_ip` varchar(64) COLLATE utf8_bin DEFAULT NULL,
  PRIMARY KEY (`id`),
  KEY `active` (`active`),
  KEY `name` (`name`),
  KEY `price` (`price`),
  KEY `id_owner` (`id_owner`),
  KEY `promotion_date` (`promotion_date`),
  KEY `promotion_is_vip` (`promotion_is_vip`),
  KEY `sortt` (`sortt`),
  KEY `to_date` (`to_date`),
  KEY `publish_totime` (`publish_totime`),
  KEY `type_ads` (`type_ads`),
  KEY `promotion_date_2` (`promotion_date`),
  KEY `promotion_is_vip_2` (`promotion_is_vip`),
  KEY `sortt_2` (`sortt`),
  KEY `promotion_date_3` (`promotion_date`),
  KEY `promotion_is_vip_3` (`promotion_is_vip`),
  KEY `sortt_3` (`sortt`),
  KEY `promotion_date_4` (`promotion_date`),
  KEY `promotion_is_vip_4` (`promotion_is_vip`),
  KEY `sortt_4` (`sortt`),
  KEY `location` (`location`),
  KEY `classifieds_type` (`classifieds_type`),
  KEY `condition` (`condition`),
  KEY `classifieds_type_2` (`classifieds_type`),
  KEY `condition_2` (`condition`),
  KEY `items` (`items`),
  KEY `date_add` (`date_add`,`date_modyfing`),
  KEY `sync_unique_id` (`sync_unique_id`,`synd_datamod`,`sync_external_partner`),
  KEY `has_options` (`has_options`),
  KEY `has_multilanguage` (`has_multilanguage`),
  KEY `count_view` (`count_view`)
) ENGINE=MyISAM  DEFAULT CHARSET=utf8 COLLATE=utf8_bin AUTO_INCREMENT=302 ;

--
-- Dumping data for table `ow_shoppro_products`
--

INSERT INTO `ow_shoppro_products` (`id`, `cat_id`, `id_owner`, `has_options`, `has_multilanguage`, `name`, `price`, `curency`, `items`, `active`, `type_ads`, `date_add`, `date_modyfing`, `publish_totime`, `to_date`, `promotion_date`, `promotion_is_vip`, `sortt`, `file_attach`, `condition`, `classifieds_type`, `location`, `map_lan`, `map_lat`, `map_waschecking`, `description`, `seler_account`, `seler_account_csc`, `count_downloads`, `count_bay`, `count_view`, `sync_unique_id`, `synd_datamod`, `sync_external_partner`, `data_add_ads`, `data_from_ip`) VALUES
(300, 25, 7, '0', '1', 'Sisling Sisig', '10.00', 'SGD', 0, '1', '1', 1430719459, 1430719459, 14, 1431929059, NULL, '0', 0, NULL, 0, 0, 'Simei', '', '', '0', '', 'deep@gmail.com', NULL, 0, 0, 19, '', 0, '', '2015-05-04 06:04:19', NULL),
(301, 22, 1, '1', '1', 'Dosa', '0.00', 'USD', 10, '1', '1', 1431199363, 1431199363, 360, 1462303363, NULL, '0', 0, NULL, 1, 0, 'Bangalore', '77.6321925', '12.933221', '0', '', 'anoopmail@gmail.com', NULL, 0, 0, 11, '', 0, '', '2015-05-09 19:22:43', NULL);

-- --------------------------------------------------------

--
-- Table structure for table `ow_shoppro_products_description`
--

CREATE TABLE IF NOT EXISTS `ow_shoppro_products_description` (
  `id_product_de` bigint(22) NOT NULL,
  `id_lang_de` int(10) NOT NULL,
  `description_de` text COLLATE utf8_bin NOT NULL,
  UNIQUE KEY `id_product_de` (`id_product_de`,`id_lang_de`),
  KEY `id_product_de_2` (`id_product_de`),
  KEY `id_lang_de` (`id_lang_de`)
) ENGINE=MyISAM DEFAULT CHARSET=utf8 COLLATE=utf8_bin;

--
-- Dumping data for table `ow_shoppro_products_description`
--

INSERT INTO `ow_shoppro_products_description` (`id_product_de`, `id_lang_de`, `description_de`) VALUES
(300, 1, 'The best sisig in town'),
(301, 1, 'Dosa is a fermented crepe made from rice batter and black lentils. It is a staple dish in South Indian states of Tamil Nadu, Karnataka, Telangana, Andhra Pradesh and Kerala. It is also popular in other parts of India, and other countries like Sri Lanka, Mauritius, Nepal, Malaysia and Singapore.');

-- --------------------------------------------------------

--
-- Table structure for table `ow_shoppro_products_options`
--

CREATE TABLE IF NOT EXISTS `ow_shoppro_products_options` (
  `id` bigint(22) NOT NULL AUTO_INCREMENT,
  `id_product` int(11) NOT NULL,
  `id_owner` int(11) NOT NULL,
  `order_prod` int(10) NOT NULL,
  `name` varchar(64) COLLATE utf8_bin NOT NULL,
  `price` decimal(10,2) NOT NULL,
  `currence` varchar(5) COLLATE utf8_bin NOT NULL DEFAULT 'USD',
  `items` int(11) NOT NULL,
  `unlimited` enum('0','1') COLLATE utf8_bin NOT NULL DEFAULT '0',
  `active` enum('0','1') COLLATE utf8_bin NOT NULL DEFAULT '1',
  PRIMARY KEY (`id`),
  KEY `id_owner` (`id_owner`),
  KEY `id_product` (`id_product`),
  KEY `order_prod` (`order_prod`)
) ENGINE=MyISAM  DEFAULT CHARSET=utf8 COLLATE=utf8_bin AUTO_INCREMENT=34 ;

--
-- Dumping data for table `ow_shoppro_products_options`
--

INSERT INTO `ow_shoppro_products_options` (`id`, `id_product`, `id_owner`, `order_prod`, `name`, `price`, `currence`, `items`, `unlimited`, `active`) VALUES
(30, 0, 1, 5, 'Pickup', '29.00', 'SGD', 6, '0', '1'),
(31, 0, 1, 10, 'Home Delivery', '39.00', 'SGD', 4, '0', '1'),
(32, 301, 1, 5, 'Pickup', '29.00', 'SGD', 5, '0', '1'),
(33, 301, 1, 10, 'Home Delivery', '39.00', 'SGD', 2, '0', '1');

-- --------------------------------------------------------

--
-- Table structure for table `ow_shoppro_seller`
--

CREATE TABLE IF NOT EXISTS `ow_shoppro_seller` (
  `is_owner` int(11) NOT NULL,
  `termofuse` text COLLATE utf8_bin,
  UNIQUE KEY `is_owner` (`is_owner`)
) ENGINE=MyISAM DEFAULT CHARSET=utf8 COLLATE=utf8_bin;

-- --------------------------------------------------------

--
-- Table structure for table `ow_slideshow_slide`
--

CREATE TABLE IF NOT EXISTS `ow_slideshow_slide` (
  `id` int(11) NOT NULL AUTO_INCREMENT,
  `widgetId` varchar(255) NOT NULL,
  `label` varchar(255) DEFAULT NULL,
  `url` varchar(255) DEFAULT NULL,
  `order` int(11) DEFAULT '0',
  `width` int(11) NOT NULL DEFAULT '0',
  `height` int(11) NOT NULL DEFAULT '0',
  `ext` varchar(5) DEFAULT NULL,
  `addStamp` int(11) DEFAULT '0',
  `status` enum('active','delete') DEFAULT 'active',
  PRIMARY KEY (`id`),
  KEY `order` (`order`)
) ENGINE=MyISAM DEFAULT CHARSET=utf8 AUTO_INCREMENT=1 ;

-- --------------------------------------------------------

--
-- Table structure for table `ow_video_clip`
--

CREATE TABLE IF NOT EXISTS `ow_video_clip` (
  `id` int(11) NOT NULL AUTO_INCREMENT,
  `userId` int(11) NOT NULL,
  `code` text NOT NULL,
  `title` varchar(128) NOT NULL DEFAULT '',
  `description` text,
  `addDatetime` int(11) NOT NULL DEFAULT '0',
  `provider` varchar(32) NOT NULL DEFAULT '',
  `status` enum('approval','approved','blocked') NOT NULL DEFAULT 'approved',
  `privacy` varchar(50) NOT NULL DEFAULT 'everybody',
  `thumbUrl` varchar(255) DEFAULT NULL,
  `thumbCheckStamp` int(11) DEFAULT NULL,
  PRIMARY KEY (`id`),
  KEY `userId` (`userId`)
) ENGINE=MyISAM DEFAULT CHARSET=utf8 AUTO_INCREMENT=1 ;

-- --------------------------------------------------------

--
-- Table structure for table `ow_video_clip_featured`
--

CREATE TABLE IF NOT EXISTS `ow_video_clip_featured` (
  `id` int(11) NOT NULL AUTO_INCREMENT,
  `clipId` int(11) NOT NULL DEFAULT '0',
  PRIMARY KEY (`id`)
) ENGINE=MyISAM DEFAULT CHARSET=utf8 AUTO_INCREMENT=1 ;

/*!40101 SET CHARACTER_SET_CLIENT=@OLD_CHARACTER_SET_CLIENT */;
/*!40101 SET CHARACTER_SET_RESULTS=@OLD_CHARACTER_SET_RESULTS */;
/*!40101 SET COLLATION_CONNECTION=@OLD_COLLATION_CONNECTION */;
