<?xml version="1.0" encoding="utf-8"?>
<prefix name="shoppro" label="Shop Pro" language_tag="pl-PL" language_label="Polski"><key name="bay_result_canceled"><value>Płatność została anulowana</value></key><key name="bay_result_ipn_corect"><value>Płatność została potwierdzona. Dziękujemy za zakupy.</value></key><key name="bay_result_succesfull"><value>Dziękujemy za zakupy.</value></key><key name="bay_result_succes_noinform"><value>Proszę się skontaktować ze sprzedawcą, ponieważ nie został on poinformowany o transakcji</value></key><key name="cant_sel_product_acount_type"><value>Aktualnie, Twój typ konta nie ma możliwości sprzedaży w sklepie...</value></key><key name="config_global_setting"><value>Ustawienia ogólne</value></key><key name="config_max_cat_title_chars"><value>Maksymalna długość nazwy kategorii</value></key><key name="config_max_product_desc_chars"><value>Długość opisu na liście</value></key><key name="config_max_product_title_chars"><value>Długość tytułu na liście</value></key><key name="config_mem_cam_all_sale"><value>Wszyscy mogą sprzeadwać</value></key><key name="config_mode"><value>Tryb pracy</value></key><key name="config_mode_membercanpromotion_bypoints"><value>Użytkownicy mogą promować za punkty&lt;br/&gt;(wymagany plugin: "user credits")</value></key><key name="config_mode_membercanshell"><value>Użytkownicy mogą sprzedawać?</value></key><key name="config_mode_member_accounttype_cansale"><value>Użytkownicy jakiego typu kont mogą sprzedawać</value></key><key name="config_mode_member_role_cansale"><value>Użytkownicy o tej "roli" mogą sprzedawać</value></key><key name="config_mode_no_memberscanselling"><value>NIE</value></key><key name="config_mode_sellingfiles"><value>Pozwól sprzedawać pliki</value></key><key name="config_mode_userscansellfiles"><value>TAK</value></key><key name="config_mode_userscantsellfiles"><value>NIE</value></key><key name="config_mode_woutsidebar"><value>Template bez "SIDEBAR"</value></key><key name="config_mode_wsidebar"><value>Template z "SIDEBAR"</value></key><key name="config_mode_yes_memberscanselling"><value>TAK</value></key><key name="config_no"><value>NIE</value></key><key name="config_page_on_top_shop"><value>Treść strony informacyjnej (pusta = wyłaczona)</value></key><key name="config_page_on_top_shop_title"><value>Tytuł strony Informacyjnej</value></key><key name="config_pay24_account"><value>Nr. konta platnosci24.pl</value></key><key name="config_pay24_account_crc"><value>Nr. CRC (z panelu)</value></key><key name="config_pay24_currency"><value>Waluta</value></key><key name="config_paypal_account"><value>Konto PayPal (e-mail)</value></key><key name="config_paypal_currency"><value>Waluta</value></key><key name="config_publish_newproduct_onwall"><value>Publikować nowe produkty w sklepie?</value></key><key name="config_publish_newproduct_onwall_infotect"><value>Dodano nowy produkt w sklepie</value></key><key name="config_publish_updateproduct_onwall"><value>Publikować zmiany produktów w sklepie?</value></key><key name="config_publish_updateproduct_onwall_infotect"><value>Zaktualizowano produkt w sklepie</value></key><key name="config_replace_btobr"><value>Zamień N na BR</value></key><key name="config_save"><value>Zapisz</value></key><key name="config_select_payments"><value>Wybierz rodzaj płatności</value></key><key name="config_yes"><value>TAK</value></key><key name="custom_html_widget_menu"><value>Menu</value></key><key name="index_page_heading"><value>Sklep</value></key><key name="index_page_title"><value>Sklep</value></key><key name="main_menu_item"><value>Sklep</value></key><key name="max_product_desc_chars"><value>Długość opisu na liście</value></key><key name="menu_addnew_cat"><value>Dodaj nową kategorię</value></key><key name="menu_delete_cat"><value>Skasuj kategorię</value></key><key name="menu_edit_cat"><value>Edytuj kategorię</value></key><key name="product_baypromotion_for_points"><value>Wpisz ilość punktów za które chcesz kupić promocję</value></key><key name="product_baypromotion_for_points_info"><value>Zasada kupna promocji jest prosta. Działa na zasadzie licytacji. Kto da więcej tego produkt będzie wyżej. &#13;
&lt;br/&gt;&lt;b&gt;UWAGA: Po zapisaniu NIE MA MOŻLIWOŚCI ZMIAN ANI ZWROTÓW PUNKTÓW!&lt;/b&gt;</value></key><key name="product_buy_credits"><value>Kup dodatkowe kredyty</value></key><key name="product_classifieds"><value>To jest Anons.</value></key><key name="product_classifieds_title"><value>W celu finalizacji skontaktuj się z oferentem...</value></key><key name="product_error_noforsale"><value>Not for sale!</value></key><key name="product_loginfirst"><value>Zaloguj się!</value></key><key name="product_order_status"><value>Status</value></key><key name="product_table_actionstore"><value>Akcja</value></key><key name="product_table_active"><value>Aktywna</value></key><key name="product_table_addnewproduct"><value>Dodaj nowy produkt</value></key><key name="product_table_add_type_classified"><value>Tryb ogłoszenia</value></key><key name="product_table_add_type_shop"><value>Tryb sklepu</value></key><key name="product_table_adstype"><value>Tryb sprzedaży</value></key><key name="product_table_adstype_info"><value>Ogłoszenia - bez koszyka&lt;br/&gt;&#13;
Sklep - możliwość kupna online np. PayPal</value></key><key name="product_table_baynow"><value>Kup Teraz</value></key><key name="product_table_category"><value>Kategoria</value></key><key name="product_table_days"><value>Dni</value></key><key name="product_table_delete"><value>Skasuj ten produkt</value></key><key name="product_table_deletefile"><value>Skasuj plik</value></key><key name="product_table_deleteimage"><value>Skasuj zdjęcie</value></key><key name="product_table_description"><value>Opis</value></key><key name="product_table_edit"><value>Edycja produktu</value></key><key name="product_table_filefordownload"><value>Plik do pobrania</value></key><key name="product_table_filefordownload_download"><value>Pobierz plik</value></key><key name="product_table_filefordownload_notexist"><value>Skontaktuj się ze zprzedawcą</value></key><key name="product_table_isfilefordownload"><value>Jest plik do pobrania</value></key><key name="product_table_nofileinthisproduct"><value>Produkt nie zawiera pliku do popbrania</value></key><key name="product_table_noitems"><value>Brak pozycji do wyświetlenia...</value></key><key name="product_table_paynow"><value>Zapłać teraz</value></key><key name="product_table_price"><value>Cena</value></key><key name="product_table_procuctfile"><value>Plik do sprzeadaży</value></key><key name="product_table_procuctimage"><value>Zdjęcie produktu</value></key><key name="product_table_product_free"><value>Za darmo!</value></key><key name="product_table_select"><value>Wybierz</value></key><key name="product_table_seler"><value>Sprzedający</value></key><key name="product_table_selyourproduct"><value>Sprzedaj</value></key><key name="product_table_showbasket"><value>Twoje zamówienia</value></key><key name="product_table_showmyitems"><value>Moja sprzedaż</value></key><key name="product_table_showorder"><value>Lista zamówień</value></key><key name="product_table_sort"><value>Kolejność</value></key><key name="product_table_timepublish"><value>Jak długo publikować ogłoszenie?</value></key><key name="product_table_title"><value>Nazwa</value></key><key name="product_table_unlimited"><value>Bezterminowo</value></key><key name="product_table_username"><value>Kupujący</value></key><key name="product_table_wasdownloaded"><value>Pobrano</value></key><key name="product_was_deleted"><value>Produkt został usuniety!</value></key><key name="product_youhave_points"><value>Masz punktów</value></key><key name="product_not_found"><value>Nie znaleziono produktów...</value></key></prefix>
