<?xml version="1.0" encoding="utf-8"?>
<prefix name="shoppro" label="Shop Pro" language_tag="en" language_label="English"><key name="bay_error_donothavecredits"><value>You do not have Credits for the purchase of the product</value></key><key name="bay_error_notbayselproducts"><value>You can not buy your own products</value></key><key name="bay_error_whilesavingtostore"><value>Unknow error while saving...</value></key><key name="bay_result_canceled"><value>The order was canceled.</value></key><key name="bay_result_ipn_corect"><value>An instant payment notification was successfully recieved. Thank you for your order.</value></key><key name="bay_result_succesfull"><value>Thank you for your order.</value></key><key name="bay_result_succes_noinform"><value>Please contact to Seller, because we could not tell him about the transaction</value></key><key name="bay_succes_bycredits"><value>Purchase completed successfully.&lt;br/&gt;The payment deducted from your account Credit.</value></key><key name="cant_sel_product_acount_type"><value>Currently, Your Account Type is not possible to sell in the store ...</value></key><key name="config_global_setting"><value>Global setting</value></key><key name="config_max_cat_title_chars"><value>Max category length</value></key><key name="config_max_product_desc_chars"><value>Desctiption length on the list</value></key><key name="config_max_product_title_chars"><value>Max chars in title (on the list)</value></key><key name="config_max_showperpage"><value>Maximum items on page</value></key><key name="config_mem_cam_all_sale"><value>All members can sale</value></key><key name="config_mode"><value>Mode working</value></key><key name="config_mode_ads_approval"><value>Ads must be approved</value></key><key name="config_mode_membercanpromotion_bypoints"><value>Members can promotion by points&lt;br/&gt;(requier plugin: "user credits")</value></key><key name="config_mode_membercanseling_bypoints"><value>Members can sale and buy by Credits?&lt;br/&gt;(requier plugin: "user credits")</value></key><key name="config_mode_membercanshell"><value>Members can selling?</value></key><key name="config_mode_membergepointsfrombaing"><value>Add to Members Credit for purchase in the store&lt;br/&gt;(ENTER 0 for DISABLE, requier plugin: "user credits")</value></key><key name="config_mode_membermastpaybyseling"><value>The fee for Issuing in Credits (ENTER 0 for DISABLE) &lt;br/&gt;&#13;
(requier plugin: "user credits")</value></key><key name="config_mode_member_accounttype_cansale"><value>Members with account type can sale</value></key><key name="config_mode_member_role_cansale"><value>Member role can seling</value></key><key name="config_mode_no_memberscanselling"><value>NO</value></key><key name="config_mode_sellingfiles"><value>Allow sel files</value></key><key name="config_mode_userscansellfiles"><value>YES</value></key><key name="config_mode_userscantsellfiles"><value>NO</value></key><key name="config_mode_woutsidebar"><value>Template with out "SIDEBAR"</value></key><key name="config_mode_wsidebar"><value>Template with "SIDEBAR"</value></key><key name="config_mode_yes_memberscanselling"><value>YES</value></key><key name="config_no"><value>NO</value></key><key name="config_page_on_top_shop"><value>Content info page (empty = disable)</value></key><key name="config_page_on_top_shop_title"><value>Title info page</value></key><key name="config_pay24_account"><value>No. account platnosci24.pl</value></key><key name="config_pay24_account_crc"><value>No. CRC (from panel)</value></key><key name="config_pay24_currency"><value>Curency</value></key><key name="config_paypal_account"><value>PayPal account (e-mail)</value></key><key name="config_paypal_currency"><value>Curency</value></key><key name="config_publish_newproduct_onwall"><value>Publish new product on the Wall?</value></key><key name="config_publish_newproduct_onwall_infotect"><value>Added new product in the shop</value></key><key name="config_publish_updateproduct_onwall"><value>Publish update product on the Wall?</value></key><key name="config_publish_updateproduct_onwall_infotect"><value>Update product in the shop</value></key><key name="config_replace_btobr"><value>Convert N to BR</value></key><key name="config_save"><value>Save</value></key><key name="config_select_payments"><value>Select payment method</value></key><key name="config_yes"><value>YES</value></key><key name="custom_html_widget_menu"><value>Menu</value></key><key name="error_forbaingyoumastpaypoints"><value>The cost of seling is</value></key><key name="error_form_enetertitle"><value>Field Title is required - enter a Title</value></key><key name="error_form_enterdescription"><value>Field Description is required - enter a Description</value></key><key name="error_form_requirepayforsale"><value>Exposure in stock requires payment points - check that you approve this request</value></key><key name="error_form_selectcategory"><value>Field Category is required - select a Category</value></key><key name="error_youhavetosmmalcredits"><value>Do you have not enough credit to sell!</value></key><key name="index_page_heading"><value>Shop</value></key><key name="index_page_title"><value>Shop</value></key><key name="main_menu_item"><value>Shop</value></key><key name="max_product_desc_chars"><value>Max desc length (on the list)</value></key><key name="menu_addnew_cat"><value>Add new cat</value></key><key name="menu_delete_cat"><value>Delete cat</value></key><key name="menu_edit_cat"><value>Edit cat</value></key><key name="product_agree_for_dec_credits"><value>Please debit my account point</value></key><key name="product_baypromotion_for_points"><value>Enter the number of points that you want to buy a promotion</value></key><key name="product_baypromotion_for_points_info"><value>The principle is simple purchase promotion. Works on likw auction. Who cares that the product will be higher.&#13;
&lt;br/&gt;&lt;b&gt;NOTE: After saving NO RETURNS OR CHANGE OF POINTS!&lt;/b&gt;</value></key><key name="product_buy_credits"><value>Buy credits</value></key><key name="product_classifieds"><value>This is Calssifieds.</value></key><key name="product_classifieds_title"><value>In order to finalize contact the bidder...</value></key><key name="product_credits"><value>credits</value></key><key name="product_error_noforsale"><value>Not for sale!</value></key><key name="product_info_cost_sale"><value>The cost of anything for sale are</value></key><key name="product_loginfirst"><value>Login first!</value></key><key name="product_not_found"><value>No found products...</value></key><key name="product_order_status"><value>Status</value></key><key name="product_path"><value>Path</value></key><key name="product_require"><value>Require</value></key><key name="product_showfromaallcategory"><value>From All Categories</value></key><key name="product_table_actionstore"><value>Action</value></key><key name="product_table_active"><value>Active</value></key><key name="product_table_addnewproduct"><value>Add new product</value></key><key name="product_table_add_type_classified"><value>Classifieds mode</value></key><key name="product_table_add_type_paybaycredits"><value>Payment via Credits</value></key><key name="product_table_add_type_shop"><value>Shop mode</value></key><key name="product_table_adstype"><value>Sale Mode</value></key><key name="product_table_adstype_info"><value>Classifieds - without cart &lt;br/&gt;&#13;
Payment via Credits - Pament using Credits from this website&lt;br/&gt;&#13;
Shop - the opportunity to buy online (such as PayPal)</value></key><key name="product_table_approvedlist"><value>Pending Approval</value></key><key name="product_table_baynow"><value>Buy Now!</value></key><key name="product_table_bayusingcredits"><value>Pay Your Credits</value></key><key name="product_table_bayusingcreditspay"><value>Pay</value></key><key name="product_table_category"><value>Category</value></key><key name="product_table_confirm_paycredit"><value>Confirm that you want to pay the Credit from your account.\n\nDo you charge your account for</value></key><key name="product_table_contacttoseler"><value>Contact to Seller</value></key><key name="product_table_days"><value>Days</value></key><key name="product_table_del"><value>Delete</value></key><key name="product_table_delete"><value>Delete this product</value></key><key name="product_table_deleted"><value>Deleted</value></key><key name="product_table_deletefile"><value>Delete file</value></key><key name="product_table_deleteimage"><value>Delete image</value></key><key name="product_table_description"><value>Description</value></key><key name="product_table_disapprov"><value>Disapproved</value></key><key name="product_table_doapprov"><value>Approved</value></key><key name="product_table_edit"><value>Edit this product</value></key><key name="product_table_filefordownload"><value>File for download</value></key><key name="product_table_filefordownload_download"><value>Download</value></key><key name="product_table_filefordownload_notexist"><value>Contact the seller</value></key><key name="product_table_isfilefordownload"><value>Exist file for download</value></key><key name="product_table_moderation"><value>Moderation</value></key><key name="product_table_next"><value>Next</value></key><key name="product_table_nofileinthisproduct"><value>The product does not contain a file to download</value></key><key name="product_table_noitems"><value>No items to display...</value></key><key name="product_table_paynow"><value>Pay Now</value></key><key name="product_table_prev"><value>Preview</value></key><key name="product_table_price"><value>Price</value></key><key name="product_table_procuctfile"><value>File for sale</value></key><key name="product_table_procuctimage"><value>Product image</value></key><key name="product_table_product_free"><value>Free</value></key><key name="product_table_select"><value>Select</value></key><key name="product_table_seler"><value>Seler</value></key><key name="product_table_selyourproduct"><value>Sel product</value></key><key name="product_table_showbasket"><value>Your Basket</value></key><key name="product_table_showmyitems"><value>My items</value></key><key name="product_table_showorder"><value>List orders</value></key><key name="product_table_sort"><value>Sort</value></key><key name="product_table_timepublish"><value>How much time you publish it</value></key><key name="product_table_title"><value>Title</value></key><key name="product_table_unlimited"><value>Indefinitely</value></key><key name="product_table_username"><value>Bayer</value></key><key name="product_table_wasdownloaded"><value>Downloaded</value></key><key name="product_was_deleted"><value>Product was deleted!</value></key><key name="product_youhave_credits"><value>Your Credits</value></key><key name="product_youhave_points"><value>Your points</value></key></prefix>
