<?xml version="1.0" encoding="utf-8"?>
<prefix name="shoppro" label="Shop Pro" language_tag="pl-PL" language_label="Polski"><key name="auth_action_label_classifieds"><value>Może dodawać ogłoszenia</value></key><key name="auth_action_label_shop"><value>Może dodawać produkty</value></key><key name="auth_group_label"><value>Shop Pro</value></key><key name="bay_change_order_status"><value>Zmieniono status zakupów...</value></key><key name="bay_error_donothavecredits"><value>Nie masz Kredytów na zakup produktu</value></key><key name="bay_error_item_wassaled"><value>Wyprzedany</value></key><key name="bay_error_notbayselproducts"><value>Nie możesz kupić własnych produktów</value></key><key name="bay_error_whilesavingtostore"><value>Nieznany błąd podczas zapisu...</value></key><key name="bay_result_canceled"><value>Płatność została anulowana</value></key><key name="bay_result_ipn_corect"><value>Płatność została potwierdzona. Dziękujemy za zakupy.</value></key><key name="bay_result_succesfull"><value>Dziękujemy za zakupy.</value></key><key name="bay_result_succes_noinform"><value>Proszę się skontaktować ze sprzedawcą, ponieważ nie został on poinformowany o transakcji</value></key><key name="bay_succes"><value>Transakcja przebiegła pomyślnie</value></key><key name="bay_succes_bycredits"><value>Zakup zakończony pomyślnie.&lt;br/&gt;W ramach zapłaty odjęto Kredyty z Twojego konta.</value></key><key name="cant_sel_product_acount_type"><value>Aktualnie, Twój typ konta nie ma możliwości sprzedaży w sklepie...</value></key><key name="cat_active"><value>Aktywny</value></key><key name="cat_cat"><value>KatID</value></key><key name="cat_cid"><value>CID</value></key><key name="cat_delete"><value>Skasuj</value></key><key name="cat_fsubcat"><value>Pod Grupa</value></key><key name="cat_group"><value>ID Grupy</value></key><key name="cat_id"><value>ID</value></key><key name="cat_order"><value>Sort</value></key><key name="cat_title"><value>Nazwa Kategorii</value></key><key name="change_status_error"><value>Nieznany błąd podczas zmiany statusu</value></key><key name="change_status_succesfull"><value>Zmieniono status pomyślnie</value></key><key name="change_status_to"><value>Zmień status na</value></key><key name="close_popup"><value>[ZAMKNIJ]</value></key><key name="config_add_account_types"><value>Dodaj nowy typ konta</value></key><key name="config_global_setting"><value>Ustawienia ogólne</value></key><key name="config_items"><value>Ile sztuk wystawiasz?</value></key><key name="config_max_cat_title_chars"><value>Maksymalna długość nazwy kategorii</value></key><key name="config_max_inwidget"><value>Max pozycji w  Widget</value></key><key name="config_max_product_desc_chars"><value>Długość opisu na liście</value></key><key name="config_max_product_title_chars"><value>Długość tytułu na liście</value></key><key name="config_max_showperpage"><value>Ile pozycji pokazywać na stronie</value></key><key name="config_mem_cam_all_sale"><value>Wszyscy mogą sprzeadwać</value></key><key name="config_mode"><value>Tryb pracy</value></key><key name="config_mode_ads_approval"><value>Anonse muszą być zatwierdzane</value></key><key name="config_mode_inform_seler_for_baing"><value>Informuj sprzedającego o zakupie</value></key><key name="config_mode_inform_seler_for_baingbyemil"><value>Informuj (na email) sprzedawcę o kupnie</value></key><key name="config_mode_inwidget"><value>W jakiej formie pokazywać pozycje w Widget</value></key><key name="config_mode_membercanpromotion_bypoints"><value>Użytkownicy mogą promować za punkty&lt;br/&gt;(wymagany plugin: "user credits")</value></key><key name="config_mode_membercanseling_bypoints"><value>Można sprzedawać i kupować za punkty?&lt;br/&gt;(wymaga pluginu: "User Credits")</value></key><key name="config_mode_membercanshell"><value>Użytkownicy mogą sprzedawać?</value></key><key name="config_mode_membergepointsfrombaing"><value>Dodaj Kredyty dla Użytkownika za zakup w sklepie&lt;br/&gt;(Wpisz: 0 aby wyłączyć, Wymaga pluginu: "user credits")</value></key><key name="config_mode_membermastpaybyseling"><value>Opłata za wystawienie - w puntach  (WPISZ 0 aby wyłaczyć)&lt;br/&gt;&#13;
(wymagany plugin: "User Credits")</value></key><key name="config_mode_member_accounttype_cansale"><value>Użytkownicy jakiego typu kont mogą sprzedawać</value></key><key name="config_mode_member_role_cansale"><value>Użytkownicy o tej "roli" mogą sprzedawać</value></key><key name="config_mode_no_memberscanselling"><value>NIE</value></key><key name="config_mode_sellingfiles"><value>Pozwól sprzedawać pliki</value></key><key name="config_mode_userscansellfiles"><value>TAK</value></key><key name="config_mode_userscantsellfiles"><value>NIE</value></key><key name="config_mode_woutsidebar"><value>Theme bez "SIDEBAR"</value></key><key name="config_mode_wsidebar"><value>Theme z "SIDEBAR"</value></key><key name="config_mode_yes_memberscanselling"><value>TAK</value></key><key name="config_no"><value>NIE</value></key><key name="config_page_on_top_shop"><value>Treść strony informacyjnej (pusta = wyłaczona)</value></key><key name="config_page_on_top_shop_title"><value>Tytuł strony Informacyjnej</value></key><key name="config_pay24_account"><value>Nr. konta platnosci24.pl</value></key><key name="config_pay24_account_crc"><value>Nr. CRC (z panelu)</value></key><key name="config_pay24_currency"><value>Waluta</value></key><key name="config_paypal_account"><value>Konto PayPal (e-mail)</value></key><key name="config_paypal_currency"><value>Waluta</value></key><key name="config_przelewy24_account"><value>Podaj swój numer Klienta z przelewy24.pl</value></key><key name="config_publish_newproduct_onwall"><value>Publikować nowe produkty w sklepie?</value></key><key name="config_publish_newproduct_onwall_infotect"><value>Dodano nowy produkt w sklepie</value></key><key name="config_publish_updateproduct_onwall"><value>Publikować zmiany produktów w sklepie?</value></key><key name="config_publish_updateproduct_onwall_infotect"><value>Zaktualizowano produkt w sklepie</value></key><key name="config_replace_btobr"><value>Zamień N na BR</value></key><key name="config_save"><value>Zapisz</value></key><key name="config_select_payments"><value>Wybierz rodzaj płatności</value></key><key name="config_setuprole_permision"><value>Uprawnienia Ról Użytkowników</value></key><key name="config_shopmode_all"><value>Sklep + Ogłoszenia</value></key><key name="config_shopmode_classifieds"><value>Ogłoszenia tylko</value></key><key name="config_shopmode_shop"><value>Sklep tylko</value></key><key name="config_shop_mode"><value>Tryb pracy sklepu</value></key><key name="config_shop_modetheme"><value>Jaki typ Theme posiadasz?</value></key><key name="config_show_grid"><value>OBRAZKI</value></key><key name="config_show_list"><value>LISTA</value></key><key name="config_webtopay_account"><value>Podaj swój "sign password" do serwisu WebToPay.com</value></key><key name="config_webtopay_account_crc"><value>Płatności mogą być dokonywane tylko za pomocą WebToPay.com</value></key><key name="config_yes"><value>TAK</value></key><key name="confirm_buyaction"><value>Potwierdź zakup</value></key><key name="credits_restore_to_mmber"><value>Zwróć lub przekaż</value></key><key name="custom_html_widget_menu"><value>Menu</value></key><key name="edit_categorys_groups"><value>Kategorie/Grupy</value></key><key name="error"><value>Nieznany błąd...</value></key><key name="error_forbaingyoumastpaypoints"><value>Koszt wystawienia to</value></key><key name="error_form_enetertitle"><value>Pole Nazwa jest wymagane - podaj Nazwę</value></key><key name="error_form_enterdescription"><value>Pole Opis jest wymagane - wpisz Opis</value></key><key name="error_form_enter_email_seler"><value>Podaj adres e-mail sprzedawcy</value></key><key name="error_form_requirepayforsale"><value>Wystawienie w sklepie wymaga płatności punktami - zaznacz że wyrażasz na to zgodę</value></key><key name="error_form_selectcategory"><value>Pole Kategoria jest wymagane - wybierz Kategorię</value></key><key name="error_form_select_classifieds_type"><value>Wybierz typ ogłoszenie</value></key><key name="error_notenought_credits"><value>Nie masz wystarczającej ilości Kredytów aby Zwrócić/Przekazać w ilości jaką podałeś</value></key><key name="error_payment"><value>Nieznany błąd podczas płatności...</value></key><key name="error_payment_detect"><value>Błąd: Nie rozpoznano formy płatności</value></key><key name="error_youhavetosmmalcredits"><value>Masz za mało kredytów aby sprzedawać!</value></key><key name="goback"><value>Wstecz</value></key><key name="group_active"><value>Aktywny</value></key><key name="group_delete"><value>Skasuj</value></key><key name="group_gid"><value>GID</value></key><key name="group_id"><value>IDGrupy</value></key><key name="group_order"><value>Sort</value></key><key name="group_title"><value>Nazwa Grupy</value></key><key name="im_readed_and_agree_termofuse"><value>Przeczytałem i zgadzam się z regulaminem</value></key><key name="index_page_heading"><value>Sklep</value></key><key name="index_page_title"><value>Sklep</value></key><key name="info_editcategory"><value>&lt;b&gt;INFO:&lt;/b&gt;&lt;br/&gt;&#13;
&lt;ul&gt;&#13;
&lt;li&gt;*Abu dodać podkategorię do kategorii &lt;b&gt;CID&lt;/b&gt; najpierw oczytaj numer &lt;b&gt;CID&lt;/b&gt; kategorii do której chcesz dodać podkategorię a następnie w polu &lt;b&gt;"Pod.Kat"&lt;/b&gt; wpisz ten numer&lt;/li&gt;&#13;
&lt;li&gt;*Nazwa Kategorii nie może być pusta&lt;/li&gt;&#13;
&lt;li&gt;*Nazwa Grupy nie może być pusta&lt;/li&gt;&lt;li&gt;*Zawsze po dokonaniu zmian kliknij "Zapisz", aby zapisać zmiany&lt;/li&gt;&#13;
&lt;li&gt;*Aby przenieść Kategorię do innej Grupy, najpierw odczytaj &lt;b&gt;GID&lt;/b&gt; Grupy do której chcesz przenieść kategorię a następnie w kolumnie Kategorii "ID Grupa" wpisz odczytany numr GID&lt;/li&gt;&#13;
&lt;/ul&gt;</value></key><key name="last_cost_incredits"><value>Ostatnia Cena (w Kredytach)</value></key><key name="main_menu_item"><value>Sklep</value></key><key name="map"><value>Mapa</value></key><key name="map_lan"><value>Długość</value></key><key name="map_lat"><value>Szerokość</value></key><key name="max_product_desc_chars"><value>Długość opisu na liście</value></key><key name="member_was_buy_item"><value>&lt;a href="{$producturl}"&gt;Kupił produkt&lt;/a&gt;</value></key><key name="member_was_buy_item_url"><value>&lt;a href="{$producturl}"&gt;Kupił produkt&lt;/a&gt;</value></key><key name="menu_addnew_cat"><value>Dodaj Kategorię</value></key><key name="menu_colbut_color_from_to"><value>Menu "Klawisze Grup" cieniowanie od/do</value></key><key name="menu_colbut_color_hover"><value>Menu Kolor tła po najechaniu myszką "Hover"</value></key><key name="menu_colbut_color_open"><value>Menu Kolor tła kiedy "Otwarte"</value></key><key name="menu_colbut_color_shadow"><value>Menu Kolor tła tekstu na klawiszu</value></key><key name="menu_colbut_color_text"><value>Menu Kolor tekstu na klawiszu</value></key><key name="menu_delete_cat"><value>Skasuj kategorię</value></key><key name="menu_edit_cat"><value>Edytuj kategorię</value></key><key name="notfoundseleraccount"><value>Nie znaleziono konta sprzedającego ...</value></key><key name="notification_string"><value>&lt;a href="{$actorUrl}"&gt;{$actor}&lt;/a&gt; kupił(a) produkt: &lt;a href="{$url}"&gt;"{$title}"&lt;/a&gt;</value></key><key name="notification_string_update"><value>&lt;a href="{$actorUrl}"&gt;{$actor}&lt;/a&gt; zaktualizował(a) produkt: &lt;a href="{$url}"&gt;"{$title}"&lt;/a&gt;</value></key><key name="notyfy_sel_message"><value>Witaj {$username},&#13;
&#13;
Właśnie ktoś doonał zakupu od Ciebie w sklepie {$sitename}. Wejdź na stronę: {$siteurl} i dowiedz się więcej...&#13;
&#13;
NIe odpowiadaj na tego e-miala.</value></key><key name="notyfy_sel_subject"><value>Właśnie ktoś dokonał zakupu od Ciebie</value></key><key name="op_currency"><value></value></key><key name="op_currencyx"><value>Wal</value></key><key name="op_info_options"><value>Do produktu możesz dodać do 10 opcji. Opcje to np. kolor, rozmiar, ilość w opakowaniu, itp. Każda opcja ma swoją cenę, walutę, ilość w magazynie (lub bez limitu - zaznacz pltaszkiem)</value></key><key name="op_inlimited"><value>infini</value></key><key name="op_inlimitedx"><value>∞</value></key><key name="op_items"><value>Ilość</value></key><key name="op_lp"><value>Lp.</value></key><key name="op_name"><value>Nazwa</value></key><key name="op_price"><value>Cena</value></key><key name="payment_accepted"><value>Płatność zaakceptowana</value></key><key name="payment_accepted_additional_payment_information"><value>Płatność nie zaakceptowana!</value></key><key name="payment_accepted_but_not_committed"><value>Płatność zaakceptowana ale nie potwierdzona</value></key><key name="payment_accepted_not_committed"><value>Płatność zaakceptowana ale nie potwierdzona</value></key><key name="payment_accepted_was_successful"><value>Płatność zaakceptowana</value></key><key name="payment_canceled"><value>Anulowano płatność</value></key><key name="price_one"><value>Jedna cena</value></key><key name="price_options"><value>Cena z opcją</value></key><key name="product_accepted"><value>Zaakceptuj płatność za ten produkt</value></key><key name="product_agree_for_dec_credits"><value>Proszę obciążyć moje konto punktowe</value></key><key name="product_available"><value>Oferuję</value></key><key name="product_baypromotion_for_points"><value>Wpisz ilość punktów za które chcesz kupić promocję</value></key><key name="product_baypromotion_for_points_info"><value>Zasada kupna promocji jest prosta. Działa na zasadzie licytacji. Kto da więcej tego produkt będzie wyżej. &#13;
&lt;br/&gt;&lt;b&gt;UWAGA: Po zapisaniu NIE MA MOŻLIWOŚCI ZMIAN ANI ZWROTÓW PUNKTÓW!&lt;/b&gt;</value></key><key name="product_buy_credits"><value>Kup dodatkowe kredyty</value></key><key name="product_classifieds"><value>To jest Anons</value></key><key name="product_classifiedss"><value>Skontaktuj się</value></key><key name="product_classifieds_title"><value>W celu finalizacji skontaktuj się z oferentem...</value></key><key name="product_condition"><value>Stan przedmiotu</value></key><key name="product_condition_na"><value>Bez znaczenia</value></key><key name="product_condition_new"><value>Nowy</value></key><key name="product_condition_used"><value>Używany</value></key><key name="product_confirm_baynow"><value>Kup teraz</value></key><key name="product_confirm_buy_action_description"><value>Po kliknięciu opcji "Kup teraz" zostaniesz przekierowany do strony z płatnościami.&#13;
&#13;
Klikając przycisk "Kup teraz" potwierdzasz zakup i oraz to że przeczytałeś regulamin sklepu i zgadzasz się z jego treścią.</value></key><key name="product_confirm_buy_action_description_mail"><value>Potwierdź, że jesteś zainteresowany zakupem. Potwierdź, że chcesz przejść do strony z formularzem kontaktowym i wysłać wiadomość do sprzedawcy?</value></key><key name="product_confirm_buy_action_information"><value>Potwierdzam chęć zakupu:</value></key><key name="product_confirm_buy_action_information_mail"><value>Skontaktuj się</value></key><key name="product_confirm_cancel"><value>Anuluj</value></key><key name="product_credits"><value>kredytów</value></key><key name="product_curent_status"><value>Aktualny status produku</value></key><key name="product_error_noforsale"><value>Nie na sprzedaż!</value></key><key name="product_filter_status"><value>Filtr statusu</value></key><key name="product_info_cost_sale"><value>Aktualny koszt wystawienia do sprzedaży</value></key><key name="product_location"><value>Lokalizacja</value></key><key name="product_loginfirst"><value>Zaloguj się!</value></key><key name="product_map_location"><value>Pozycja na mapie</value></key><key name="product_notaccepted"><value>Anuluj płatność na ten produkt</value></key><key name="product_not_found"><value>Nie znaleziono produktów...</value></key><key name="product_not_found_orwaitingforaprove"><value>Produkt został już sprzedany lub produkt oczekuje na Akceprację</value></key><key name="product_order_status"><value>Status</value></key><key name="product_path"><value>Ścieżka</value></key><key name="product_require"><value>Wymagane</value></key><key name="product_save_new_status"><value>Zapisz nowy status</value></key><key name="product_select_type_classifieds"><value>Wybierz typ ogłoszenia</value></key><key name="product_showfromaallcategory"><value>Wszystkie</value></key><key name="product_showfromallcategory"><value>Wszystkie</value></key><key name="product_show_all"><value>Wszystkie</value></key><key name="product_status_delivered"><value>DOSTARCZONY</value></key><key name="product_status_error"><value>BŁĄD</value></key><key name="product_status_init"><value>ZAINICIOWANY</value></key><key name="product_status_prepared"><value>PRZYGOTOWANY</value></key><key name="product_status_processing"><value>W TRAKCIE</value></key><key name="product_status_verified"><value>SPRAWDZONY</value></key><key name="product_table_actionstore"><value>Akcja</value></key><key name="product_table_active"><value>Aktywna</value></key><key name="product_table_addnewproduct"><value>Dodaj nowy produkt</value></key><key name="product_table_add_type_classified"><value>Tryb ogłoszenia</value></key><key name="product_table_add_type_paybaycredits"><value>Płatność za pomocą Kredytów</value></key><key name="product_table_add_type_shop"><value>Tryb sklepu</value></key><key name="product_table_adstype"><value>Tryb sprzedaży</value></key><key name="product_table_adstype_info"><value>Ogłoszenia - bez koszyka&lt;br/&gt;&#13;
Sklep - możliwość kupna online np. PayPal</value></key><key name="product_table_approvedlist"><value>Do zatwierdzenia</value></key><key name="product_table_baynow"><value>Kup Teraz</value></key><key name="product_table_bayusingcredits"><value>Zapłać Kredytami</value></key><key name="product_table_bayusingcreditspay"><value>Zapłać</value></key><key name="product_table_category"><value>Kategoria</value></key><key name="product_table_change_status"><value>Zmień status produktu</value></key><key name="product_table_confirm_paycredit"><value>Potwierdź że chcesz zapłacić Kredytami ze swojego konta.\n\nCzy obciążyć twoje konto na</value></key><key name="product_table_contactseler"><value>Skontaktuj się</value></key><key name="product_table_contacttoseler"><value>Skontaktuj się</value></key><key name="product_table_days"><value>Dni</value></key><key name="product_table_del"><value>Skasuj</value></key><key name="product_table_delete"><value>Skasuj ten produkt</value></key><key name="product_table_deleted"><value>Usunięty</value></key><key name="product_table_deletefile"><value>Skasuj plik</value></key><key name="product_table_deleteimage"><value>Skasuj zdjęcie</value></key><key name="product_table_description"><value>Opis</value></key><key name="product_table_disapprov"><value>Wyłącz</value></key><key name="product_table_doapprov"><value>Zatwierdź</value></key><key name="product_table_edit"><value>Edycja produktu</value></key><key name="product_table_filefordownload"><value>Plik do pobrania</value></key><key name="product_table_filefordownload_download"><value>Pobierz plik</value></key><key name="product_table_filefordownload_notexist"><value>Skontaktuj się ze zprzedawcą</value></key><key name="product_table_isfilefordownload"><value>Jest plik do pobrania</value></key><key name="product_table_moderation"><value>Moderacja</value></key><key name="product_table_next"><value>Dalej</value></key><key name="product_table_nofileinthisproduct"><value>Produkt nie zawiera pliku do popbrania</value></key><key name="product_table_noitems"><value>Brak pozycji do wyświetlenia...</value></key><key name="product_table_paynow"><value>Zapłać teraz</value></key><key name="product_table_prev"><value>Wstecz</value></key><key name="product_table_price"><value>Cena</value></key><key name="product_table_procuctfile"><value>Plik do sprzeadaży</value></key><key name="product_table_procuctimage"><value>Zdjęcie produktu</value></key><key name="product_table_product_free"><value>Za darmo!</value></key><key name="product_table_select"><value>Wybierz</value></key><key name="product_table_select_new_status"><value>Wybierz nowy status produktu</value></key><key name="product_table_seler"><value>Sprzedający</value></key><key name="product_table_selyourproduct"><value>Sprzedaj</value></key><key name="product_table_showbasket"><value>Twoje zamówienia</value></key><key name="product_table_showmyitems"><value>Moja sprzedaż</value></key><key name="product_table_showorder"><value>Lista zamówień</value></key><key name="product_table_sort"><value>Kolejność</value></key><key name="product_table_timepublish"><value>Jak długo publikować ogłoszenie?</value></key><key name="product_table_title"><value>Nazwa</value></key><key name="product_table_unlimited"><value>Bezterminowo</value></key><key name="product_table_username"><value>Kupujący</value></key><key name="product_table_wasdownloaded"><value>Pobrano</value></key><key name="product_type_classifieds"><value>Typ ogłoszenia</value></key><key name="product_wanted"><value>Poszukuję</value></key><key name="product_was_deleted"><value>Produkt został usuniety!</value></key><key name="product_youhave_credits"><value>Twoje kredyty</value></key><key name="product_youhave_points"><value>Masz punktów</value></key><key name="qestion_anuluj_payment"><value>Odznaczyć płatność jako Anulowana?</value></key><key name="question_aprove_payment"><value>Odznaczyć płatność jako Zaakceptowana?</value></key><key name="return_credit_succesfull"><value>Pomyślnie Zwrócono.Dao Kredyty!</value></key><key name="save"><value>Save</value></key><key name="saved_succesfull"><value>Saved succesfull</value></key><key name="seller_setting"><value>Ustawienia</value></key><key name="show_location"><value>Lokalozacja</value></key><key name="termofuse"><value>Regulamin sklepu</value></key><key name="tothismember"><value>dla tego Użytkownika</value></key>
<key name="send_post"><value>Wyślij</value></key>
<key name="post_reply"><value>Dodaj/Odpowiedz na komentrza</value></key>
<key name="your_rate"><value>Twoja ocena</value></key>
<key name="total_rate"><value>Ocena ogólna</value></key>
<key name="comments"><value>Coments</value></key>
<key name="turnon_comentsandrate_ex"><value>Włącz ekspwrymentalna opcję (Komentarze i Ocena)</value></key>
<key name="turnon_comentsandrate"><value>Włącz opcję: Komentarze i Ocena</value></key>
<key name="wasupdaterate"><value>&lt;a href="{$producturl}"&gt;Zmieniono ocenę produktu&lt;/a&gt;</value></key>
<key name="wasrated"><value>&lt;a href="{$producturl}"&gt;Oceniono produkt&lt;/a&gt;</value></key>
<key name="productwascommented"><value>&lt;a href="{$producturl}"&gt;Skomentowano produkt&lt;/a&gt;</value></key>
<key name="hint_bad"><value>Źle</value></key>
<key name="poor"><value>Słabo</value></key>
<key name="hint_regular"><value>Średnio</value></key>
<key name="hint_good"><value>Dobrze</value></key>
<key name="hint_gorgeous"><value>Bardzo dobrze</value></key>
<key name="product_table_showbasket_mypursages"><value>Kupione</value></key>
<key name="config_paypal_currency_default"><value>Domyślna waluta płatności</value></key>
<key name="recently_added"><value>Ostatnie</value></key>
<key name="shop_slider"><value>Ostatnio dodane</value></key>
<key name="more"><value>Więcej</value></key>
<key name="product_table_contactseler_claimnow"><value>Skontaktuj się</value></key>
<key name="auth_action_label_addshopproduct"><value>Sprzedawać produkty</value></key>
<key name="auth_action_label_addclassifieds"><value>Dodawać ogłoszenia</value></key>
<key name="hide_seller_avatar_onthelist"><value>Ukryj Avatara sprzedawcy na liście produktów</value></key>
<key name="hide_product_small_details"><value>Ukryj młe szczegóły na liście produktów</value></key>
<key name="hide_seller_small_icon"><value>Jeśli są ukryte młe szczegóły, to ukryj małą ikonkę sprzedawcy na liście produktów</value></key>
<key name="hide_more_button_onproductlist"><value>Ukryj klawisz WIĘCEJ na liście produktów</value></key>
<key name="empty_add_category"><value>ERR: Dodaj kategorię!!</value></key>
<key name="try_hide_empty_category"><value>Jeśli to możliwe, ukryj puste kategorie</value></key>
<key name="selling_file_allowinmodeonly"><value>Sprzedaż plikó możliwa jest tylko w tyrbie: Sklepu lub Płatności kredytami</value></key>
<key name="you_can_not_changeineditmode"><value>NIe możesz zmienić podczas edycji...</value></key>
<key name="short_qty"><value>szt.</value></key>
<key name="show_quty_inproduct"><value>Pokaż ilości przy produktach</value></key>
<key name="search_by_buyer"><value>Znajdź kupującego</value></key>
<key name="count_view"><value>Wyświetleń</value></key>
<key name="count_downloads"><value>Pobrań</value></key>
<key name="only_for_owner"><value>Tylko dla włąściciela</value></key>
<key name="turn_on_ciew_couter"><value>Pokaż licznik podglądu produktu.</value></key>
<key name="subject_ask_product"><value>Zapytanie o produkt</value></key>
<key name="send_message"><value>Wyślij wiadomość</value></key>
<key name="default_message"><value>Cześć, chciałbym zapytać o produkt</value></key>
<key name="mesage_was_send"><value>Wiadomosć wysłana</value></key>
<key name="you_must_first_login"><value>Proszę się zalogoać</value></key>

<key name="comments_require_aproved"><value>Wymagaj zatwierdzania komentarzy</value></key>
<key name="comments_only_for_admin"><value>Pokaż komentarze tylko dla Admini
stratora?</value></key>
<key name="corect_exif"><value>Próbuj skorygować oriętacje zdjęci (ExIF)</value></key>
<key name="corect_exif_info"><value>Jak masz problem z wczytywanie zdjęć, to wyłącz tą opcję, lub sprawdź czy twój serwer obsługuje: ImageMgic oraz GD2 library.</value></key>

<key name="send_question"><value>Zapytaj</value></key>
<key name="ask_seller"><value>Zapytak sprzedawcę</value></key>
<key name="message_title"><value>Temat</value></key>
<key name="message_content"><value>Wiadomość</value></key>
<key name="message_was_send"><value>Wiadomość wysłano pomyślnie</value></key>
<key name="messge_was_not_send"><value>Wiadomość nie została wysłana!</value></key>
<key name="show_askbutton"><value>Pokaż klawisz zapytania przy produktach</value></key>
<key name="hide_timeout_product"><value>Ukryj produkty których czas miną</value></key>
<key name="product_table_product_free_ads"><value>Ogłoszenie</value></key>

<key name="order_defaults"><value>Domyśne sortowanie</value></key>
<key name="order_name_asc"><value>Nazwa: rosnąco</value></key>
<key name="order_name_desc"><value>Nazwa: malejąco</value></key>
<key name="order_data_asc"><value>Data: rosnąco</value></key>
<key name="order_data_desc"><value>Data: malejąco</value></key>
<key name="order_popularity_asc"><value>Popularność: rosnąco</value></key>
<key name="order_popularity_desc"><value>Popularność: malejąco</value></key>

<key name="edit_shop_profile_detail"><value>Edycja profilu sklepowego</value></key>
<key name="shop_addres_setting"><value>Profil sklepowy</value></key>
<key name="edit_shop_profile_detail_back"><value>Nie zapisuj</value></key>
</prefix>
